Date,Symbol,Series,Prev Close,Open,High,Low,Last,Close,VWAP,Volume,Turnover,Trades,Deliverable Volume,%Deliverble
2000-01-03,TISCO,EQ,142.35,148.0,153.2,146.1,152.5,152.45,150.92,2003185,30231643945000.0,,,
2000-01-04,TISCO,EQ,152.45,150.1,153.0,143.05,151.95,150.8,151.03,1555136,23487854555000.0,,,
2000-01-05,TISCO,EQ,150.8,144.6,162.9,144.6,158.0,156.55,156.85,3840284,60233642704999.99,,,
2000-01-06,TISCO,EQ,156.55,158.95,169.1,158.95,169.0,168.25,167.61,2560449,42915295930000.0,,,
2000-01-07,TISCO,EQ,168.25,173.4,179.0,166.3,170.55,171.95,173.89,3641691,63324587285000.0,,,
2000-01-10,TISCO,EQ,171.95,173.95,184.9,173.95,179.0,182.25,180.32,4642054,83706263495000.0,,,
2000-01-11,TISCO,EQ,182.25,179.0,180.0,167.7,167.7,167.7,170.99,1705968,29170586570000.0,,,
2000-01-12,TISCO,EQ,167.7,165.0,172.0,159.15,166.5,165.3,165.39,2337738,38664964255000.0,,,
2000-01-13,TISCO,EQ,165.3,167.9,170.0,156.05,158.7,159.2,163.0,1584803,25831999455000.0,,,
2000-01-14,TISCO,EQ,159.2,161.0,161.9,156.0,159.25,158.7,158.87,1541731,24494183355000.0,,,
2000-01-17,TISCO,EQ,158.7,164.95,171.4,163.1,165.5,166.8,168.19,3326270,55944540045000.01,,,
2000-01-18,TISCO,EQ,166.8,166.9,176.0,163.25,175.0,172.8,169.43,3516827,59585991685000.0,,,
2000-01-19,TISCO,EQ,172.8,177.0,178.0,171.0,171.25,172.85,174.04,2617065,45547525430000.0,,,
2000-01-20,TISCO,EQ,172.85,171.0,179.0,160.7,161.0,163.1,171.22,8257650,141388116435000.0,,,
2000-01-21,TISCO,EQ,163.1,162.7,164.75,159.1,162.0,162.4,162.49,2794941,45415310200000.0,,,
2000-01-24,TISCO,EQ,162.4,163.9,163.9,150.0,150.9,151.15,157.14,2446509,38445557595000.0,,,
2000-01-25,TISCO,EQ,151.15,150.0,154.0,147.0,149.0,148.45,150.45,3030257,45591406095000.0,,,
2000-01-27,TISCO,EQ,148.45,151.4,153.5,147.5,148.2,148.3,150.04,1466342,22000530650000.0,,,
2000-01-28,TISCO,EQ,148.3,148.0,151.0,143.25,144.5,144.5,146.85,1996632,29320429630000.0,,,
2000-01-31,TISCO,EQ,144.5,143.1,144.0,138.6,139.6,139.35,141.67,1269284,17982567165000.0,,,
2000-02-01,TISCO,EQ,139.35,139.1,142.7,138.6,140.6,140.5,141.11,1748130,24668608040000.0,,,
2000-02-02,TISCO,EQ,140.5,143.7,145.25,140.0,141.0,141.05,142.96,1376545,19678806645000.0,,,
2000-02-03,TISCO,EQ,141.05,141.9,146.2,139.55,140.2,140.0,142.58,3275087,46696051175000.0,,,
2000-02-04,TISCO,EQ,140.0,141.9,142.0,139.0,140.4,140.1,140.02,1654411,23164599380000.0,,,
2000-02-07,TISCO,EQ,140.1,140.0,140.85,138.25,138.6,139.0,139.66,929743,12984614260000.0,,,
2000-02-08,TISCO,EQ,139.0,138.5,143.5,138.1,141.25,141.1,141.2,2677365,37803646775000.0,,,
2000-02-09,TISCO,EQ,141.1,145.4,150.25,143.1,143.9,144.4,147.07,2847687,41881436600000.0,,,
2000-02-10,TISCO,EQ,144.4,145.5,145.5,141.1,142.0,141.85,142.59,1093875,15597844575000.0,,,
2000-02-11,TISCO,EQ,141.85,143.8,143.95,139.75,140.5,140.2,141.06,1149793,16219524880000.002,,,
2000-02-14,TISCO,EQ,140.2,139.0,140.5,132.05,133.3,134.65,137.32,1013330,13914786910000.0,,,
2000-02-15,TISCO,EQ,134.65,133.5,137.0,130.25,131.5,131.75,133.83,1818713,24339184375000.0,,,
2000-02-16,TISCO,EQ,131.75,135.8,138.0,134.5,135.0,135.35,136.01,804018,10935233905000.0,,,
2000-02-17,TISCO,EQ,135.35,136.0,137.65,134.1,135.5,135.85,135.84,765613,10400155895000.0,,,
2000-02-18,TISCO,EQ,135.85,135.95,136.5,132.5,133.0,133.2,134.18,648089,8696226165000.001,,,
2000-02-21,TISCO,EQ,133.2,134.0,138.75,132.0,133.05,133.15,135.45,1165796,15791237930000.002,,,
2000-02-22,TISCO,EQ,133.15,134.35,135.25,130.4,131.0,131.25,132.95,1013742,13477847565000.0,,,
2000-02-23,TISCO,EQ,131.25,135.5,136.0,128.0,129.0,128.75,131.9,728400,9607669605000.0,,,
2000-02-24,TISCO,EQ,128.75,131.3,133.2,125.25,128.7,128.9,129.83,785072,10192531555000.0,,,
2000-02-25,TISCO,EQ,128.9,129.1,133.0,127.5,128.6,128.5,130.34,681916,8887753930000.0,,,
2000-02-28,TISCO,EQ,128.5,129.2,131.75,127.1,131.0,130.75,130.35,546385,7122276350000.0,,,
2000-02-29,TISCO,EQ,130.75,133.0,135.85,120.3,120.3,120.55,130.33,1567019,20422427360000.0,,,
2000-03-01,TISCO,EQ,120.55,123.0,126.85,110.95,120.9,115.75,117.52,3469035,40768346475000.0,,,
2000-03-02,TISCO,EQ,115.75,122.0,125.05,113.1,114.2,115.3,120.64,4536084,54723926000000.0,,,
2000-03-03,TISCO,EQ,115.3,112.5,112.5,106.1,107.0,106.45,108.76,1267692,13787883260000.0,,,
2000-03-06,TISCO,EQ,106.45,108.9,112.5,101.25,102.75,102.85,107.75,1462483,15757775844999.998,,,
2000-03-07,TISCO,EQ,102.85,103.4,104.0,96.5,97.0,97.15,99.23,1992209,19769089560000.0,,,
2000-03-08,TISCO,EQ,97.15,99.4,99.4,90.5,91.5,91.15,94.79,1359620,12888202435000.0,,,
2000-03-09,TISCO,EQ,91.15,91.75,97.5,91.0,95.0,96.05,94.2,1396024,13150198990000.0,,,
2000-03-10,TISCO,EQ,96.05,96.0,97.0,90.6,92.4,91.9,92.64,834661,7732008440000.001,,,
2000-03-13,TISCO,EQ,91.9,93.3,94.9,89.1,90.5,90.35,92.69,1024407,9494973930000.0,,,
2000-03-14,TISCO,EQ,90.35,91.9,97.6,89.25,97.6,97.6,94.37,1340192,12647032630000.0,,,
2000-03-15,TISCO,EQ,97.6,104.95,105.45,101.0,105.45,105.45,104.5,1457390,15229405369999.998,,,
2000-03-16,TISCO,EQ,105.45,108.0,111.9,100.55,109.0,109.05,107.17,3260289,34940977264999.996,,,
2000-03-21,TISCO,EQ,109.05,109.75,111.7,103.1,107.3,108.5,108.13,2397599,25925443100000.0,,,
2000-03-22,TISCO,EQ,108.5,108.9,113.4,106.0,109.0,109.55,109.64,1447656,15871931510000.0,,,
2000-03-23,TISCO,EQ,109.55,108.35,110.8,103.3,104.0,104.25,106.17,870011,9237321020000.0,,,
2000-03-24,TISCO,EQ,104.25,105.0,106.6,104.1,106.0,105.85,105.6,686553,7250106415000.001,,,
2000-03-27,TISCO,EQ,105.85,106.9,106.9,103.0,104.65,104.0,104.95,468429,4916301210000.0,,,
2000-03-28,TISCO,EQ,104.0,104.5,107.0,102.0,106.25,106.35,104.84,1220783,12798186335000.0,,,
2000-03-29,TISCO,EQ,106.35,107.1,109.45,103.85,105.0,104.85,106.94,1141017,12202403820000.0,,,
2000-03-30,TISCO,EQ,104.85,104.2,111.5,101.1,108.3,108.55,106.56,2543879,27108768925000.0,,,
2000-03-31,TISCO,EQ,108.55,107.3,116.0,105.25,115.0,115.15,113.04,3660943,41383861810000.0,,,
2000-04-03,TISCO,EQ,115.15,116.75,124.4,116.75,121.75,122.65,122.11,3438532,41987548535000.0,,,
2000-04-04,TISCO,EQ,122.65,121.5,121.5,112.85,115.4,114.15,115.68,3324851,38463490560000.0,,,
2000-04-05,TISCO,EQ,114.15,114.0,119.0,109.2,117.35,118.25,115.09,3400972,39143342310000.0,,,
2000-04-06,TISCO,EQ,118.25,118.9,122.9,112.0,115.25,115.2,115.4,1752811,20226567650000.0,,,
2000-04-07,TISCO,EQ,115.2,115.8,123.9,115.3,122.65,123.25,121.1,4457298,53977097090000.0,,,
2000-04-10,TISCO,EQ,123.25,124.0,125.8,119.05,119.95,120.6,122.82,3288466,40388443855000.0,,,
2000-04-11,TISCO,EQ,120.6,117.5,119.45,115.25,117.3,117.15,117.39,1337181,15697732360000.0,,,
2000-04-12,TISCO,EQ,117.15,118.0,119.65,115.6,116.9,116.7,117.31,812855,9535683905000.0,,,
2000-04-13,TISCO,EQ,116.7,115.1,115.1,110.3,113.1,112.2,112.66,1706328,19223398585000.0,,,
2000-04-17,TISCO,EQ,112.2,110.0,121.0,104.1,114.3,114.4,114.88,5607896,64425568625000.0,,,
2000-04-18,TISCO,EQ,114.4,114.95,119.0,114.0,117.0,116.0,116.51,1592616,18555196460000.0,,,
2000-04-19,TISCO,EQ,116.0,119.0,120.5,113.8,116.0,115.95,117.46,2368988,27827314980000.0,,,
2000-04-20,TISCO,EQ,115.95,116.0,117.0,112.25,116.25,116.1,114.45,1231875,14099348135000.0,,,
2000-04-24,TISCO,EQ,116.1,116.5,117.5,110.6,111.0,111.95,114.39,1362670,15587112655000.002,,,
2000-04-25,TISCO,EQ,111.95,110.1,111.0,106.5,109.15,109.2,108.45,2110199,22885609345000.0,,,
2000-04-26,TISCO,EQ,109.2,112.4,116.15,110.3,115.0,115.5,114.18,2157205,24630395025000.0,,,
2000-04-27,TISCO,EQ,115.5,115.0,115.0,110.0,111.7,111.35,112.77,1035056,11672115520000.0,,,
2000-04-28,TISCO,EQ,111.35,112.5,114.5,107.5,108.0,108.1,109.75,894858,9820931370000.0,,,
2000-05-02,TISCO,EQ,108.1,108.1,109.0,101.25,102.8,102.0,104.03,1331445,13851574515000.0,,,
2000-05-03,TISCO,EQ,102.0,103.0,104.0,98.0,103.45,103.05,101.85,701492,7144879459999.999,,,
2000-05-04,TISCO,EQ,103.05,103.95,108.0,102.5,105.0,105.4,105.54,640752,6762450540000.001,,,
2000-05-05,TISCO,EQ,105.4,105.05,108.95,103.85,107.0,107.15,106.81,1085074,11589693245000.0,,,
2000-05-08,TISCO,EQ,107.15,107.5,111.0,105.35,105.75,106.2,108.42,856821,9289977900000.0,,,
2000-05-09,TISCO,EQ,106.2,105.1,106.2,102.15,105.8,104.6,104.43,744158,7771320520000.0,,,
2000-05-10,TISCO,EQ,104.6,107.25,107.25,103.75,104.05,104.2,105.12,337284,3545399790000.0,,,
2000-05-11,TISCO,EQ,104.2,102.1,104.4,102.0,102.45,102.65,103.08,225306,2322345270000.0,,,
2000-05-12,TISCO,EQ,102.65,103.45,103.95,99.0,100.0,100.25,101.74,464532,4725923305000.0,,,
2000-05-15,TISCO,EQ,100.25,98.5,102.25,98.0,101.65,101.9,100.83,443450,4471313525000.0,,,
2000-05-16,TISCO,EQ,101.9,101.5,103.5,101.5,102.25,102.2,102.27,515789,5274836495000.0,,,
2000-05-17,TISCO,EQ,102.2,103.9,108.3,103.9,105.4,105.1,106.46,1419590,15112410200000.0,,,
2000-05-18,TISCO,EQ,105.1,106.55,115.5,106.55,112.0,111.45,111.78,3738719,41791657475000.0,,,
2000-05-19,TISCO,EQ,111.45,112.5,115.5,111.1,114.25,113.5,113.86,1688159,19221307685000.0,,,
2000-05-22,TISCO,EQ,113.5,113.0,119.75,111.9,114.4,114.4,116.91,2805646,32799635655000.0,,,
2000-05-23,TISCO,EQ,114.4,114.2,116.5,112.55,116.45,115.45,114.18,1314005,15003336555000.002,,,
2000-05-24,TISCO,EQ,115.45,114.75,120.95,113.5,119.0,118.25,118.22,3245820,38372638005000.0,,,
2000-05-25,TISCO,EQ,118.25,118.0,120.75,113.15,114.5,114.45,116.84,2814591,32886262225000.0,,,
2000-05-26,TISCO,EQ,114.45,114.1,116.4,112.55,114.25,113.9,114.06,1944298,22176724085000.0,,,
2000-05-29,TISCO,EQ,113.9,114.9,118.9,113.85,115.5,116.0,116.64,2108787,24596563170000.0,,,
2000-05-30,TISCO,EQ,116.0,116.0,117.9,115.0,116.5,116.55,116.46,1936132,22548562075000.0,,,
2000-05-31,TISCO,EQ,116.55,119.25,124.9,117.1,121.5,122.2,121.89,5233474,63791698745000.01,,,
2000-06-01,TISCO,EQ,122.2,124.0,124.7,118.65,119.25,119.25,121.98,2287485,27902023650000.0,,,
2000-06-02,TISCO,EQ,119.25,119.9,133.6,119.9,133.6,133.6,128.85,7480980,96391726085000.0,,,
2000-06-05,TISCO,EQ,133.6,135.0,141.5,128.5,130.5,130.3,134.92,4498334,60690575015000.0,,,
2000-06-06,TISCO,EQ,130.3,131.0,135.9,129.1,134.35,133.95,133.22,2121520,28262626145000.0,,,
2000-06-07,TISCO,EQ,133.95,135.5,135.95,130.0,130.4,130.6,133.17,1517800,20212139750000.0,,,
2000-06-08,TISCO,EQ,130.6,131.0,134.0,130.5,133.0,133.15,132.46,1626902,21550424985000.0,,,
2000-06-09,TISCO,EQ,133.15,133.0,137.8,132.0,132.35,132.65,134.47,2983399,40118942285000.0,,,
2000-06-12,TISCO,EQ,132.65,133.75,134.3,128.5,129.2,129.15,131.23,1790456,23496461955000.0,,,
2000-06-13,TISCO,EQ,129.15,128.6,129.0,123.65,127.1,125.75,125.65,3303496,41508695345000.0,,,
2000-06-14,TISCO,EQ,125.75,129.5,132.0,127.55,128.45,128.3,129.73,2178363,28259452839999.996,,,
2000-06-15,TISCO,EQ,128.3,128.5,128.7,126.5,127.0,127.15,127.38,638241,8129602455000.0,,,
2000-06-16,TISCO,EQ,127.15,128.45,131.45,126.75,130.25,130.35,129.28,2013827,26033869770000.0,,,
2000-06-19,TISCO,EQ,130.35,131.0,131.0,128.0,128.75,128.95,129.49,993893,12870288045000.0,,,
2000-06-20,TISCO,EQ,128.95,129.05,130.0,126.5,127.5,127.35,127.42,927373,11816236385000.0,,,
2000-06-21,TISCO,EQ,127.35,128.35,128.35,123.1,123.1,123.45,125.23,844267,10572791400000.0,,,
2000-06-22,TISCO,EQ,123.45,123.85,125.95,120.65,125.0,124.75,123.25,1173265,14460474660000.0,,,
2000-06-23,TISCO,EQ,124.75,124.95,127.5,122.8,123.55,123.35,124.91,1274714,15923070205000.002,,,
2000-06-26,TISCO,EQ,123.35,124.0,124.0,121.05,121.75,121.8,122.34,600593,7347608225000.0,,,
2000-06-27,TISCO,EQ,121.8,122.5,124.4,120.45,120.85,120.95,122.15,1489781,18197219090000.0,,,
2000-06-28,TISCO,EQ,120.95,121.0,122.4,120.2,121.8,121.95,121.73,377792,4598950240000.0,,,
2000-06-29,TISCO,EQ,121.95,122.35,123.5,121.0,121.05,121.35,122.5,606964,7435176190000.001,,,
2000-06-30,TISCO,EQ,121.35,120.55,122.8,117.9,119.0,118.45,120.25,901077,10835299275000.0,,,
2000-07-03,TISCO,EQ,118.45,119.9,128.9,119.0,126.45,126.4,125.33,3160737,39613849350000.0,,,
2000-07-04,TISCO,EQ,126.4,127.0,130.3,126.5,128.0,128.3,128.34,1664116,21356789650000.0,,,
2000-07-05,TISCO,EQ,128.3,128.9,130.75,126.5,128.0,127.15,128.45,1348685,17323436465000.0,,,
2000-07-06,TISCO,EQ,127.15,128.25,129.2,124.0,127.75,127.9,128.02,938540,12015523195000.0,,,
2000-07-07,TISCO,EQ,127.9,129.45,136.7,129.0,136.25,134.95,133.35,4564240,60865931629999.99,,,
2000-07-10,TISCO,EQ,134.95,135.0,136.9,133.1,134.2,134.25,135.03,2388637,32252605485000.004,,,
2000-07-11,TISCO,EQ,134.25,133.7,140.85,132.6,139.05,139.15,137.32,3785074,51976543865000.0,,,
2000-07-12,TISCO,EQ,139.15,144.45,144.7,139.1,142.5,140.6,142.16,4374409,62188461795000.01,,,
2000-07-13,TISCO,EQ,140.6,142.5,144.45,138.95,140.0,140.8,142.0,3031696,43050746425000.0,,,
2000-07-14,TISCO,EQ,140.8,141.0,142.4,137.3,138.25,138.05,139.5,1823066,25432565090000.0,,,
2000-07-17,TISCO,EQ,138.05,138.6,145.0,138.6,142.75,143.95,142.02,3857563,54786840825000.0,,,
2000-07-18,TISCO,EQ,143.95,144.2,145.7,139.5,140.55,140.4,142.54,2763503,39392129800000.0,,,
2000-07-19,TISCO,EQ,140.4,141.45,142.0,133.5,134.5,134.7,137.19,2531696,34732741075000.0,,,
2000-07-20,TISCO,EQ,134.7,136.75,141.95,135.0,136.5,136.15,138.59,5369089,74412592215000.0,,,
2000-07-21,TISCO,EQ,136.15,136.9,137.95,124.6,125.35,125.8,128.31,5058672,64909933004999.99,,,
2000-07-24,TISCO,EQ,125.8,121.2,122.6,115.75,115.8,116.5,119.06,1997742,23786043445000.0,,,
2000-07-25,TISCO,EQ,116.5,115.1,121.95,110.0,120.5,120.0,118.1,2907837,34342397839999.996,,,
2000-07-26,TISCO,EQ,120.0,122.0,123.0,115.75,116.15,116.45,119.51,1783350,21312608610000.0,,,
2000-07-27,TISCO,EQ,116.45,115.9,118.5,114.85,117.8,117.85,116.65,1697342,19800224690000.0,,,
2000-07-28,TISCO,EQ,117.85,116.6,122.0,116.4,117.95,118.2,119.37,2165600,25850598820000.0,,,
2000-07-31,TISCO,EQ,118.2,119.0,119.45,116.55,118.35,117.95,118.19,884774,10457553770000.0,,,
2000-08-01,TISCO,EQ,117.95,118.4,120.9,117.5,117.8,118.05,119.07,1865758,22215045000000.0,,,
2000-08-02,TISCO,EQ,118.05,119.4,119.8,116.8,117.75,117.9,118.06,1539774,18178545280000.0,,,
2000-08-03,TISCO,EQ,117.9,118.0,118.4,113.35,114.95,114.95,115.66,2017226,23331474535000.0,,,
2000-08-04,TISCO,EQ,114.95,115.25,117.0,113.0,113.75,113.75,115.03,1455741,16745050544999.998,,,
2000-08-07,TISCO,EQ,113.75,113.9,114.2,106.6,108.55,108.15,109.86,1613367,17725053115000.0,,,
2000-08-08,TISCO,EQ,108.15,108.9,112.7,107.15,110.1,109.9,110.0,1787938,19666937545000.0,,,
2000-08-09,TISCO,EQ,109.9,111.45,113.75,110.8,112.25,112.1,112.46,678144,7626608430000.0,,,
2000-08-10,TISCO,EQ,112.1,112.0,112.8,109.75,109.9,110.15,111.17,662031,7359650175000.0,,,
2000-08-11,TISCO,EQ,110.15,110.2,111.0,105.7,107.5,107.2,107.64,1286679,13850048675000.0,,,
2000-08-14,TISCO,EQ,107.2,108.0,108.0,104.0,105.4,105.65,105.68,1723279,18211310530000.0,,,
2000-08-16,TISCO,EQ,105.65,107.35,109.4,106.0,107.25,107.65,107.76,1339950,14439230794999.998,,,
2000-08-17,TISCO,EQ,107.65,107.75,109.7,106.65,107.25,107.05,107.91,1403837,15148955715000.0,,,
2000-08-18,TISCO,EQ,107.05,107.9,107.9,105.55,106.45,106.5,106.48,807645,8599576675000.0,,,
2000-08-21,TISCO,EQ,106.5,107.0,108.8,106.35,107.5,107.55,107.61,899289,9677583665000.0,,,
2000-08-22,TISCO,EQ,107.55,108.05,112.45,107.05,112.0,111.5,109.94,1875037,20614353785000.0,,,
2000-08-23,TISCO,EQ,111.5,113.0,114.8,111.5,112.05,112.4,113.25,1616521,18306472570000.0,,,
2000-08-24,TISCO,EQ,112.4,112.4,112.4,109.1,110.5,110.4,110.37,819703,9046959540000.0,,,
2000-08-25,TISCO,EQ,110.4,109.6,111.45,109.3,109.75,110.15,110.33,765462,8445584065000.001,,,
2000-08-28,TISCO,EQ,110.15,110.5,111.9,110.05,110.5,110.7,111.01,894272,9927156545000.0,,,
2000-08-29,TISCO,EQ,110.7,110.4,111.35,109.55,109.6,109.8,110.17,879963,9694898525000.0,,,
2000-08-30,TISCO,EQ,109.8,110.8,111.4,109.8,110.25,110.15,110.44,542392,5990093940000.0,,,
2000-08-31,TISCO,EQ,110.15,110.0,110.45,108.5,109.15,109.0,109.32,475460,5197854770000.0,,,
2000-09-04,TISCO,EQ,109.0,109.75,112.4,109.5,111.25,110.9,111.06,965440,10722113320000.0,,,
2000-09-05,TISCO,EQ,110.9,111.45,112.5,110.65,111.35,111.25,111.59,802116,8950580790000.0,,,
2000-09-06,TISCO,EQ,111.25,111.6,114.4,111.0,113.05,113.05,112.98,1789000,20212988410000.0,,,
2000-09-07,TISCO,EQ,113.05,113.5,115.45,112.75,113.3,113.1,114.14,1250554,14274186610000.0,,,
2000-09-08,TISCO,EQ,113.1,113.0,113.2,111.3,111.65,111.55,112.36,585012,6572926090000.0,,,
2000-09-11,TISCO,EQ,111.55,112.5,113.85,110.5,110.8,111.1,112.06,683625,7660852084999.999,,,
2000-09-12,TISCO,EQ,111.1,110.9,111.0,108.65,108.8,109.2,109.71,1024981,11244592915000.0,,,
2000-09-13,TISCO,EQ,109.2,109.25,109.8,107.8,108.0,107.95,108.64,449327,4881629600000.0,,,
2000-09-14,TISCO,EQ,107.95,107.6,108.65,106.1,106.65,106.55,107.06,376326,4028991940000.0,,,
2000-09-15,TISCO,EQ,106.55,107.7,107.9,104.25,104.85,104.95,105.78,584705,6184880825000.0,,,
2000-09-18,TISCO,EQ,104.95,103.0,103.9,101.0,101.7,101.7,102.66,438515,4501757675000.0,,,
2000-09-19,TISCO,EQ,101.7,101.0,102.5,97.1,97.75,97.5,99.47,1220188,12137128205000.0,,,
2000-09-20,TISCO,EQ,97.5,98.8,101.0,97.35,99.6,99.35,99.12,1203563,11929380260000.0,,,
2000-09-21,TISCO,EQ,99.35,100.75,102.0,99.0,99.9,99.95,100.6,670951,6749565834999.999,,,
2000-09-22,TISCO,EQ,99.95,99.3,99.3,95.0,95.25,95.55,96.76,796989,7711435750000.0,,,
2000-09-25,TISCO,EQ,95.55,97.25,101.9,95.3,96.9,96.15,96.69,562320,5436928540000.0,,,
2000-09-26,TISCO,EQ,96.15,97.7,97.7,94.85,95.9,95.7,95.54,862813,8243613134999.999,,,
2000-09-27,TISCO,EQ,95.7,96.0,96.5,94.3,95.7,95.6,95.61,332511,3179244040000.0,,,
2000-09-28,TISCO,EQ,95.6,95.5,96.5,94.25,94.3,94.45,95.14,362281,3446667590000.0,,,
2000-09-29,TISCO,EQ,94.45,95.25,95.5,93.75,94.2,94.3,94.52,348591,3294896785000.0,,,
2000-10-03,TISCO,EQ,94.3,93.55,96.85,93.5,95.65,95.65,95.41,753747,7191855400000.0,,,
2000-10-04,TISCO,EQ,95.65,96.0,100.4,95.0,98.35,98.35,98.78,985792,9737562840000.0,,,
2000-10-05,TISCO,EQ,98.35,98.6,100.3,97.0,97.1,97.25,98.65,489057,4824773750000.0,,,
2000-10-06,TISCO,EQ,97.25,96.3,97.95,96.15,96.9,96.85,96.93,272734,2643560760000.0,,,
2000-10-09,TISCO,EQ,96.85,96.1,97.0,95.6,96.0,95.95,96.15,207378,1993965260000.0002,,,
2000-10-10,TISCO,EQ,95.95,95.25,97.0,91.75,92.45,92.25,93.38,758818,7086185834999.999,,,
2000-10-11,TISCO,EQ,92.25,91.25,92.4,87.5,88.5,88.05,90.0,734616,6611555115000.0,,,
2000-10-12,TISCO,EQ,88.05,87.1,88.9,86.5,87.3,87.05,87.47,591263,5171962975000.0,,,
2000-10-13,TISCO,EQ,87.05,86.0,92.2,85.05,87.3,89.75,88.8,1694229,15044949840000.0,,,
2000-10-16,TISCO,EQ,89.75,91.7,94.0,88.15,89.0,89.5,91.41,1073434,9811942055000.0,,,
2000-10-17,TISCO,EQ,89.5,88.25,91.15,87.0,88.0,88.4,89.0,877167,7806500580000.0,,,
2000-10-18,TISCO,EQ,88.4,89.0,91.0,88.25,90.8,90.3,89.81,830252,7456558515000.001,,,
2000-10-19,TISCO,EQ,90.3,91.4,99.35,91.05,98.1,97.1,94.6,2823482,26710112955000.0,,,
2000-10-20,TISCO,EQ,97.1,99.75,104.9,99.5,101.8,102.3,102.29,3252523,33269750505000.0,,,
2000-10-23,TISCO,EQ,102.3,101.1,102.4,95.85,96.1,96.25,98.75,1296542,12803818785000.0,,,
2000-10-24,TISCO,EQ,96.25,95.95,97.5,94.8,95.4,95.55,96.06,931134,8944661955000.0,,,
2000-10-25,TISCO,EQ,95.55,96.0,99.5,95.55,97.95,98.1,97.89,1738395,17016367985000.0,,,
2000-10-26,TISCO,EQ,98.1,98.0,100.5,97.75,100.2,99.8,99.37,781269,7763551220000.0,,,
2000-10-27,TISCO,EQ,99.8,100.0,102.0,98.8,99.35,99.35,100.13,674662,6755172050000.0,,,
2000-10-30,TISCO,EQ,99.35,99.25,99.25,95.25,95.9,95.75,97.06,623396,6050378985000.0,,,
2000-10-31,TISCO,EQ,95.75,95.75,97.1,95.15,96.8,96.6,96.3,770931,7424337880000.0,,,
2000-11-01,TISCO,EQ,96.6,98.25,100.3,96.75,99.25,99.7,99.03,1719847,17031367935000.0,,,
2000-11-02,TISCO,EQ,99.7,99.9,104.45,99.9,104.4,103.45,102.7,3000537,30814844314999.996,,,
2000-11-03,TISCO,EQ,103.45,104.8,107.5,103.75,105.7,105.65,105.71,3121865,33000834380000.0,,,
2000-11-06,TISCO,EQ,105.65,106.7,107.85,105.05,105.6,105.55,106.41,2238869,23823683405000.0,,,
2000-11-07,TISCO,EQ,105.55,104.7,106.8,104.0,105.5,105.35,105.62,1622755,17139864225000.0,,,
2000-11-08,TISCO,EQ,105.35,105.35,108.85,105.0,106.75,106.6,107.42,2332618,25056562460000.0,,,
2000-11-09,TISCO,EQ,106.6,106.0,106.95,105.0,105.75,105.85,105.93,858220,9091243680000.0,,,
2000-11-10,TISCO,EQ,105.85,105.9,106.15,101.5,101.65,101.85,103.42,1259693,13027146510000.0,,,
2000-11-13,TISCO,EQ,101.85,100.4,104.9,98.55,103.8,103.8,102.49,1555397,15941506835000.0,,,
2000-11-14,TISCO,EQ,103.8,104.4,108.7,103.85,108.7,107.9,106.74,1982667,21163686230000.0,,,
2000-11-15,TISCO,EQ,107.9,109.8,111.9,107.75,108.5,108.5,109.79,2899902,31839040025000.0,,,
2000-11-16,TISCO,EQ,108.5,109.65,111.35,106.65,106.85,107.1,109.15,2079895,22701022675000.0,,,
2000-11-17,TISCO,EQ,107.1,106.55,108.75,105.6,107.75,107.95,107.68,929156,10005383005000.0,,,
2000-11-20,TISCO,EQ,107.95,108.1,109.5,107.35,108.85,108.8,108.8,1042115,11338006480000.0,,,
2000-11-21,TISCO,EQ,108.8,107.6,111.0,107.6,109.05,109.05,109.67,2039145,22363140865000.0,,,
2000-11-22,TISCO,EQ,109.05,110.25,113.1,109.4,110.8,110.9,111.67,3551341,39659130050000.0,,,
2000-11-23,TISCO,EQ,110.9,110.15,112.6,109.2,111.55,111.6,111.72,1907299,21309232715000.0,,,
2000-11-24,TISCO,EQ,111.6,112.3,116.35,112.1,116.0,115.9,114.79,4785944,54938964679999.99,,,
2000-11-27,TISCO,EQ,115.9,116.9,120.45,116.2,120.1,119.8,118.58,4247437,50365642970000.0,,,
2000-11-28,TISCO,EQ,119.8,120.0,122.7,119.3,121.05,121.15,121.17,3021507,36611232265000.0,,,
2000-11-29,TISCO,EQ,121.15,120.5,122.8,116.9,119.0,118.85,119.69,3553657,42533954500000.0,,,
2000-11-30,TISCO,EQ,118.85,119.45,124.9,118.0,122.6,123.1,122.88,6511873,80019524230000.0,,,
2000-12-01,TISCO,EQ,123.1,122.25,125.7,121.3,122.8,122.55,123.84,4793414,59361311265000.0,,,
2000-12-04,TISCO,EQ,122.55,123.8,126.9,123.1,125.5,125.05,125.31,3703806,46412292545000.0,,,
2000-12-05,TISCO,EQ,125.05,125.8,128.25,125.8,127.2,126.95,127.08,2661143,33818207330000.0,,,
2000-12-06,TISCO,EQ,126.95,129.0,129.45,125.0,126.1,126.0,126.48,4062729,51384889325000.0,,,
2000-12-07,TISCO,EQ,126.0,125.0,129.8,125.0,129.25,129.55,128.56,5270627,67759534990000.0,,,
2000-12-08,TISCO,EQ,129.55,129.7,132.9,129.5,131.0,130.8,131.24,4754871,62401343100000.0,,,
2000-12-11,TISCO,EQ,130.8,131.45,132.4,127.9,128.8,128.7,129.49,2433050,31506648539999.996,,,
2000-12-12,TISCO,EQ,128.7,128.9,128.9,125.6,126.8,126.45,126.68,2296697,29095080639999.996,,,
2000-12-13,TISCO,EQ,126.45,127.45,129.0,126.15,127.9,128.05,127.92,2608013,33361336460000.004,,,
2000-12-14,TISCO,EQ,128.05,127.5,130.85,127.0,127.55,127.45,129.1,2547132,32883991625000.0,,,
2000-12-15,TISCO,EQ,127.45,126.55,127.9,122.55,122.95,123.15,124.73,2428971,30296524764999.996,,,
2000-12-18,TISCO,EQ,123.15,117.5,124.9,117.5,124.25,123.95,122.67,1551471,19031130430000.0,,,
2000-12-19,TISCO,EQ,123.95,124.7,129.2,124.7,127.0,126.75,127.3,3635236,46275712390000.0,,,
2000-12-20,TISCO,EQ,126.75,126.05,127.3,124.15,125.35,125.6,125.97,1126210,14186994875000.0,,,
2000-12-21,TISCO,EQ,125.6,124.5,126.75,122.55,124.65,125.05,124.85,1167089,14571410050000.0,,,
2000-12-22,TISCO,EQ,125.05,125.9,128.0,121.25,121.6,122.0,124.81,1767214,22056894870000.0,,,
2000-12-26,TISCO,EQ,122.0,122.5,124.6,120.05,120.9,120.55,121.68,1354237,16478229710000.0,,,
2000-12-27,TISCO,EQ,120.55,121.0,123.9,119.0,122.3,122.0,122.04,1137342,13879587835000.0,,,
2000-12-28,TISCO,EQ,122.0,122.45,124.9,122.45,124.2,123.7,123.83,916487,11349030755000.0,,,
2000-12-29,TISCO,EQ,123.7,124.4,130.7,124.3,129.85,130.1,128.57,3891806,50037942055000.0,,,
2001-01-01,TISCO,EQ,130.1,130.7,134.9,130.0,132.3,132.15,133.06,2913398,38767065220000.0,,,
2001-01-02,TISCO,EQ,132.15,132.5,135.2,132.1,135.0,134.6,134.05,2452988,32881078030000.0,,,
2001-01-03,TISCO,EQ,134.6,135.5,138.2,133.6,135.8,136.05,136.49,4024574,54930117750000.0,,,
2001-01-04,TISCO,EQ,136.05,137.9,138.9,132.9,133.8,134.5,135.84,4074096,55340738454999.99,,,
2001-01-05,TISCO,EQ,134.5,135.45,136.4,132.3,132.9,133.05,133.99,2416667,32381081695000.0,,,
2001-01-08,TISCO,EQ,133.05,132.1,133.75,128.2,128.85,129.0,130.86,2372630,31048691125000.0,,,
2001-01-09,TISCO,EQ,129.0,128.35,130.25,126.55,127.3,127.0,127.94,2166962,27724552595000.0,,,
2001-01-10,TISCO,EQ,127.0,127.9,130.9,126.1,126.75,127.0,128.94,2580982,33278088635000.004,,,
2001-01-11,TISCO,EQ,127.0,128.0,128.25,126.0,126.75,126.8,127.18,1291247,16421646075000.0,,,
2001-01-12,TISCO,EQ,126.8,127.5,130.15,125.05,128.25,127.95,128.47,2550854,32771618435000.004,,,
2001-01-15,TISCO,EQ,127.95,128.8,133.4,128.35,132.9,132.55,130.67,3683347,48129857910000.0,,,
2001-01-16,TISCO,EQ,132.55,133.45,133.9,130.8,131.5,131.5,132.2,2411151,31874218120000.0,,,
2001-01-17,TISCO,EQ,131.5,130.0,131.25,123.75,125.3,124.65,127.45,3965384,50537628240000.0,,,
2001-01-18,TISCO,EQ,124.65,125.85,128.5,123.4,127.8,127.7,125.95,3337740,42040322770000.0,,,
2001-01-19,TISCO,EQ,127.7,128.1,129.7,126.6,127.7,127.3,128.01,2541044,32526832239999.996,,,
2001-01-22,TISCO,EQ,127.3,128.0,130.4,127.3,130.0,129.5,129.07,2337658,30172861245000.0,,,
2001-01-23,TISCO,EQ,129.5,130.8,132.95,130.3,130.95,130.75,131.59,2753657,36236326205000.0,,,
2001-01-24,TISCO,EQ,130.75,132.5,133.2,130.1,132.2,132.15,132.02,3127371,41287852545000.0,,,
2001-01-25,TISCO,EQ,132.15,131.05,132.8,129.35,130.75,130.5,130.83,1949395,25504158925000.0,,,
2001-01-29,TISCO,EQ,130.5,130.05,130.8,124.1,127.8,128.25,128.38,1574203,20209612920000.0,,,
2001-01-30,TISCO,EQ,128.25,128.0,135.9,128.0,135.5,135.3,132.81,3756900,49894632655000.0,,,
2001-01-31,TISCO,EQ,135.3,136.0,140.6,135.1,137.15,137.35,138.27,6658750,92069616210000.0,,,
2001-02-01,TISCO,EQ,137.35,136.1,139.35,133.0,135.6,136.85,136.22,4456405,60705691295000.01,,,
2001-02-02,TISCO,EQ,136.85,136.1,143.25,136.0,142.95,142.6,141.27,6182384,87338499270000.0,,,
2001-02-05,TISCO,EQ,142.6,143.4,151.25,142.55,148.75,149.05,148.16,8533067,126422926134999.98,,,
2001-02-06,TISCO,EQ,149.05,149.65,153.85,147.3,153.5,152.65,151.22,7339863,110996992925000.0,,,
2001-02-07,TISCO,EQ,152.65,153.6,153.6,148.9,151.3,151.8,151.51,4512674,68373156040000.0,,,
2001-02-08,TISCO,EQ,151.8,152.2,159.5,152.1,159.5,158.65,156.71,8145011,127638615325000.0,,,
2001-02-09,TISCO,EQ,158.65,159.85,164.55,159.85,163.0,162.85,162.82,6606430,107568562650000.0,,,
2001-02-12,TISCO,EQ,162.85,162.9,163.5,156.65,158.25,157.8,159.56,4093420,65316493910000.0,,,
2001-02-13,TISCO,EQ,157.8,158.0,161.65,155.55,157.75,158.3,158.27,4810829,76139488755000.0,,,
2001-02-14,TISCO,EQ,158.3,158.0,160.9,155.5,159.0,158.65,157.97,4426165,69921684920000.01,,,
2001-02-15,TISCO,EQ,158.65,159.9,161.0,157.55,158.0,158.55,159.51,3366957,53705224335000.0,,,
2001-02-16,TISCO,EQ,158.55,158.5,159.0,153.1,154.0,153.5,155.95,2925574,45624791470000.0,,,
2001-02-19,TISCO,EQ,153.5,154.45,159.0,153.1,154.7,155.25,155.89,2948027,45955852985000.0,,,
2001-02-20,TISCO,EQ,155.25,155.7,158.95,155.7,157.25,156.8,157.4,3886086,61166952735000.0,,,
2001-02-21,TISCO,EQ,156.8,158.6,161.75,157.6,159.8,159.55,159.92,6479665,103623954265000.0,,,
2001-02-22,TISCO,EQ,159.55,159.0,159.4,154.2,154.9,155.3,156.6,3176235,49741237145000.0,,,
2001-02-23,TISCO,EQ,155.3,157.5,160.25,151.0,152.0,152.0,156.44,6289717,98395318710000.0,,,
2001-02-26,TISCO,EQ,152.0,153.0,156.3,147.55,154.35,154.3,151.69,5822227,88320001800000.0,,,
2001-02-27,TISCO,EQ,154.3,155.75,159.4,151.0,158.25,157.8,155.09,6275722,97332403570000.0,,,
2001-02-28,TISCO,EQ,157.8,158.95,161.45,152.5,154.5,154.5,157.73,5177467,81663563480000.0,,,
2001-03-01,TISCO,EQ,154.5,152.15,166.9,152.15,164.0,163.0,163.02,7702848,125573179484999.98,,,
2001-03-02,TISCO,EQ,163.0,166.0,169.45,155.6,158.0,157.1,162.2,5094940,82638597785000.0,,,
2001-03-05,TISCO,EQ,157.1,158.45,159.9,147.6,149.25,148.85,152.16,4361968,66373729775000.0,,,
2001-03-07,TISCO,EQ,148.85,151.5,154.45,145.15,148.65,149.2,148.45,2003346,29739441970000.0,,,
2001-03-08,TISCO,EQ,149.2,148.1,154.0,147.25,149.8,150.95,150.94,1971857,29763259635000.004,,,
2001-03-09,TISCO,EQ,150.95,149.1,149.1,138.9,142.45,142.0,141.98,1693295,24041477870000.0,,,
2001-03-12,TISCO,EQ,142.0,139.1,146.75,128.6,130.3,131.95,137.75,1925253,26521220830000.0,,,
2001-03-13,TISCO,EQ,131.95,128.65,128.65,110.85,110.85,111.05,116.16,3373562,39187598815000.0,,,
2001-03-14,TISCO,EQ,111.05,109.0,126.5,109.0,124.45,124.45,119.46,2011378,24028581430000.0,,,
2001-03-15,TISCO,EQ,124.45,120.05,134.45,120.05,133.5,132.85,128.6,2153053,27687963575000.0,,,
2001-03-16,TISCO,EQ,132.85,132.05,136.75,120.0,127.0,125.6,130.17,1808086,23535838645000.0,,,
2001-03-19,TISCO,EQ,125.6,121.0,134.8,121.0,133.8,133.3,130.75,1542787,20171823795000.0,,,
2001-03-20,TISCO,EQ,133.3,134.9,138.0,129.8,132.4,131.85,132.65,1150438,15260236915000.0,,,
2001-03-21,TISCO,EQ,131.85,130.3,138.8,130.1,137.0,137.15,135.21,1338783,18102172295000.0,,,
2001-03-22,TISCO,EQ,137.15,137.0,138.5,133.0,135.25,134.7,134.99,947108,12784890920000.0,,,
2001-03-23,TISCO,EQ,134.7,136.0,136.0,128.55,134.05,133.25,133.07,1581849,21049616135000.0,,,
2001-03-26,TISCO,EQ,133.25,131.0,134.8,130.1,133.2,133.35,133.32,594687,7928586890000.001,,,
2001-03-27,TISCO,EQ,133.35,133.4,134.0,129.9,130.0,130.35,131.67,512779,6751999445000.0,,,
2001-03-28,TISCO,EQ,130.35,131.45,133.9,130.55,131.45,131.6,132.23,583394,7714438470000.0,,,
2001-03-29,TISCO,EQ,131.6,131.0,132.35,126.5,127.85,128.05,128.75,882154,11357791840000.0,,,
2001-03-30,TISCO,EQ,128.05,128.25,131.3,121.15,123.45,122.35,125.67,1019208,12807922110000.0,,,
2001-04-02,TISCO,EQ,122.35,121.15,121.15,115.0,115.45,115.75,117.19,780874,9151016745000.0,,,
2001-04-03,TISCO,EQ,115.75,115.5,119.9,115.5,119.7,119.2,118.46,1267959,15019950519999.998,,,
2001-04-04,TISCO,EQ,119.2,119.5,119.9,115.5,119.35,119.2,118.19,806089,9527504695000.0,,,
2001-04-06,TISCO,EQ,119.2,119.95,126.1,119.95,122.1,123.45,123.67,1365694,16889669269999.998,,,
2001-04-09,TISCO,EQ,123.45,122.75,127.9,122.75,126.3,126.65,126.42,735028,9292164550000.0,,,
2001-04-10,TISCO,EQ,126.65,126.95,129.0,123.65,124.5,124.5,126.3,764102,9650718825000.0,,,
2001-04-11,TISCO,EQ,124.5,126.45,126.9,120.75,120.9,122.1,123.66,805490,9960318225000.0,,,
2001-04-12,TISCO,EQ,122.1,120.1,120.1,113.1,115.5,115.0,116.56,1517664,17689981795000.0,,,
2001-04-16,TISCO,EQ,115.0,114.05,122.4,114.05,121.5,120.55,118.51,1130700,13400279830000.0,,,
2001-04-17,TISCO,EQ,120.55,121.1,127.5,120.6,126.5,126.5,124.4,1188459,14784637169999.998,,,
2001-04-18,TISCO,EQ,126.5,128.0,136.6,126.55,132.5,132.35,131.31,1824718,23960308065000.0,,,
2001-04-19,TISCO,EQ,132.35,132.85,141.9,131.85,135.8,138.2,137.27,3027025,41551098040000.0,,,
2001-04-20,TISCO,EQ,138.2,138.9,138.95,131.55,133.5,133.95,135.21,1051193,14213482475000.0,,,
2001-04-23,TISCO,EQ,133.95,134.9,139.4,133.05,134.7,135.4,136.29,951281,12965394470000.0,,,
2001-04-24,TISCO,EQ,135.4,134.0,137.45,133.15,135.5,135.15,135.24,989395,13380561445000.0,,,
2001-04-25,TISCO,EQ,135.15,136.9,147.0,135.5,146.1,146.1,142.06,3374671,47940911215000.0,,,
2001-04-26,TISCO,EQ,146.1,147.0,149.3,138.5,138.85,140.65,145.58,2355061,34285778620000.0,,,
2001-04-27,TISCO,EQ,140.65,138.85,138.85,126.5,130.5,130.35,131.67,2484863,32717661995000.0,,,
2001-04-30,TISCO,EQ,130.35,131.0,135.0,130.1,134.5,134.35,133.63,1017165,13592494594999.998,,,
2001-05-02,TISCO,EQ,134.35,136.4,141.85,135.95,137.2,138.05,139.43,2155567,30054985489999.996,,,
2001-05-03,TISCO,EQ,138.05,137.0,139.0,133.2,133.25,133.8,135.82,1072054,14560955155000.002,,,
2001-05-04,TISCO,EQ,133.8,133.2,139.0,133.0,137.1,136.8,137.14,1770848,24285572305000.0,,,
2001-05-07,TISCO,EQ,136.8,138.45,141.2,136.8,137.4,137.4,139.28,1368843,19064994755000.0,,,
2001-05-08,TISCO,EQ,137.4,137.5,138.7,136.15,136.35,136.55,137.08,966850,13253210990000.0,,,
2001-05-09,TISCO,EQ,136.55,137.5,140.0,135.1,135.15,135.95,138.13,1445992,19973610170000.0,,,
2001-05-10,TISCO,EQ,135.95,135.05,137.0,134.0,135.75,135.65,135.8,661586,8984500575000.0,,,
2001-05-11,TISCO,EQ,135.65,136.0,137.0,132.5,133.15,133.0,134.6,1051939,14158673794999.998,,,
2001-05-14,TISCO,EQ,133.0,132.55,133.5,127.75,129.1,128.4,129.97,1008722,13110412805000.0,,,
2001-05-15,TISCO,EQ,128.4,127.0,128.0,118.6,127.5,126.9,125.79,1506453,18949083840000.0,,,
2001-05-16,TISCO,EQ,126.9,128.25,136.9,128.25,135.1,136.15,133.11,3722084,49545830955000.0,,,
2001-05-17,TISCO,EQ,136.15,136.9,142.5,136.55,139.0,138.6,140.19,3787909,53100971730000.0,,,
2001-05-18,TISCO,EQ,138.6,139.95,143.0,138.1,142.7,141.6,140.85,2725534,38388478285000.0,,,
2001-05-21,TISCO,EQ,141.6,143.7,146.95,143.0,143.65,144.2,144.87,4542525,65808549640000.0,,,
2001-05-22,TISCO,EQ,144.2,143.55,145.8,142.1,144.15,143.9,143.59,2792503,40096851575000.0,,,
2001-05-23,TISCO,EQ,143.9,141.9,142.85,140.1,141.05,141.2,141.55,1645178,23287134085000.0,,,
2001-05-24,TISCO,EQ,141.2,141.95,143.4,140.7,141.4,141.5,142.13,1848320,26270485415000.0,,,
2001-05-25,TISCO,EQ,141.5,141.7,142.85,140.0,140.1,140.3,141.28,1052870,14875109540000.0,,,
2001-05-28,TISCO,EQ,140.3,140.9,145.9,140.9,145.3,144.95,144.11,3253146,46882009635000.0,,,
2001-05-29,TISCO,EQ,144.95,145.8,147.4,144.65,145.4,145.25,146.19,2263637,33091649945000.0,,,
2001-05-30,TISCO,EQ,145.25,145.5,146.9,142.4,142.7,143.3,144.28,2074690,29932970905000.0,,,
2001-05-31,TISCO,EQ,143.3,142.05,143.2,139.5,141.85,141.2,141.07,1956438,27599045550000.0,,,
2001-06-01,TISCO,EQ,141.2,142.5,144.75,140.1,140.7,141.7,142.1,3255053,46253902335000.0,,,
2001-06-04,TISCO,EQ,141.7,142.5,144.25,137.1,137.65,137.45,140.95,3584993,50531712970000.0,,,
2001-06-05,TISCO,EQ,137.45,137.5,138.45,135.05,136.0,135.6,136.5,1885789,25740633265000.0,,,
2001-06-06,TISCO,EQ,135.6,137.2,138.0,133.7,133.8,134.0,135.73,1474064,20007871635000.0,,,
2001-06-07,TISCO,EQ,134.0,134.5,134.5,129.5,131.55,131.3,131.75,1383821,18232315305000.0,,,
2001-06-08,TISCO,EQ,131.3,131.9,134.3,131.5,132.45,132.1,133.06,1962124,26108574655000.0,,,
2001-06-11,TISCO,EQ,132.1,132.7,133.65,131.8,132.7,132.55,132.75,961461,12763450630000.0,,,
2001-06-12,TISCO,EQ,132.55,132.1,133.5,131.5,131.95,131.85,132.19,1468699,19414389250000.0,,,
2001-06-13,TISCO,EQ,131.85,132.5,132.8,129.6,129.9,130.05,130.81,1203417,15741919180000.002,,,
2001-06-14,TISCO,EQ,130.05,129.55,130.0,127.8,127.8,128.5,129.34,1461999,18910142775000.0,,,
2001-06-15,TISCO,EQ,128.5,127.55,127.9,123.55,124.3,124.05,125.5,1246912,15648811705000.002,,,
2001-06-18,TISCO,EQ,124.05,123.75,124.05,121.3,123.1,123.15,122.58,1320777,16190280280000.002,,,
2001-06-19,TISCO,EQ,123.15,123.75,126.45,123.5,125.55,125.45,125.72,2035130,25585533145000.0,,,
2001-06-20,TISCO,EQ,125.45,126.45,126.45,123.0,123.65,123.8,124.22,669492,8316345090000.001,,,
2001-06-21,TISCO,EQ,123.8,124.0,124.45,118.9,120.05,120.05,121.06,1079963,13074114770000.0,,,
2001-06-22,TISCO,EQ,120.05,121.0,121.0,117.1,118.0,117.9,118.09,931152,10995639165000.0,,,
2001-06-25,TISCO,EQ,117.9,117.05,119.0,114.6,117.05,117.05,116.79,946804,11058188295000.0,,,
2001-06-26,TISCO,EQ,117.05,116.6,119.55,116.0,118.5,118.7,117.86,1868508,22022402905000.0,,,
2001-06-27,TISCO,EQ,118.7,120.0,121.4,118.3,120.75,120.5,120.13,1203364,14455744455000.002,,,
2001-06-28,TISCO,EQ,120.5,120.5,121.0,116.85,117.3,117.5,118.12,876916,10358216025000.0,,,
2001-06-29,TISCO,EQ,117.5,118.0,118.25,112.85,117.3,115.25,115.11,1844895,21236333140000.0,,,
2001-07-02,TISCO,EQ,115.25,117.4,121.3,117.0,120.5,119.7,119.82,601982,7212896209999.999,,,
2001-07-03,TISCO,EQ,119.7,117.0,118.5,110.55,110.55,111.6,112.81,1519500,17141463915000.0,,,
2001-07-04,TISCO,EQ,111.6,110.95,112.55,105.05,106.65,106.6,107.57,1702237,18311196840000.0,,,
2001-07-05,TISCO,EQ,106.6,109.45,127.0,105.1,105.35,106.0,107.38,1416048,15204878550000.0,,,
2001-07-06,TISCO,EQ,106.0,106.0,107.0,100.15,101.75,101.6,102.37,2114633,21647528370000.0,,,
2001-07-09,TISCO,EQ,101.6,99.9,102.8,96.75,97.25,97.7,99.31,2227387,22120557840000.0,,,
2001-07-10,TISCO,EQ,97.7,98.25,105.0,98.25,103.9,104.25,102.66,2102780,21587474210000.0,,,
2001-07-11,TISCO,EQ,104.25,103.0,105.5,100.0,100.7,100.4,102.07,1959165,19996481420000.0,,,
2001-07-12,TISCO,EQ,100.4,102.25,105.0,101.3,104.7,104.1,103.54,1004836,10404268465000.0,,,
2001-07-13,TISCO,EQ,104.1,106.3,107.2,101.1,101.4,101.45,102.84,1589455,16346490440000.0,,,
2001-07-16,TISCO,EQ,101.45,102.4,105.65,102.2,103.8,103.95,104.32,1297103,13530911260000.0,,,
2001-07-17,TISCO,EQ,103.95,103.2,103.2,98.85,99.4,99.2,100.45,2007115,20162044540000.0,,,
2001-07-18,TISCO,EQ,99.2,100.0,101.9,98.0,100.6,100.0,100.56,1237034,12439692665000.0,,,
2001-07-19,TISCO,EQ,100.0,96.0,96.0,92.3,92.7,92.75,93.47,2973448,27792827505000.0,,,
2001-07-20,TISCO,EQ,92.75,93.1,94.45,92.15,92.7,93.05,93.53,1130569,10573657665000.0,,,
2001-07-23,TISCO,EQ,93.05,92.5,94.0,91.0,93.5,93.5,92.7,23291,215916485000.0,,,
2001-07-24,TISCO,EQ,93.5,93.05,93.4,89.7,91.4,91.1,90.78,898469,8156336415000.001,,,
2001-07-25,TISCO,EQ,91.1,91.1,93.3,90.5,90.8,90.8,91.81,731250,6713281915000.001,,,
2001-07-26,TISCO,EQ,90.8,90.6,92.15,89.3,90.55,89.85,89.97,1065962,9590417105000.0,,,
2001-07-27,TISCO,EQ,89.85,90.5,91.7,89.4,90.4,89.85,90.28,749842,6769719520000.0,,,
2001-07-30,TISCO,EQ,89.85,89.5,90.75,89.4,90.0,90.0,90.01,805198,7247457375000.0,,,
2001-07-31,TISCO,EQ,90.0,91.0,94.4,90.3,94.25,93.95,92.75,1093991,10146737720000.0,,,
2001-08-01,TISCO,EQ,93.95,94.0,95.25,91.2,91.5,91.9,93.36,622042,5807309440000.0,,,
2001-08-02,TISCO,EQ,91.9,92.35,92.85,91.75,92.7,92.4,92.41,291219,2691157425000.0,,,
2001-08-03,TISCO,EQ,92.4,92.15,94.0,90.8,92.75,92.95,93.03,812928,7562759740000.001,,,
2001-08-06,TISCO,EQ,92.95,93.45,94.5,92.75,93.2,93.0,93.83,624406,5858532380000.0,,,
2001-08-07,TISCO,EQ,93.0,93.45,93.6,92.0,92.5,92.25,92.74,237315,2200830965000.0,,,
2001-08-08,TISCO,EQ,92.25,90.9,92.3,90.9,91.85,91.75,91.63,253890,2326450395000.0,,,
2001-08-09,TISCO,EQ,91.75,91.75,93.1,90.6,92.25,92.2,92.38,347730,3212325815000.0,,,
2001-08-10,TISCO,EQ,92.2,92.5,92.85,91.7,92.0,91.9,92.08,318184,2929967330000.0,,,
2001-08-13,TISCO,EQ,91.9,92.0,92.35,90.65,90.8,90.9,91.11,292473,2664814200000.0,,,
2001-08-14,TISCO,EQ,90.9,91.75,91.75,90.75,90.8,90.85,90.97,185028,1683130835000.0002,,,
2001-08-16,TISCO,EQ,90.85,91.0,91.9,90.45,90.55,90.65,91.12,439005,4000181810000.0,,,
2001-08-17,TISCO,EQ,90.65,91.15,91.4,90.0,90.2,90.25,90.43,419130,3790049729999.9995,,,
2001-08-20,TISCO,EQ,90.25,90.35,90.4,88.0,89.7,89.35,88.98,610263,5430419110000.0,,,
2001-08-21,TISCO,EQ,89.35,89.9,89.9,88.75,88.75,89.0,89.3,251655,2247364245000.0,,,
2001-08-23,TISCO,EQ,89.0,89.05,89.05,86.75,87.1,86.95,87.55,497371,4354272610000.0,,,
2001-08-24,TISCO,EQ,86.95,88.0,88.0,86.4,87.1,86.8,87.01,323665,2816213365000.0,,,
2001-08-27,TISCO,EQ,86.8,87.5,87.95,86.15,86.2,86.4,87.12,295983,2578484205000.0,,,
2001-08-28,TISCO,EQ,86.4,86.0,86.95,84.85,85.1,85.0,85.35,623389,5320351425000.0,,,
2001-08-29,TISCO,EQ,85.0,85.0,85.5,82.15,82.2,82.35,83.48,1074756,8972086190000.0,,,
2001-08-30,TISCO,EQ,82.35,83.0,84.3,82.0,82.2,82.25,83.05,1168860,9707016295000.0,,,
2001-08-31,TISCO,EQ,82.25,82.05,82.75,79.75,79.95,80.1,81.02,755722,6122540890000.0,,,
2001-09-03,TISCO,EQ,80.1,80.1,81.0,78.5,78.6,78.9,79.43,733135,5823560335000.0,,,
2001-09-04,TISCO,EQ,78.9,79.0,84.4,78.8,83.75,83.45,82.67,2638076,21809039405000.0,,,
2001-09-05,TISCO,EQ,83.45,85.4,85.4,82.5,83.3,83.2,83.34,773182,6443803660000.0,,,
2001-09-06,TISCO,EQ,83.2,82.5,84.75,82.0,84.0,84.05,83.68,796222,6662679865000.0,,,
2001-09-07,TISCO,EQ,84.05,82.25,85.9,82.25,84.0,84.15,84.73,752924,6379437690000.0,,,
2001-09-10,TISCO,EQ,84.15,85.0,86.45,83.4,84.0,83.95,84.98,720156,6119884270000.0,,,
2001-09-11,TISCO,EQ,83.95,84.0,85.0,82.85,84.3,83.8,83.78,419600,3515602590000.0,,,
2001-09-12,TISCO,EQ,83.8,78.1,82.2,77.5,81.15,80.95,80.77,794592,6418225065000.0,,,
2001-09-13,TISCO,EQ,80.95,82.0,82.0,80.3,81.05,80.9,80.88,313640,2536592475000.0,,,
2001-09-14,TISCO,EQ,80.9,80.65,81.0,75.3,76.3,76.5,77.63,746810,5797464080000.0,,,
2001-09-17,TISCO,EQ,76.5,79.0,79.0,70.85,71.5,71.45,73.24,1004984,7360243390000.001,,,
2001-09-18,TISCO,EQ,71.45,70.5,75.8,70.5,74.0,73.1,74.13,666503,4940712225000.0,,,
2001-09-19,TISCO,EQ,73.1,75.0,75.0,71.0,71.3,71.45,72.72,864754,6288871705000.0,,,
2001-09-20,TISCO,EQ,71.45,71.0,73.8,69.9,72.0,71.95,71.93,748109,5381044640000.0,,,
2001-09-21,TISCO,EQ,71.95,70.9,73.35,70.3,70.55,70.95,71.94,751265,5404357645000.0,,,
2001-09-24,TISCO,EQ,70.95,73.0,73.65,71.75,72.6,72.55,72.4,210604,1524753450000.0,,,
2001-09-25,TISCO,EQ,72.55,73.15,74.35,71.25,71.25,71.7,72.61,515244,3741277425000.0,,,
2001-09-26,TISCO,EQ,71.7,71.75,72.9,70.8,71.2,71.35,71.3,338408,2412902965000.0,,,
2001-09-27,TISCO,EQ,71.35,66.0,69.7,66.0,67.3,67.25,67.97,1256158,8538467130000.0,,,
2001-09-28,TISCO,EQ,67.25,68.0,70.5,67.25,69.75,69.3,68.98,979143,6753747825000.0,,,
2001-10-01,TISCO,EQ,69.3,70.0,71.5,69.05,69.5,69.65,70.33,429784,3022480835000.0,,,
2001-10-03,TISCO,EQ,69.65,71.0,71.8,69.55,69.8,69.8,70.55,394966,2786413215000.0,,,
2001-10-04,TISCO,EQ,69.8,70.5,71.5,70.0,70.25,70.3,70.35,212690,1496229190000.0,,,
2001-10-05,TISCO,EQ,70.3,71.0,72.5,69.6,72.2,72.1,71.36,499090,3561727620000.0005,,,
2001-10-08,TISCO,EQ,72.1,70.0,72.9,69.2,71.7,71.95,71.91,726269,5222451685000.0,,,
2001-10-09,TISCO,EQ,71.95,72.15,73.3,71.6,71.85,72.0,72.35,290288,2100262525000.0,,,
2001-10-10,TISCO,EQ,72.0,72.1,73.0,72.05,72.55,72.7,72.6,249483,1811265235000.0002,,,
2001-10-11,TISCO,EQ,72.7,73.5,74.4,72.25,72.6,72.6,73.12,459875,3362816870000.0005,,,
2001-10-12,TISCO,EQ,72.6,73.5,73.65,70.1,71.25,71.6,71.63,681618,4882154430000.0,,,
2001-10-15,TISCO,EQ,71.6,71.9,73.9,70.85,73.5,73.4,72.84,457255,3330466710000.0,,,
2001-10-16,TISCO,EQ,73.4,73.3,75.65,73.0,74.2,74.3,74.66,465637,3476236979999.9995,,,
2001-10-17,TISCO,EQ,74.3,75.65,77.15,74.6,76.25,76.4,75.95,851572,6467538425000.0,,,
2001-10-18,TISCO,EQ,76.4,75.25,80.5,74.8,79.85,79.9,78.92,2055256,16220269605000.002,,,
2001-10-19,TISCO,EQ,79.9,80.0,80.95,77.1,79.0,78.9,79.04,774230,6119172370000.0,,,
2001-10-22,TISCO,EQ,78.9,80.0,80.4,78.25,79.25,79.4,79.41,656380,5212236145000.0,,,
2001-10-23,TISCO,EQ,79.4,80.1,81.85,79.9,80.0,80.05,80.71,656642,5299862650000.0,,,
2001-10-24,TISCO,EQ,80.05,79.35,82.0,79.25,79.5,80.0,80.28,1073804,8620208009999.999,,,
2001-10-25,TISCO,EQ,80.0,79.9,80.3,79.25,80.0,80.0,79.79,482449,3849505260000.0,,,
2001-10-29,TISCO,EQ,80.0,80.25,80.9,79.5,80.0,80.05,79.97,540192,4319937560000.0,,,
2001-10-30,TISCO,EQ,80.05,79.75,79.75,77.9,78.3,78.25,78.48,323872,2541754565000.0,,,
2001-10-31,TISCO,EQ,78.25,76.9,76.9,73.1,75.5,75.3,75.29,519246,3909501810000.0,,,
2001-11-01,TISCO,EQ,75.3,75.5,76.9,74.8,75.0,75.3,75.8,647756,4910223605000.0,,,
2001-11-02,TISCO,EQ,75.3,76.25,77.75,75.6,76.9,77.0,76.69,533889,4094380210000.0,,,
2001-11-05,TISCO,EQ,77.0,77.85,78.8,77.0,77.75,77.8,78.02,328506,2563016270000.0,,,
2001-11-06,TISCO,EQ,77.8,79.9,81.0,78.55,79.0,78.85,79.09,341250,2698904845000.0,,,
2001-11-07,TISCO,EQ,78.85,80.15,80.35,78.25,78.45,78.5,78.98,260421,2056790550000.0,,,
2001-11-08,TISCO,EQ,78.5,79.45,79.45,77.75,78.1,77.95,78.07,289844,2262916595000.0,,,
2001-11-09,TISCO,EQ,77.95,78.55,84.15,78.2,82.3,82.3,82.08,1984927,16293063980000.002,,,
2001-11-12,TISCO,EQ,82.3,83.05,85.7,83.0,84.65,84.8,84.84,1650478,14002006740000.0,,,
2001-11-13,TISCO,EQ,84.8,84.85,85.8,83.25,85.4,85.05,84.55,614556,5195811170000.0,,,
2001-11-14,TISCO,EQ,85.05,85.7,86.75,85.25,85.9,85.7,85.77,210025,1801409620000.0,,,
2001-11-15,TISCO,EQ,85.7,85.5,86.5,85.0,85.7,85.4,85.55,359034,3071588080000.0,,,
2001-11-19,TISCO,EQ,85.4,87.0,88.5,85.55,87.35,87.4,86.87,1528372,13276248415000.0,,,
2001-11-20,TISCO,EQ,87.4,90.0,90.0,86.9,86.95,87.55,88.18,1018787,8984092265000.0,,,
2001-11-21,TISCO,EQ,87.55,87.0,90.4,86.6,90.25,89.75,89.31,1125975,10055889840000.0,,,
2001-11-22,TISCO,EQ,89.75,91.0,93.7,90.5,91.2,91.55,92.28,1092759,10083785970000.0,,,
2001-11-23,TISCO,EQ,91.55,92.15,92.9,90.0,90.8,90.55,91.07,679595,6188988430000.0,,,
2001-11-26,TISCO,EQ,90.55,92.85,98.5,91.45,94.6,94.4,94.48,1516242,14325085819999.998,,,
2001-11-27,TISCO,EQ,94.4,95.05,95.05,91.7,92.15,92.25,93.47,1131023,10571345415000.0,,,
2001-11-28,TISCO,EQ,92.25,92.5,93.0,91.5,91.6,91.75,91.99,551375,5072042775000.0,,,
2001-11-29,TISCO,EQ,91.75,90.25,91.4,89.5,89.75,89.8,90.01,753854,6785076409999.999,,,
2001-12-03,TISCO,EQ,89.8,90.25,92.3,89.8,92.0,91.95,91.57,543994,4981096995000.0,,,
2001-12-04,TISCO,EQ,91.95,92.25,94.7,91.6,93.75,93.85,93.85,690616,6481132730000.0,,,
2001-12-05,TISCO,EQ,93.85,94.0,95.75,91.55,91.7,92.0,92.93,1098925,10212685290000.0,,,
2001-12-06,TISCO,EQ,92.0,93.0,93.9,89.4,89.5,90.1,91.42,1069652,9778321690000.0,,,
2001-12-07,TISCO,EQ,90.1,90.45,94.0,89.75,93.6,93.3,92.65,1414562,13106404675000.0,,,
2001-12-10,TISCO,EQ,93.3,90.5,95.45,90.5,95.3,94.95,94.7,914257,8658211730000.0,,,
2001-12-11,TISCO,EQ,94.95,95.2,98.4,95.05,96.9,96.75,97.09,928623,9015634000000.0,,,
2001-12-12,TISCO,EQ,96.75,96.0,98.0,95.5,96.2,96.15,96.46,463306,4469177120000.0,,,
2001-12-13,TISCO,EQ,96.15,96.95,96.95,90.1,92.3,92.45,92.48,755461,6986371175000.0,,,
2001-12-14,TISCO,EQ,92.45,90.5,92.75,90.5,92.25,91.9,91.9,166338,1528708825000.0,,,
2001-12-18,TISCO,EQ,91.9,92.1,92.75,87.1,89.85,89.85,89.01,652476,5807774080000.0,,,
2001-12-19,TISCO,EQ,89.85,90.0,90.7,88.6,89.05,89.25,89.69,440168,3948046679999.9995,,,
2001-12-20,TISCO,EQ,89.25,88.0,92.85,88.0,92.5,92.2,90.76,782904,7105438765000.001,,,
2001-12-21,TISCO,EQ,92.2,91.05,93.65,88.95,89.35,89.75,91.27,518251,4730311955000.0,,,
2001-12-24,TISCO,EQ,89.75,89.0,89.0,86.25,87.1,87.0,87.51,565502,4948624090000.0,,,
2001-12-26,TISCO,EQ,87.0,87.3,88.7,83.45,83.45,84.05,85.74,347195,2976724395000.0,,,
2001-12-27,TISCO,EQ,84.05,83.55,84.4,79.2,79.5,80.7,81.79,968337,7920295084999.999,,,
2001-12-28,TISCO,EQ,80.7,80.5,85.5,79.15,85.5,84.8,82.71,415363,3435368100000.0,,,
2001-12-31,TISCO,EQ,84.8,86.5,87.9,84.7,87.8,87.1,86.39,193549,1672085915000.0,,,
2002-01-01,TISCO,EQ,87.1,87.0,88.7,85.5,86.0,85.9,87.07,170088,1480943920000.0,,89481.0,0.5261
2002-01-02,TISCO,EQ,85.9,86.9,88.05,85.7,87.55,87.6,87.2,205438,1791412425000.0,,127224.0,0.6193
2002-01-03,TISCO,EQ,87.6,88.0,92.1,88.0,91.6,91.45,91.02,543017,4942711080000.0,,281839.0,0.519
2002-01-04,TISCO,EQ,91.45,93.1,96.0,92.0,95.6,95.3,94.62,851444,8056332345000.0,,565653.0,0.6643000000000001
2002-01-07,TISCO,EQ,95.3,96.6,99.75,96.6,98.05,98.8,98.53,679951,6699295805000.0,,404720.0,0.5952000000000001
2002-01-08,TISCO,EQ,98.8,98.5,101.55,95.75,99.0,99.15,99.7,1224781,12211036815000.0,,416686.0,0.34020000000000006
2002-01-09,TISCO,EQ,99.15,99.9,102.0,98.5,101.95,101.15,100.65,989669,9961033170000.0,,451975.0,0.45670000000000005
2002-01-10,TISCO,EQ,101.15,101.0,105.25,101.0,104.0,104.3,104.04,1273705,13251955845000.0,,593526.0,0.466
2002-01-11,TISCO,EQ,104.3,104.0,105.55,99.1,99.75,100.05,102.16,775583,7923602330000.0,,247362.0,0.3189
2002-01-14,TISCO,EQ,100.05,101.05,103.9,101.05,102.25,101.9,102.16,287238,2934388680000.0,,90071.0,0.3136
2002-01-15,TISCO,EQ,101.9,105.0,106.0,100.6,100.8,101.2,103.51,515739,5338612030000.0,,132418.0,0.25680000000000003
2002-01-16,TISCO,EQ,101.2,101.5,104.8,100.9,104.8,103.6,102.8,433141,4452550680000.0,,171572.0,0.3961
2002-01-17,TISCO,EQ,103.6,104.0,108.8,102.25,107.75,107.55,107.08,1421974,15226211560000.0,,624253.0,0.439
2002-01-18,TISCO,EQ,107.55,100.0,111.5,100.0,109.25,108.9,109.71,903353,9910408010000.0,,372809.0,0.41270000000000007
2002-01-21,TISCO,EQ,108.9,111.0,113.8,107.05,113.3,113.3,112.16,1201338,13474067025000.0,,571834.0,0.47600000000000003
2002-01-22,TISCO,EQ,113.3,114.0,114.0,107.05,108.0,108.1,109.91,642633,7063254300000.0,,201268.0,0.31320000000000003
2002-01-23,TISCO,EQ,108.1,108.0,108.9,103.5,103.7,103.65,105.41,888931,9370373030000.0,,433803.0,0.488
2002-01-24,TISCO,EQ,103.65,104.15,104.5,100.0,100.25,100.3,101.68,759058,7717918784999.999,,239813.0,0.3159
2002-01-25,TISCO,EQ,100.3,96.55,100.0,93.85,94.15,94.65,95.78,1355536,12983989450000.0,,647350.0,0.47759999999999997
2002-01-28,TISCO,EQ,94.65,95.0,97.0,93.7,97.0,96.5,95.56,664089,6345760370000.0,,243658.0,0.3669
2002-01-29,TISCO,EQ,96.5,97.2,97.7,94.65,95.9,95.55,95.49,514097,4908951460000.0,,204790.0,0.3983
2002-01-30,TISCO,EQ,95.55,96.0,99.9,95.0,99.85,99.4,98.11,935634,9179860930000.0,,278351.0,0.2975
2002-01-31,TISCO,EQ,99.4,100.0,102.1,99.1,101.05,100.2,100.56,900721,9057713445000.0,,371734.0,0.41270000000000007
2002-02-01,TISCO,EQ,100.2,101.9,102.5,100.05,101.5,101.05,101.25,549281,5561293660000.0,,230737.0,0.4201
2002-02-04,TISCO,EQ,101.05,101.0,101.8,99.5,99.9,99.85,100.04,334345,3344949450000.0,,163358.0,0.4886
2002-02-05,TISCO,EQ,99.85,100.1,100.1,97.55,98.3,98.0,98.71,491096,4847820110000.0,,223312.0,0.4547
2002-02-06,TISCO,EQ,98.0,98.5,102.5,98.5,100.3,101.0,100.9,856895,8645659000000.0,,286697.0,0.3346
2002-02-07,TISCO,EQ,101.0,100.0,103.9,99.85,100.0,100.1,101.62,753111,7653237990000.001,,222859.0,0.2959
2002-02-08,TISCO,EQ,100.1,101.2,102.4,99.3,100.2,100.05,100.4,417026,4187051590000.0,,175673.0,0.4213
2002-02-11,TISCO,EQ,100.05,100.8,104.5,100.5,103.5,103.1,102.85,922217,9485440790000.0,,309172.0,0.33520000000000005
2002-02-12,TISCO,EQ,103.1,106.0,107.9,104.4,105.4,105.2,105.94,1357464,14380519455000.002,,387376.0,0.2854
2002-02-13,TISCO,EQ,105.2,107.0,107.0,104.1,104.35,104.35,104.84,450302,4720954990000.0,,181077.0,0.4021
2002-02-14,TISCO,EQ,104.35,105.4,106.0,103.4,105.7,105.1,104.96,549036,5762785065000.0,,231020.0,0.4208
2002-02-15,TISCO,EQ,105.1,108.0,110.9,106.0,109.55,109.7,109.38,1864774,20396492705000.0,,531251.0,0.2849
2002-02-18,TISCO,EQ,109.7,110.05,112.45,107.55,108.25,108.35,109.36,806726,8822418360000.0,,244502.0,0.3031
2002-02-19,TISCO,EQ,108.35,108.9,109.65,104.55,104.6,104.8,106.45,492231,5239565120000.0,,166179.0,0.3376
2002-02-20,TISCO,EQ,104.8,106.0,106.15,103.1,103.5,103.25,104.44,346120,3614717385000.0,,,
2002-02-21,TISCO,EQ,103.25,104.4,105.25,103.1,103.4,103.3,104.08,301836,3141381250000.0,,130746.0,0.43320000000000003
2002-02-22,TISCO,EQ,103.3,103.95,113.65,103.5,112.8,113.2,110.3,3414261,37659691490000.0,,1227272.0,0.35950000000000004
2002-02-25,TISCO,EQ,113.2,113.0,115.8,112.1,112.8,112.65,113.81,2559533,29130570664999.996,,549861.0,0.21480000000000002
2002-02-26,TISCO,EQ,112.65,113.75,115.45,110.5,112.2,112.1,113.21,2965158,33568317010000.004,,373652.0,0.126
2002-02-27,TISCO,EQ,112.1,112.5,113.9,110.1,110.85,110.85,111.63,1027855,11473614405000.0,,276154.0,0.2687
2002-02-28,TISCO,EQ,110.85,110.85,114.5,104.0,105.1,105.65,109.85,2841694,31215084425000.0,,669040.0,0.2354
2002-03-01,TISCO,EQ,105.65,105.9,107.5,104.1,106.3,105.95,105.57,663169,7001185709999.999,,264599.0,0.399
2002-03-04,TISCO,EQ,105.95,107.75,111.5,106.65,109.8,110.0,109.07,2178757,23763908155000.0,,708787.0,0.32530000000000003
2002-03-05,TISCO,EQ,110.0,102.1,112.8,102.1,106.35,106.2,108.67,936559,10177702855000.0,,483578.0,0.5163
2002-03-06,TISCO,EQ,106.2,103.15,105.35,101.0,102.9,102.15,102.8,1519406,15620158569999.998,,591918.0,0.3896
2002-03-07,TISCO,EQ,102.15,102.0,103.9,100.3,103.65,103.3,102.24,1125835,11510939895000.0,,290598.0,0.2581
2002-03-08,TISCO,EQ,103.3,105.4,107.0,102.55,102.9,103.1,104.78,918654,9625436660000.0,,285102.0,0.3103
2002-03-11,TISCO,EQ,103.1,104.75,104.75,101.7,101.85,101.9,102.16,375202,3832994620000.0005,,,
2002-03-12,TISCO,EQ,101.9,102.6,102.6,98.05,98.9,98.6,100.03,647062,6472628850000.0,,388183.0,0.3797
2002-03-13,TISCO,EQ,98.6,99.3,100.95,99.3,100.1,100.2,100.07,454873,4551847500000.0,,251048.0,0.5519
2002-03-14,TISCO,EQ,100.2,100.35,101.5,99.1,100.0,99.95,100.03,267980,2680511940000.0,,160606.0,0.5993
2002-03-15,TISCO,EQ,99.95,100.7,101.0,99.6,100.0,100.05,100.22,232107,2326167245000.0,,117793.0,0.5075000000000001
2002-03-18,TISCO,EQ,100.05,102.0,104.5,100.85,102.3,102.6,103.19,638981,6593904785000.0,,323706.0,0.5065999999999999
2002-03-19,TISCO,EQ,102.6,105.1,105.9,101.1,101.4,101.6,102.63,335965,3447888615000.0,,136241.0,0.40549999999999997
2002-03-20,TISCO,EQ,101.6,102.25,103.0,99.8,100.2,100.2,100.69,474479,4777579875000.0,,267435.0,0.5636
2002-03-21,TISCO,EQ,100.2,100.0,101.0,99.6,100.0,99.9,100.17,193122,1934411685000.0002,,85655.0,0.4435
2002-03-22,TISCO,EQ,99.9,101.0,101.0,99.15,100.0,99.85,99.75,218376,2178269475000.0,,102442.0,0.46909999999999996
2002-03-26,TISCO,EQ,99.85,101.4,101.4,98.35,100.0,99.8,99.27,272628,2706283655000.0,,187806.0,0.6889000000000001
2002-03-27,TISCO,EQ,99.8,100.15,100.8,96.6,96.75,96.95,97.75,837711,8188254505000.0,,508828.0,0.6074
2002-03-28,TISCO,EQ,96.95,97.3,99.0,96.8,97.65,97.75,97.88,718005,7028047495000.0,,385672.0,0.5371
2002-04-01,TISCO,EQ,97.75,98.4,98.9,97.6,98.9,97.85,98.0,221867,2174370545000.0,,148108.0,0.6676000000000001
2002-04-02,TISCO,EQ,97.85,98.45,100.9,98.1,99.5,99.55,99.71,227240,2265783340000.0,,77300.0,0.34020000000000006
2002-04-03,TISCO,EQ,99.55,99.25,100.5,98.35,99.25,99.05,99.35,245100,2435106585000.0,,122996.0,0.5018
2002-04-04,TISCO,EQ,99.05,99.45,100.75,99.1,99.6,99.7,99.97,171252,1711940239999.9998,,102335.0,0.5976
2002-04-05,TISCO,EQ,99.7,100.45,100.85,99.0,99.4,99.3,99.8,288621,2880339005000.0,,172717.0,0.5984
2002-04-08,TISCO,EQ,99.3,101.0,102.3,99.8,100.0,100.0,100.66,640208,6444492980000.0,,345032.0,0.5389
2002-04-09,TISCO,EQ,100.0,100.25,101.7,99.8,100.0,100.05,100.53,236923,2381833980000.0,,78129.0,0.3298
2002-04-10,TISCO,EQ,100.05,100.6,101.45,98.15,101.45,100.3,99.94,396618,3963702250000.0,,236303.0,0.5958
2002-04-11,TISCO,EQ,100.3,101.65,104.3,101.65,103.7,103.55,103.12,661649,6823016845000.0,,212000.0,0.3204
2002-04-12,TISCO,EQ,103.55,103.45,106.45,103.2,105.2,104.85,105.23,1644730,17307457775000.0,,747082.0,0.45420000000000005
2002-04-15,TISCO,EQ,104.85,105.7,106.0,102.65,104.0,103.35,104.22,438977,4574978400000.0,,215233.0,0.4903
2002-04-16,TISCO,EQ,103.35,101.85,104.0,101.75,102.1,102.3,102.45,240176,2460505170000.0,,,
2002-04-17,TISCO,EQ,102.3,103.45,105.0,102.85,104.8,104.55,104.26,386724,4031931515000.0,,164805.0,0.42619999999999997
2002-04-18,TISCO,EQ,104.55,105.35,110.75,105.35,110.25,110.2,109.01,2084360,22720655935000.0,,1067783.0,0.5123
2002-04-19,TISCO,EQ,110.2,110.75,112.5,106.25,110.4,110.45,111.24,1925765,21421752140000.0,,931097.0,0.48350000000000004
2002-04-22,TISCO,EQ,110.45,111.5,111.8,108.9,109.25,109.45,109.63,558606,6124088400000.0,,210404.0,0.37670000000000003
2002-04-23,TISCO,EQ,109.45,108.0,109.75,108.0,109.25,109.1,109.04,226400,2468759335000.0,,85870.0,0.3793
2002-04-24,TISCO,EQ,109.1,109.25,110.6,108.3,109.9,109.8,109.77,274117,3008967890000.0,,,
2002-04-25,TISCO,EQ,109.8,111.0,112.5,109.8,112.0,111.8,111.41,617710,6882176725000.0,,400140.0,0.4487
2002-04-26,TISCO,EQ,111.8,107.8,113.9,107.8,113.9,113.45,112.69,857191,9659553235000.0,,343233.0,0.4004
2002-04-29,TISCO,EQ,113.45,111.6,113.75,110.05,112.75,112.45,112.57,379543,4272571140000.0,,177944.0,0.46880000000000005
2002-04-30,TISCO,EQ,112.45,111.1,112.95,110.8,110.85,111.4,111.77,354406,3961154325000.0,,,
2002-05-02,TISCO,EQ,111.4,112.25,116.85,112.0,114.55,114.75,115.22,1519611,17508935955000.002,,719070.0,0.4732
2002-05-03,TISCO,EQ,114.75,115.45,116.4,112.5,114.5,114.4,114.12,1385659,15813275685000.0,,533367.0,0.3849
2002-05-06,TISCO,EQ,114.4,114.75,119.0,114.1,118.65,118.45,117.2,1163381,13634643935000.0,,517385.0,0.4447
2002-05-07,TISCO,EQ,118.45,116.05,119.0,116.05,118.75,118.6,118.1,643595,7601157300000.0,,277692.0,0.4315
2002-05-08,TISCO,EQ,118.6,119.45,122.25,119.4,120.95,121.05,120.71,1393194,16817827130000.002,,640722.0,0.45990000000000003
2002-05-09,TISCO,EQ,121.05,115.0,123.4,115.0,120.1,120.0,120.6,930691,11224492585000.0,,314890.0,0.3383
2002-05-10,TISCO,EQ,120.0,120.25,120.25,117.0,117.35,117.3,118.08,494314,5836773725000.0,,287698.0,0.5820000000000001
2002-05-13,TISCO,EQ,117.3,117.0,118.0,116.2,117.0,116.95,117.06,317264,3713915104999.9995,,150548.0,0.47450000000000003
2002-05-14,TISCO,EQ,116.95,117.6,119.0,116.6,118.5,118.3,118.05,495302,5847041845000.0,,253702.0,0.5122
2002-05-15,TISCO,EQ,118.3,119.0,119.0,115.05,116.75,116.85,116.41,479068,5576914955000.0,,234072.0,0.4886
2002-05-16,TISCO,EQ,116.85,120.0,120.0,115.25,118.0,117.6,116.58,484995,5654106240000.0,,233451.0,0.48130000000000006
2002-05-17,TISCO,EQ,117.6,117.1,118.3,115.55,118.05,117.55,116.51,554428,6459881290000.0,,293594.0,0.5295000000000001
2002-05-20,TISCO,EQ,117.55,117.5,117.5,115.5,115.75,116.35,116.46,344768,4015227835000.0,,190442.0,0.5524
2002-05-21,TISCO,EQ,116.35,113.05,115.0,108.05,111.55,111.8,111.14,594644,6608824100000.0,,291042.0,0.4894
2002-05-22,TISCO,EQ,111.8,110.0,112.2,107.65,109.25,108.6,109.65,436705,4788369815000.0,,217907.0,0.499
2002-05-23,TISCO,EQ,108.6,108.5,110.0,104.05,105.2,104.75,106.2,885183,9400718365000.0,,625794.0,0.7070000000000001
2002-05-24,TISCO,EQ,104.75,107.7,112.5,106.0,112.15,112.15,110.37,460617,5083830395000.0,,219706.0,0.47700000000000004
2002-05-27,TISCO,EQ,112.15,115.0,119.0,109.95,113.0,112.45,112.04,450073,5042643805000.0,,220202.0,0.4893
2002-05-28,TISCO,EQ,112.45,108.4,110.0,105.5,105.55,106.1,107.11,394187,4222079565000.0,,193565.0,0.49100000000000005
2002-05-29,TISCO,EQ,106.1,107.05,107.85,105.05,106.5,106.45,106.6,903971,9635913485000.0,,,
2002-05-30,TISCO,EQ,106.45,106.95,111.65,106.65,106.75,107.15,108.8,1122661,12215044175000.0,,,
2002-05-31,TISCO,EQ,107.15,107.0,110.9,106.0,110.4,109.55,108.5,945120,10254142520000.0,,,
2002-06-03,TISCO,EQ,109.55,111.55,120.75,111.55,118.85,118.9,117.09,2286778,26775846530000.0,,772455.0,0.33780000000000004
2002-06-04,TISCO,EQ,118.9,119.0,122.45,117.75,120.4,120.5,120.73,2277689,27499652930000.0,,713447.0,0.31320000000000003
2002-06-05,TISCO,EQ,120.5,120.95,125.25,120.95,122.7,123.05,123.6,2396182,29617645930000.0,,773566.0,0.32280000000000003
2002-06-06,TISCO,EQ,123.05,124.0,124.5,119.5,120.2,120.4,121.16,1527556,18507110015000.0,,612469.0,0.40090000000000003
2002-06-07,TISCO,EQ,120.4,119.1,123.6,118.6,120.1,119.85,121.03,1380481,16708197475000.0,,267508.0,0.1938
2002-06-10,TISCO,EQ,119.85,121.3,127.9,121.3,127.8,127.15,126.27,3110680,39278283215000.0,,1371743.0,0.441
2002-06-11,TISCO,EQ,127.15,129.0,130.65,128.05,128.75,128.75,129.08,2256435,29125699385000.004,,1018526.0,0.4514
2002-06-12,TISCO,EQ,128.75,130.0,133.9,128.0,130.35,130.65,131.88,2883013,38019908810000.0,,715082.0,0.24800000000000003
2002-06-13,TISCO,EQ,130.65,131.0,138.4,128.4,129.45,129.1,129.7,1264598,16402138669999.998,,327504.0,0.259
2002-06-14,TISCO,EQ,129.1,129.9,134.3,128.7,132.1,132.05,132.65,3098086,41097479465000.0,,742972.0,0.2398
2002-06-17,TISCO,EQ,132.05,135.0,136.25,133.0,134.0,134.2,134.78,2375112,32011589830000.0,,773424.0,0.32560000000000006
2002-06-18,TISCO,EQ,134.2,134.75,135.5,131.0,131.9,132.2,132.48,1872505,24807456825000.0,,808896.0,0.43200000000000005
2002-06-19,TISCO,EQ,132.2,132.75,133.5,127.6,128.35,128.9,129.85,1426290,18519801135000.0,,500065.0,0.3506
2002-06-20,TISCO,EQ,128.9,130.9,130.9,126.6,128.4,128.1,128.15,1751347,22443955180000.0,,685077.0,0.3912
2002-06-21,TISCO,EQ,128.1,128.65,132.25,127.15,130.3,129.8,130.39,1785248,23277992805000.0,,597075.0,0.3344
2002-06-24,TISCO,EQ,129.8,155.8,155.8,130.25,132.7,132.65,133.01,2445996,32534613160000.004,,679630.0,0.2779
2002-06-25,TISCO,EQ,132.65,133.9,135.6,132.55,135.2,135.1,134.46,2787516,37479616800000.0,,711142.0,0.2551
2002-06-26,TISCO,EQ,135.1,134.95,135.0,131.55,131.6,131.85,133.01,1462564,19453683770000.0,,453537.0,0.31010000000000004
2002-06-27,TISCO,EQ,131.85,132.1,138.45,130.6,138.0,137.85,135.58,4832801,65524298800000.0,,1126285.0,0.2331
2002-06-28,TISCO,EQ,137.85,138.9,142.0,137.6,140.4,140.8,139.97,4489364,62838995035000.0,,1138236.0,0.2535
2002-07-01,TISCO,EQ,140.8,141.75,145.25,141.25,144.15,144.4,143.79,4110631,59105447925000.0,,1199536.0,0.2918
2002-07-02,TISCO,EQ,144.4,144.8,144.8,141.65,142.85,142.35,142.89,2335266,33369254305000.0,,504875.0,0.2162
2002-07-03,TISCO,EQ,142.35,141.75,143.4,140.4,141.0,141.15,141.92,2271350,32234519295000.0,,798536.0,0.35159999999999997
2002-07-04,TISCO,EQ,141.15,140.25,145.45,139.6,145.3,144.65,143.37,3288063,47141329670000.0,,644928.0,0.1961
2002-07-05,TISCO,EQ,144.65,145.9,146.85,143.65,144.7,144.45,145.28,2407630,34977611050000.0,,648185.0,0.26920000000000005
2002-07-08,TISCO,EQ,144.45,145.0,146.85,143.05,143.75,143.4,144.69,1251087,18101846990000.0,,262921.0,0.2102
2002-07-09,TISCO,EQ,143.4,144.05,145.45,142.25,142.6,142.8,143.69,1811247,26026121050000.0,,367592.0,0.2029
2002-07-10,TISCO,EQ,142.8,142.25,143.65,141.05,141.3,141.8,142.13,1403676,19951102985000.0,,490573.0,0.34950000000000003
2002-07-11,TISCO,EQ,141.8,141.0,144.2,140.7,141.35,141.6,142.76,2396631,34214826545000.0,,394335.0,0.1645
2002-07-12,TISCO,EQ,141.6,142.6,145.2,142.6,143.65,143.5,144.06,3269181,47096706580000.0,,516138.0,0.15789999999999998
2002-07-15,TISCO,EQ,143.5,143.5,143.5,136.9,137.0,137.3,138.82,2131714,29593272425000.0,,435714.0,0.20440000000000003
2002-07-16,TISCO,EQ,137.3,137.0,138.45,135.25,135.8,135.75,136.82,1695640,23199010510000.0,,399929.0,0.2359
2002-07-17,TISCO,EQ,135.75,136.0,138.7,135.5,138.7,138.05,136.86,1822073,24937532190000.0,,416004.0,0.22829999999999998
2002-07-18,TISCO,EQ,138.05,138.55,139.65,136.0,137.0,136.95,137.58,1466375,20174007485000.0,,278067.0,0.18960000000000002
2002-07-19,TISCO,EQ,136.95,138.0,138.0,135.7,136.35,136.25,136.41,1036844,14143134650000.0,,288961.0,0.2787
2002-07-22,TISCO,EQ,136.25,135.0,135.55,132.3,134.15,134.0,133.49,1349255,18011705770000.0,,393455.0,0.2916
2002-07-23,TISCO,EQ,134.0,134.2,136.1,129.3,130.0,130.45,132.38,4065139,53814777604999.99,,1053352.0,0.2591
2002-07-24,TISCO,EQ,130.45,132.9,133.8,130.5,131.5,131.6,132.01,3577975,47232643910000.0,,930160.0,0.26
2002-07-25,TISCO,EQ,131.6,133.0,136.0,131.1,131.5,131.95,133.29,2410290,32126623770000.0,,711773.0,0.2953
2002-07-26,TISCO,EQ,131.95,132.0,132.0,123.5,124.05,124.1,126.76,3275567,41520412760000.0,,1150849.0,0.35130000000000006
2002-07-29,TISCO,EQ,124.1,124.7,124.7,117.8,122.45,122.35,120.78,3201333,38665006820000.0,,806522.0,0.2519
2002-07-30,TISCO,EQ,122.35,125.4,125.7,117.65,119.9,118.85,122.84,2759381,33897372035000.004,,842691.0,0.3054
2002-07-31,TISCO,EQ,118.85,118.15,126.0,117.55,125.5,124.8,122.29,2746078,33581701189999.996,,584226.0,0.2127
2002-08-01,TISCO,EQ,124.8,126.45,126.95,122.0,122.15,122.8,124.28,2177217,27058245860000.004,,270171.0,0.1241
2002-08-02,TISCO,EQ,122.8,119.55,121.95,119.0,121.9,121.35,120.7,1618970,19540704235000.0,,252213.0,0.1558
2002-08-05,TISCO,EQ,121.35,124.0,125.75,122.1,124.15,124.65,124.25,1626621,20210742040000.0,,348969.0,0.2145
2002-08-06,TISCO,EQ,124.65,124.0,124.6,121.0,124.3,124.2,123.22,1284083,15822678875000.0,,196631.0,0.1531
2002-08-07,TISCO,EQ,124.2,125.85,127.25,123.1,123.45,124.15,125.65,1992745,25038777440000.0,,388971.0,0.1952
2002-08-08,TISCO,EQ,124.15,124.25,124.5,114.5,115.45,115.2,118.48,3774535,44721626050000.0,,1220586.0,0.3234
2002-08-09,TISCO,EQ,115.2,118.0,118.7,113.8,118.5,117.75,116.74,4571813,53373617980000.0,,965557.0,0.21120000000000003
2002-08-12,TISCO,EQ,117.75,118.55,121.15,118.0,120.35,120.0,120.02,2057463,24692873305000.0,,636049.0,0.3091
2002-08-13,TISCO,EQ,120.0,120.95,121.9,119.6,119.9,120.15,120.74,807650,9751654070000.0,,148593.0,0.184
2002-08-14,TISCO,EQ,120.15,120.0,120.6,116.55,118.25,118.05,117.91,1938007,22850524995000.0,,318405.0,0.1643
2002-08-16,TISCO,EQ,118.05,119.55,120.5,118.3,119.2,118.9,118.88,1162233,13816768535000.0,,406377.0,0.3497
2002-08-19,TISCO,EQ,118.9,120.0,120.0,117.4,118.8,118.65,118.51,1373877,16281781255000.002,,302489.0,0.2202
2002-08-20,TISCO,EQ,118.65,119.05,119.05,117.5,118.3,118.25,118.3,1380839,16335998794999.998,,532781.0,0.3858
2002-08-21,TISCO,EQ,118.25,117.55,121.25,117.55,120.1,119.9,120.12,1509207,18127981165000.0,,325862.0,0.2159
2002-08-22,TISCO,EQ,119.9,121.0,122.8,121.0,121.2,121.4,121.97,1999358,24385581615000.0,,386737.0,0.19340000000000002
2002-08-23,TISCO,EQ,121.4,121.35,122.65,118.6,122.4,121.85,120.81,1703445,20579975745000.0,,544839.0,0.31980000000000003
2002-08-26,TISCO,EQ,121.85,121.7,123.7,121.5,122.5,122.6,122.73,1279938,15708088400000.0,,277580.0,0.2169
2002-08-27,TISCO,EQ,122.6,123.0,123.5,120.0,120.5,120.25,121.51,1030318,12518970975000.0,,295020.0,0.2863
2002-08-28,TISCO,EQ,120.25,120.0,122.85,119.25,120.8,120.45,121.21,2432319,29481443739999.996,,769382.0,0.31629999999999997
2002-08-29,TISCO,EQ,120.45,119.25,121.4,118.85,119.35,119.15,119.79,1651171,19779760300000.0,,719336.0,0.43570000000000003
2002-08-30,TISCO,EQ,119.15,120.2,124.5,119.2,124.0,123.55,122.25,2074195,25357546595000.0,,723239.0,0.34869999999999995
2002-09-02,TISCO,EQ,123.55,125.3,126.5,123.55,124.2,124.0,125.06,1354727,16941742169999.998,,377450.0,0.2786
2002-09-03,TISCO,EQ,124.0,123.95,124.3,122.1,122.85,122.8,122.89,434463,5339021815000.0,,96474.0,0.22210000000000002
2002-09-04,TISCO,EQ,122.8,120.2,123.35,120.2,123.3,123.0,122.3,449267,5494497770000.0,,119406.0,0.2658
2002-09-05,TISCO,EQ,123.0,123.9,125.1,122.85,124.6,124.65,124.01,904064,11211535050000.0,,242634.0,0.2684
2002-09-06,TISCO,EQ,124.65,123.95,125.4,121.25,122.15,121.95,122.73,988084,12126541815000.0,,239250.0,0.2421
2002-09-09,TISCO,EQ,121.95,121.55,123.0,119.65,121.0,120.9,120.84,715249,8642820445000.0,,179857.0,0.2515
2002-09-11,TISCO,EQ,120.9,121.2,122.2,119.8,121.0,120.45,121.23,603693,7318381634999.999,,297571.0,0.4929
2002-09-12,TISCO,EQ,120.45,120.5,122.3,120.0,120.7,120.45,121.09,1059714,12831620190000.0,,425411.0,0.40140000000000003
2002-09-13,TISCO,EQ,120.45,120.7,122.4,120.5,121.2,121.2,121.43,758351,9208763760000.0,,214747.0,0.2832
2002-09-16,TISCO,EQ,121.2,121.5,122.2,120.15,120.35,120.35,120.99,439204,5314082270000.0,,141526.0,0.3222
2002-09-17,TISCO,EQ,120.35,121.0,121.95,120.1,120.75,120.65,120.7,557370,6727544715000.001,,250347.0,0.44920000000000004
2002-09-18,TISCO,EQ,120.65,120.25,120.75,117.85,118.95,118.7,118.82,956541,11366044450000.0,,397738.0,0.4158
2002-09-19,TISCO,EQ,118.7,118.5,118.7,116.7,117.5,117.5,117.5,811631,9536509735000.0,,331149.0,0.408
2002-09-20,TISCO,EQ,117.5,116.1,117.9,115.5,117.5,117.15,116.61,893234,10415685385000.0,,351188.0,0.3932
2002-09-23,TISCO,EQ,117.15,117.0,117.5,115.2,116.2,116.15,116.08,550747,6393328385000.0,,145186.0,0.2636
2002-09-24,TISCO,EQ,116.15,116.45,117.05,114.65,116.5,115.95,115.7,745291,8623186995000.0,,200157.0,0.2686
2002-09-25,TISCO,EQ,115.95,115.0,116.8,115.0,116.4,116.45,116.09,689613,8005722865000.001,,190885.0,0.2768
2002-09-26,TISCO,EQ,116.45,116.95,116.95,115.5,115.5,115.7,115.93,517931,6004268265000.0,,223886.0,0.43229999999999996
2002-09-27,TISCO,EQ,115.7,115.9,117.0,115.55,117.0,116.7,116.42,1343768,15644242625000.0,,,
2002-09-30,TISCO,EQ,116.7,116.95,119.1,115.9,115.9,116.25,117.49,1505866,17693033910000.0,,804945.0,0.28250000000000003
2002-10-01,TISCO,EQ,116.25,116.5,117.0,114.75,116.5,116.55,115.99,687666,7976173075000.0,,222029.0,0.3229
2002-10-03,TISCO,EQ,116.55,117.0,117.65,116.1,117.0,117.1,116.91,595366,6960625855000.0,,193980.0,0.3258
2002-10-04,TISCO,EQ,117.1,117.45,118.4,117.1,118.2,118.05,117.76,496576,5847742425000.0,,111455.0,0.22440000000000002
2002-10-07,TISCO,EQ,118.05,117.9,121.35,117.8,120.4,120.75,119.77,673857,8070803020000.0,,188720.0,0.2801
2002-10-08,TISCO,EQ,120.75,120.95,121.65,119.65,120.3,120.1,120.38,517776,6232839735000.0,,138106.0,0.26670000000000005
2002-10-09,TISCO,EQ,120.1,120.7,120.95,119.5,119.85,119.65,119.93,344261,4128845690000.0,,153182.0,0.445
2002-10-10,TISCO,EQ,119.65,119.3,121.2,117.5,121.0,119.9,118.69,411767,4887288980000.0,,115047.0,0.27940000000000004
2002-10-11,TISCO,EQ,119.9,121.95,122.9,120.25,120.75,120.7,121.29,586395,7112306255000.0,,187054.0,0.319
2002-10-14,TISCO,EQ,120.7,122.0,123.35,121.05,122.0,122.25,122.45,492344,6028614260000.0,,123648.0,0.2511
2002-10-16,TISCO,EQ,122.25,123.0,124.5,122.0,122.35,122.45,123.18,948725,11686305895000.0,,409918.0,0.43210000000000004
2002-10-17,TISCO,EQ,122.45,122.7,122.7,120.65,121.6,121.3,121.24,671231,8137841150000.0,,326543.0,0.4865
2002-10-18,TISCO,EQ,121.3,122.0,122.1,119.0,119.25,119.4,120.25,923322,11102648490000.0,,393013.0,0.4257
2002-10-21,TISCO,EQ,119.4,119.05,120.85,118.65,120.2,119.85,119.91,638421,7655142130000.0,,199236.0,0.3121
2002-10-22,TISCO,EQ,119.85,120.6,120.6,119.2,120.05,120.05,119.95,579906,6955877700000.0,,253371.0,0.4369
2002-10-23,TISCO,EQ,120.05,119.75,121.35,119.0,119.25,119.35,119.85,348229,4173401490000.0,,109026.0,0.3131
2002-10-24,TISCO,EQ,119.35,119.5,119.6,117.35,117.75,117.7,118.35,413623,4895263645000.0,,207227.0,0.501
2002-10-25,TISCO,EQ,117.7,117.0,117.9,116.45,117.55,116.9,117.09,401815,4704961785000.0,,187908.0,0.4676
2002-10-28,TISCO,EQ,116.9,117.75,118.7,114.1,114.4,116.0,116.84,570263,6662865855000.0,,251015.0,0.44020000000000004
2002-10-29,TISCO,EQ,116.0,115.0,118.5,113.1,118.5,118.1,116.09,761841,8843950415000.0,,213047.0,0.2796
2002-10-30,TISCO,EQ,118.1,118.95,119.85,116.15,116.95,116.75,117.99,802502,9468787040000.0,,192044.0,0.2393
2002-10-31,TISCO,EQ,116.75,122.0,126.6,121.65,125.25,125.3,124.6,5227363,65134941354999.99,,1688397.0,0.32299999999999995
2002-11-01,TISCO,EQ,125.3,126.45,129.65,123.55,124.25,124.15,126.17,3425482,43218679360000.0,,,
2002-11-04,TISCO,EQ,124.15,121.0,126.75,121.0,126.65,126.35,125.97,1053412,13270295055000.0,,821425.0,0.1834
2002-11-05,TISCO,EQ,126.35,126.0,128.2,125.5,126.55,126.75,127.16,2234686,28417131250000.0,,693351.0,0.3103
2002-11-07,TISCO,EQ,126.75,127.05,128.8,126.0,126.75,127.05,127.66,1918060,24486440200000.0,,633036.0,0.33
2002-11-08,TISCO,EQ,127.05,126.7,127.0,124.65,125.4,125.55,125.58,1065747,13383167795000.0,,192206.0,0.18030000000000002
2002-11-11,TISCO,EQ,125.55,124.65,125.9,123.25,123.65,123.75,124.12,1046236,12986002295000.0,,297630.0,0.2845
2002-11-12,TISCO,EQ,123.75,142.55,142.55,122.6,125.5,125.25,124.3,881229,10954082725000.0,,230695.0,0.2618
2002-11-13,TISCO,EQ,125.25,126.0,126.3,124.25,124.45,124.5,125.05,822195,10281611695000.0,,206795.0,0.2515
2002-11-14,TISCO,EQ,124.5,124.5,125.95,123.5,123.8,123.75,124.63,1029583,12831749255000.0,,416957.0,0.405
2002-11-15,TISCO,EQ,123.75,124.75,127.35,123.9,126.85,126.7,126.34,2269012,28667717775000.0,,574599.0,0.2532
2002-11-18,TISCO,EQ,126.7,128.0,132.65,128.0,130.7,130.7,131.12,3759145,49291532420000.0,,919342.0,0.2446
2002-11-20,TISCO,EQ,130.7,131.65,132.75,130.7,131.25,131.45,131.72,1953007,25725720560000.0,,423578.0,0.2169
2002-11-21,TISCO,EQ,131.45,132.55,134.2,131.7,131.8,132.1,132.8,2228828,29598152539999.996,,568997.0,0.2553
2002-11-22,TISCO,EQ,132.1,132.8,134.9,131.9,133.45,133.6,133.54,3031229,40480545365000.0,,759355.0,0.2505
2002-11-25,TISCO,EQ,133.6,133.0,136.3,132.6,135.3,134.85,134.94,2101427,28356023155000.0,,571559.0,0.272
2002-11-26,TISCO,EQ,134.85,136.25,138.75,135.1,137.85,137.85,136.99,2705908,37068561955000.0,,854925.0,0.3159
2002-11-27,TISCO,EQ,137.85,138.0,138.0,134.1,135.0,134.6,135.89,1292856,17569218819999.998,,324053.0,0.2506
2002-11-28,TISCO,EQ,134.6,135.8,137.65,135.3,136.1,137.15,136.61,2505646,34230694325000.0,,1168311.0,0.46630000000000005
2002-11-29,TISCO,EQ,137.15,137.0,140.25,136.6,139.7,139.5,138.84,4298049,59673055415000.0,,1042707.0,0.2426
2002-12-02,TISCO,EQ,139.5,140.05,142.7,138.15,138.8,139.05,140.92,3457831,48727118675000.0,,1272083.0,0.3679
2002-12-03,TISCO,EQ,139.05,139.5,140.6,135.7,136.2,136.55,138.51,2658403,36821415620000.0,,600742.0,0.226
2002-12-04,TISCO,EQ,136.55,136.0,137.4,135.1,136.15,135.7,136.36,1456439,19859371255000.0,,369428.0,0.25370000000000004
2002-12-05,TISCO,EQ,135.7,136.8,138.45,136.3,136.9,136.95,137.41,1087777,14947617730000.002,,205338.0,0.1888
2002-12-06,TISCO,EQ,136.95,137.0,141.5,137.0,141.4,140.8,139.68,1674149,23384160430000.0,,556200.0,0.3322
2002-12-09,TISCO,EQ,140.8,142.0,143.25,137.25,138.0,138.1,140.89,2254227,31760816714999.996,,680208.0,0.3017
2002-12-10,TISCO,EQ,138.1,137.5,139.8,136.5,139.8,139.15,138.11,1597033,22056378320000.0,,444008.0,0.278
2002-12-11,TISCO,EQ,139.15,140.7,140.7,137.55,139.6,139.2,138.99,1157613,16089276950000.0,,286816.0,0.24780000000000002
2002-12-12,TISCO,EQ,139.2,140.75,140.75,137.5,137.9,138.1,138.52,1708075,23659834375000.0,,687579.0,0.4025
2002-12-13,TISCO,EQ,138.1,139.4,141.4,138.8,141.0,141.0,140.5,1946718,27351629750000.0,,415207.0,0.2133
2002-12-16,TISCO,EQ,141.0,141.0,143.3,138.15,138.5,138.75,141.06,3074802,43372370195000.0,,487031.0,0.1584
2002-12-17,TISCO,EQ,138.75,138.7,139.4,136.5,137.7,137.6,137.41,1572991,21614568010000.0,,467461.0,0.2972
2002-12-18,TISCO,EQ,137.6,138.0,140.9,137.3,139.75,139.8,139.5,1978930,27605714889999.996,,512790.0,0.2591
2002-12-19,TISCO,EQ,139.8,139.8,140.5,138.6,139.55,139.6,139.54,1527446,21314473385000.0,,344452.0,0.2255
2002-12-20,TISCO,EQ,139.6,140.4,143.25,139.2,142.75,142.8,141.95,4258685,60450193635000.0,,973135.0,0.2285
2002-12-23,TISCO,EQ,142.8,143.5,145.1,143.1,144.25,144.5,144.17,4135296,59617738085000.0,,1499216.0,0.3625
2002-12-24,TISCO,EQ,144.5,144.0,145.5,143.2,144.9,144.9,144.33,2251584,32496596039999.996,,788333.0,0.35009999999999997
2002-12-26,TISCO,EQ,144.9,145.0,148.8,144.9,147.6,147.25,147.31,4618245,68029583585000.0,,1566211.0,0.33909999999999996
2002-12-27,TISCO,EQ,147.25,148.0,150.65,147.6,149.3,149.6,149.7,3223548,48257769365000.0,,979365.0,0.3038
2002-12-30,TISCO,EQ,149.6,149.0,151.2,147.9,148.8,148.9,149.17,2343949,34963536275000.0,,677525.0,0.2891
2002-12-31,TISCO,EQ,148.9,149.0,152.0,148.75,151.4,151.55,150.63,3907889,58863917065000.0,,1158637.0,0.2965
2003-01-01,TISCO,EQ,151.55,151.95,152.5,150.8,151.1,151.5,151.88,2392610,36337794925000.0,,496480.0,0.20750000000000002
2003-01-02,TISCO,EQ,151.5,175.0,175.0,149.5,150.0,149.85,151.32,2111750,31954539605000.0,,451103.0,0.2136
2003-01-03,TISCO,EQ,149.85,152.0,152.0,148.6,148.9,148.95,150.34,1585916,23842663410000.0,,547136.0,0.34500000000000003
2003-01-06,TISCO,EQ,148.95,149.35,149.35,144.75,145.5,145.65,146.94,1980704,29104397789999.996,,621094.0,0.3136
2003-01-07,TISCO,EQ,145.65,146.55,147.7,145.75,146.4,146.55,146.74,1547980,22714451210000.0,,285152.0,0.18420000000000003
2003-01-08,TISCO,EQ,146.55,147.0,150.1,146.5,149.3,149.3,148.94,2345604,34934289045000.0,,525002.0,0.2238
2003-01-09,TISCO,EQ,149.3,150.8,151.25,149.2,150.65,150.65,150.54,1626225,24481556020000.0,,524098.0,0.3223
2003-01-10,TISCO,EQ,150.65,151.0,152.0,148.7,149.5,149.45,150.77,2164113,32628080914999.996,,471120.0,0.2177
2003-01-13,TISCO,EQ,149.45,150.0,151.9,149.5,149.75,149.7,150.31,1386069,20834394565000.0,,374899.0,0.2705
2003-01-14,TISCO,EQ,149.7,149.8,151.2,148.3,149.6,149.55,149.77,2404209,36008089740000.0,,606052.0,0.2521
2003-01-15,TISCO,EQ,149.55,150.0,150.3,148.15,148.6,148.7,148.75,1772095,26360625125000.0,,523023.0,0.29510000000000003
2003-01-16,TISCO,EQ,148.7,148.35,151.6,148.3,150.45,150.4,150.48,1807956,27206392564999.996,,503484.0,0.2785
2003-01-17,TISCO,EQ,150.4,150.85,154.0,150.65,153.65,153.35,152.62,2844217,43408796060000.0,,866633.0,0.30469999999999997
2003-01-20,TISCO,EQ,153.35,153.7,156.7,153.7,154.75,155.2,155.73,3801957,59208859195000.01,,789270.0,0.2076
2003-01-21,TISCO,EQ,155.2,156.15,159.4,155.1,159.1,158.65,157.38,3450343,54302559365000.0,,703781.0,0.204
2003-01-22,TISCO,EQ,158.65,159.2,161.8,157.55,157.75,158.1,159.64,4291237,68505194575000.0,,976088.0,0.2275
2003-01-23,TISCO,EQ,158.1,158.5,162.25,156.4,161.35,161.25,159.76,7276610,116252536165000.02,,1223212.0,0.1681
2003-01-24,TISCO,EQ,161.25,162.85,163.5,155.5,155.6,156.25,159.21,5669651,90266129290000.0,,1321988.0,0.23320000000000002
2003-01-27,TISCO,EQ,156.25,155.75,155.9,151.8,152.95,153.0,153.98,3389862,52198305575000.0,,705315.0,0.20809999999999998
2003-01-28,TISCO,EQ,153.0,153.0,155.75,149.1,154.65,154.3,153.17,5601974,85806513670000.0,,934952.0,0.16690000000000002
2003-01-29,TISCO,EQ,154.3,156.0,157.6,153.1,154.4,154.45,155.75,3151849,49090537950000.0,,637913.0,0.2024
2003-01-30,TISCO,EQ,154.45,155.0,156.15,152.1,152.7,152.7,153.81,3591659,55244037479999.99,,1130314.0,0.3147
2003-01-31,TISCO,EQ,152.7,152.9,152.9,149.6,152.6,152.05,151.21,3116610,47125341825000.0,,574719.0,0.1844
2003-02-03,TISCO,EQ,152.05,152.5,156.4,152.5,156.25,155.25,154.48,2254909,34833385180000.0,,433736.0,0.1924
2003-02-04,TISCO,EQ,155.25,156.8,157.85,154.1,154.25,154.5,155.83,2185866,34061691000000.0,,536746.0,0.24559999999999998
2003-02-05,TISCO,EQ,154.5,154.1,155.45,152.8,154.6,154.45,154.18,1649478,25431528305000.0,,298424.0,0.1809
2003-02-06,TISCO,EQ,154.45,154.0,156.85,153.65,156.55,156.25,154.91,1760902,27278473475000.0,,374672.0,0.21280000000000002
2003-02-07,TISCO,EQ,156.25,157.2,159.9,155.8,157.4,157.6,158.43,3351130,53091046805000.0,,606671.0,0.18100000000000002
2003-02-10,TISCO,EQ,157.6,157.8,157.8,154.35,154.8,154.7,155.78,1381366,21518242515000.0,,213152.0,0.1543
2003-02-11,TISCO,EQ,154.7,155.45,156.35,153.55,154.15,154.45,154.97,1601362,24816107650000.0,,396759.0,0.24780000000000002
2003-02-12,TISCO,EQ,154.45,154.7,155.7,153.25,154.0,154.05,154.19,1117188,17226069055000.002,,189910.0,0.17
2003-02-14,TISCO,EQ,154.05,154.5,154.5,150.7,151.15,151.15,152.01,2334625,35489294400000.0,,786020.0,0.3367
2003-02-17,TISCO,EQ,151.15,153.45,154.45,153.0,153.25,153.25,153.47,2272346,34874574270000.0,,646207.0,0.28440000000000004
2003-02-18,TISCO,EQ,153.25,154.0,157.3,154.0,155.4,155.25,155.75,4249778,66189160060000.0,,965795.0,0.2273
2003-02-19,TISCO,EQ,155.25,156.9,158.05,155.8,156.15,156.4,157.04,3528924,55417274870000.01,,814352.0,0.23079999999999998
2003-02-20,TISCO,EQ,156.4,156.0,156.7,153.5,153.75,153.8,154.69,2561273,39620566770000.0,,766660.0,0.2993
2003-02-21,TISCO,EQ,153.8,153.8,154.35,151.4,151.55,151.7,152.47,3624252,55258320285000.0,,1280865.0,0.35340000000000005
2003-02-24,TISCO,EQ,151.7,152.45,154.6,151.5,151.8,151.85,153.22,2499162,38291818825000.0,,632524.0,0.2531
2003-02-25,TISCO,EQ,151.85,151.95,151.95,148.35,148.6,149.15,150.17,2719164,40834133250000.0,,944937.0,0.34750000000000003
2003-02-26,TISCO,EQ,149.15,148.5,151.2,146.7,147.6,147.85,148.85,9485947,141202021820000.0,,1488261.0,0.1569
2003-02-27,TISCO,EQ,147.85,147.85,151.0,147.55,149.7,148.55,149.26,8540881,127483409159999.98,,3558045.0,0.41659999999999997
2003-02-28,TISCO,EQ,148.55,150.45,153.65,149.0,150.25,150.4,151.34,7058768,106825942410000.0,,1482627.0,0.21
2003-03-03,TISCO,EQ,150.4,151.5,152.0,148.2,148.5,148.6,149.9,3030350,45425503985000.0,,790899.0,0.261
2003-03-04,TISCO,EQ,148.6,148.0,148.2,144.25,144.8,144.7,145.45,3802000,55299685450000.0,,1055670.0,0.2777
2003-03-05,TISCO,EQ,144.7,144.25,147.4,142.5,147.05,146.6,145.02,5588274,81041581915000.0,,807558.0,0.1445
2003-03-06,TISCO,EQ,146.6,147.1,147.25,141.7,141.9,142.3,144.34,4526900,65339619629999.99,,971668.0,0.2146
2003-03-07,TISCO,EQ,142.3,140.0,141.5,137.5,137.55,137.95,139.45,4770802,66531111990000.0,,956984.0,0.2006
2003-03-10,TISCO,EQ,137.95,137.9,138.5,134.8,135.15,135.35,136.71,3357471,45899002035000.0,,883114.0,0.263
2003-03-11,TISCO,EQ,135.35,133.65,138.45,133.65,137.4,137.5,136.66,4601933,62889198545000.01,,1066834.0,0.2318
2003-03-12,TISCO,EQ,137.5,137.6,139.0,135.6,137.1,137.0,137.33,4157961,57099211610000.0,,1245298.0,0.2995
2003-03-13,TISCO,EQ,137.0,137.9,137.9,134.2,135.1,135.0,135.31,3012167,40758199720000.0,,1025176.0,0.3403
2003-03-17,TISCO,EQ,135.0,135.0,135.4,132.05,134.0,134.1,133.31,2586004,34473177464999.996,,917946.0,0.355
2003-03-19,TISCO,EQ,134.1,136.0,137.65,135.0,135.75,135.8,136.67,2402600,32836031400000.0,,488108.0,0.20320000000000002
2003-03-20,TISCO,EQ,135.8,136.0,139.85,135.5,139.3,139.25,138.55,2903083,40221835535000.0,,767959.0,0.2645
2003-03-21,TISCO,EQ,139.25,139.65,141.9,139.0,141.2,140.95,140.94,2376738,33496827705000.0,,475629.0,0.20010000000000003
2003-03-22,TISCO,EQ,140.95,142.3,144.25,141.9,144.2,143.65,143.02,1703660,24365873525000.0,,405413.0,0.23800000000000002
2003-03-24,TISCO,EQ,143.65,144.0,144.0,137.8,138.25,138.35,140.14,3068086,42997066810000.0,,655647.0,0.2137
2003-03-25,TISCO,EQ,138.35,137.0,138.6,135.0,137.7,137.7,137.32,2219190,30474660280000.0,,576816.0,0.25989999999999996
2003-03-26,TISCO,EQ,137.7,139.9,139.9,137.25,137.45,137.7,138.18,2512503,34717494139999.996,,851606.0,0.33890000000000003
2003-03-27,TISCO,EQ,137.7,137.0,137.4,134.95,135.6,135.25,136.09,3401217,46287286240000.0,,1618166.0,0.4758
2003-03-28,TISCO,EQ,135.25,134.9,135.7,131.3,134.0,133.85,133.15,4237410,56419455685000.0,,1049976.0,0.24780000000000002
2003-03-31,TISCO,EQ,133.85,135.85,135.85,132.0,133.2,133.7,133.64,2841319,37970699360000.0,,711746.0,0.2505
2003-04-01,TISCO,EQ,133.7,134.0,136.85,133.8,135.5,135.1,135.38,1739553,23549918060000.0,,343210.0,0.1973
2003-04-02,TISCO,EQ,135.1,136.55,137.8,136.25,137.75,137.5,137.03,1381714,18933661070000.0,,305448.0,0.2211
2003-04-03,TISCO,EQ,137.5,138.75,138.9,137.3,138.5,138.4,138.12,1144612,15809136135000.0,,182480.0,0.1594
2003-04-04,TISCO,EQ,138.4,138.0,140.9,138.0,140.65,140.4,139.86,2009202,28100624925000.0,,475356.0,0.2366
2003-04-07,TISCO,EQ,140.4,141.0,146.0,140.75,144.25,144.65,143.22,3033685,43448959585000.0,,1238963.0,0.40840000000000004
2003-04-08,TISCO,EQ,144.65,136.15,143.9,136.15,141.65,141.95,142.69,1880062,26827178020000.0,,656211.0,0.349
2003-04-09,TISCO,EQ,141.95,141.0,141.75,139.5,140.75,140.4,140.44,1457231,20465558770000.0,,316135.0,0.2169
2003-04-10,TISCO,EQ,140.4,140.9,142.7,137.6,139.5,139.0,139.73,1893086,26451291260000.0,,540852.0,0.2857
2003-04-11,TISCO,EQ,139.0,138.75,141.85,135.0,136.75,137.0,137.78,1492968,20570295310000.0,,381248.0,0.2554
2003-04-15,TISCO,EQ,137.0,137.0,137.0,128.8,131.05,131.2,131.48,3032655,39874391580000.0,,982418.0,0.3239
2003-04-16,TISCO,EQ,131.2,131.9,134.5,130.25,134.0,134.0,133.03,2386275,31744823095000.0,,822235.0,0.3446
2003-04-17,TISCO,EQ,134.0,133.1,133.5,130.9,131.75,131.7,132.11,2250582,29732222600000.0,,832210.0,0.36979999999999996
2003-04-21,TISCO,EQ,131.7,132.0,133.85,131.7,133.65,133.15,133.12,1534322,20425017470000.0,,712930.0,0.4647
2003-04-22,TISCO,EQ,133.15,134.0,134.45,131.3,131.65,131.85,132.25,1363104,18026719105000.0,,440329.0,0.32299999999999995
2003-04-23,TISCO,EQ,131.85,132.25,132.75,128.0,128.2,128.65,130.16,1670019,21736206460000.0,,361707.0,0.21660000000000001
2003-04-24,TISCO,EQ,128.65,129.7,132.0,126.15,128.45,127.25,128.23,5511366,70672547435000.0,,2214039.0,0.4017
2003-04-25,TISCO,EQ,127.25,128.0,129.2,126.5,128.3,128.0,127.85,2062060,26364110790000.0,,298934.0,0.145
2003-04-28,TISCO,EQ,128.0,127.1,131.55,127.0,131.1,131.1,130.01,3444719,44785626430000.0,,801301.0,0.23260000000000003
2003-04-29,TISCO,EQ,131.1,133.0,133.0,129.3,129.3,129.85,130.7,2513964,32858650114999.996,,558042.0,0.222
2003-04-30,TISCO,EQ,129.85,130.2,132.65,130.1,132.35,132.15,131.62,2271219,29893912420000.0,,511134.0,0.225
2003-05-02,TISCO,EQ,132.15,132.4,133.35,131.3,132.4,132.4,132.7,1281052,16999991280000.002,,304118.0,0.2374
2003-05-05,TISCO,EQ,132.4,134.0,136.0,133.7,135.75,135.5,135.03,1959504,26458298970000.0,,601483.0,0.307
2003-05-06,TISCO,EQ,135.5,135.75,136.9,134.75,136.0,135.65,135.8,1494752,20299332875000.0,,464441.0,0.31070000000000003
2003-05-07,TISCO,EQ,135.65,136.15,136.3,133.1,133.9,133.8,134.21,1916956,25727565250000.0,,659351.0,0.344
2003-05-08,TISCO,EQ,133.8,133.0,133.25,131.4,131.85,131.9,132.13,1508559,19933199675000.0,,610669.0,0.4048
2003-05-09,TISCO,EQ,131.9,132.1,134.1,131.0,133.95,133.6,133.21,1452956,19354147880000.0,,321937.0,0.22160000000000002
2003-05-12,TISCO,EQ,133.6,134.0,135.2,133.35,133.9,133.8,134.4,985422,13244105680000.0,,281252.0,0.2854
2003-05-13,TISCO,EQ,133.8,134.0,135.0,133.5,135.0,134.8,134.49,892887,12007993035000.0,,263907.0,0.2956
2003-05-14,TISCO,EQ,134.8,135.6,137.9,134.9,136.25,136.35,136.51,2519973,34399460005000.0,,901278.0,0.3577
2003-05-15,TISCO,EQ,136.35,137.0,139.75,136.5,139.5,139.3,138.32,1836506,25403243550000.0,,468106.0,0.2549
2003-05-16,TISCO,EQ,139.3,139.25,140.9,138.15,138.75,139.0,139.3,1763973,24571529590000.0,,405448.0,0.2298
2003-05-19,TISCO,EQ,139.0,139.2,141.25,138.5,138.9,139.05,139.99,1421520,19899406955000.0,,325417.0,0.22890000000000002
2003-05-20,TISCO,EQ,139.05,137.0,140.75,137.0,140.35,140.25,139.92,1784403,24966508600000.0,,487877.0,0.27340000000000003
2003-05-21,TISCO,EQ,140.25,141.05,142.85,141.05,141.25,141.3,141.88,1502816,21321768180000.0,,380219.0,0.253
2003-05-22,TISCO,EQ,141.3,141.8,144.0,141.35,143.1,142.9,142.79,2449918,34981701910000.004,,803475.0,0.32799999999999996
2003-05-23,TISCO,EQ,142.9,143.15,145.9,143.15,145.55,145.2,144.49,2029256,29320618700000.0,,798629.0,0.3936
2003-05-26,TISCO,EQ,145.2,148.0,148.0,145.5,146.5,146.0,146.45,2007344,29396835345000.0,,779250.0,0.3882
2003-05-27,TISCO,EQ,146.0,147.45,147.9,142.0,142.3,142.7,145.38,1866171,27130270035000.004,,623636.0,0.3342
2003-05-28,TISCO,EQ,142.7,144.0,146.95,141.5,146.8,146.7,144.58,3308631,47835456500000.0,,1057180.0,0.3195
2003-05-29,TISCO,EQ,146.7,149.0,154.9,145.55,153.0,153.15,150.98,11916251,179910114685000.0,,3182615.0,0.2671
2003-05-30,TISCO,EQ,153.15,168.0,168.0,155.3,158.5,158.0,158.29,9316456,147473915950000.0,,2889046.0,0.31010000000000004
2003-06-02,TISCO,EQ,158.0,158.5,161.1,156.8,157.55,157.7,159.05,4255131,67678618385000.0,,1053754.0,0.24760000000000001
2003-06-03,TISCO,EQ,157.7,158.5,159.05,154.5,155.5,155.85,156.07,3672719,57318382735000.0,,966724.0,0.2632
2003-06-04,TISCO,EQ,155.85,157.25,157.5,154.8,156.3,156.25,156.21,2823004,44098160555000.0,,853999.0,0.3025
2003-06-05,TISCO,EQ,156.25,157.95,159.8,156.6,159.25,159.15,158.52,5197673,82391309875000.0,,1044526.0,0.201
2003-06-06,TISCO,EQ,159.15,160.75,163.0,160.6,161.7,162.2,161.83,6749148,109220536045000.0,,1426055.0,0.2113
2003-06-09,TISCO,EQ,162.2,154.0,156.2,151.9,155.7,155.55,154.15,4912768,75732052245000.0,,1285563.0,0.26170000000000004
2003-06-10,TISCO,EQ,155.55,156.5,157.25,150.05,150.75,151.0,154.41,4259109,65764434100000.0,,1225033.0,0.2876
2003-06-11,TISCO,EQ,151.0,152.0,153.25,149.3,150.65,151.45,151.55,4152979,62939658754999.99,,1300678.0,0.31320000000000003
2003-06-12,TISCO,EQ,151.45,151.0,151.8,149.6,150.0,150.05,150.69,2636734,39734146290000.0,,676519.0,0.2566
2003-06-13,TISCO,EQ,150.05,150.9,151.5,149.5,150.0,150.1,150.43,2458084,36976097735000.0,,850384.0,0.34600000000000003
2003-06-16,TISCO,EQ,150.1,150.1,150.4,147.4,147.85,147.95,148.47,2148323,31895531000000.0,,532548.0,0.2479
2003-06-17,TISCO,EQ,147.95,149.6,151.4,148.55,151.0,150.65,150.04,2850715,42770792180000.0,,740707.0,0.25980000000000003
2003-06-18,TISCO,EQ,150.65,152.0,155.1,151.4,153.45,153.1,153.5,4607853,70729669730000.0,,963726.0,0.2091
2003-06-19,TISCO,EQ,153.1,153.95,158.35,153.8,157.0,157.25,156.94,6651265,104387186940000.0,,2268726.0,0.3411
2003-06-20,TISCO,EQ,157.25,156.8,159.1,156.1,157.2,157.5,157.75,3298354,52033153905000.0,,797223.0,0.24170000000000003
2003-06-23,TISCO,EQ,157.5,157.0,161.75,157.0,158.4,158.0,159.81,5981827,95595017925000.0,,1206754.0,0.20170000000000002
2003-06-24,TISCO,EQ,158.0,158.0,160.85,157.1,159.2,159.85,159.81,4669963,74628928855000.0,,1043985.0,0.2236
2003-06-25,TISCO,EQ,159.85,160.25,163.15,160.25,161.5,162.0,162.06,4776079,77398821485000.0,,1166160.0,0.24420000000000003
2003-06-26,TISCO,EQ,162.0,162.75,163.0,158.1,159.4,158.9,160.03,6162683,98618857765000.0,,2099306.0,0.3406
2003-06-27,TISCO,EQ,158.9,160.55,167.65,159.0,166.95,166.75,164.41,9925042,163178456705000.0,,1492945.0,0.1504
2003-06-30,TISCO,EQ,166.75,167.25,171.7,167.25,169.5,169.35,170.24,5149836,87669108855000.0,,1098182.0,0.2132
2003-07-01,TISCO,EQ,169.35,171.0,173.4,167.65,169.95,170.3,171.12,6731397,115184764055000.0,,867327.0,0.1288
2003-07-02,TISCO,EQ,170.3,171.4,174.8,171.4,173.25,173.05,173.31,6616574,114673805215000.02,,843268.0,0.1274
2003-07-03,TISCO,EQ,173.05,175.4,176.7,171.15,172.4,172.35,174.16,4540080,79068799980000.0,,700209.0,0.1542
2003-07-04,TISCO,EQ,172.35,173.0,174.75,171.25,172.7,172.6,173.03,3370940,58326707054999.99,,515380.0,0.1529
2003-07-07,TISCO,EQ,172.6,173.0,177.6,171.3,177.0,175.45,173.68,5158753,89599659095000.0,,1344862.0,0.2607
2003-07-08,TISCO,EQ,175.45,178.85,179.25,174.15,174.6,175.35,177.07,5316656,94142186610000.0,,889596.0,0.1673
2003-07-09,TISCO,EQ,175.35,175.45,175.5,171.75,172.15,172.25,173.2,2917398,50530564155000.0,,466965.0,0.16010000000000002
2003-07-10,TISCO,EQ,172.25,172.7,178.1,172.2,178.0,177.3,175.89,4903469,86245058575000.0,,1061697.0,0.2165
2003-07-11,TISCO,EQ,177.3,178.7,184.9,178.55,183.9,183.85,182.46,7435007,135660349870000.0,,1747459.0,0.23500000000000001
2003-07-14,TISCO,EQ,183.85,180.0,191.45,180.0,190.9,189.95,187.63,5653525,106077763395000.0,,1357245.0,0.2401
2003-07-15,TISCO,EQ,189.95,192.0,193.6,186.6,190.9,191.0,189.93,9598235,182297595355000.0,,1150477.0,0.1199
2003-07-16,TISCO,EQ,191.0,192.0,199.5,190.4,198.5,198.7,196.18,9337260,183182247570000.0,,1283460.0,0.1375
2003-07-17,TISCO,EQ,198.7,199.8,203.85,194.0,194.9,195.65,200.2,11230675,224835312760000.0,,1272413.0,0.1133
2003-07-18,TISCO,EQ,195.65,193.9,199.0,193.0,197.0,196.85,196.27,7657299,150291180290000.0,,929553.0,0.12140000000000001
2003-07-21,TISCO,EQ,196.85,198.0,201.45,189.6,190.65,191.0,196.6,9216000,181184234665000.0,,1359594.0,0.1475
2003-07-22,TISCO,EQ,191.0,189.5,192.9,184.4,185.5,185.9,188.18,10444173,196535109600000.0,,1353295.0,0.12960000000000002
2003-07-23,TISCO,EQ,185.9,189.8,192.2,183.05,186.75,186.4,187.15,19675813,368226709605000.0,,1898274.0,0.0965
2003-07-24,TISCO,EQ,186.4,192.0,192.0,187.1,190.75,190.65,189.88,8033536,152538942205000.0,,1100272.0,0.13699999999999998
2003-07-25,TISCO,EQ,190.65,192.0,199.4,191.25,199.4,197.6,194.99,7845546,152978052190000.0,,1357060.0,0.17300000000000001
2003-07-28,TISCO,EQ,197.6,202.0,207.0,201.65,202.75,202.95,204.89,9721817,199186782875000.0,,1611694.0,0.16579999999999998
2003-07-29,TISCO,EQ,202.95,203.0,211.35,201.2,211.05,210.35,206.2,12177562,251105507175000.0,,1090338.0,0.0895
2003-07-30,TISCO,EQ,210.35,211.85,213.7,208.15,209.25,209.15,210.65,9419647,198424601930000.0,,1113337.0,0.1182
2003-07-31,TISCO,EQ,209.15,210.95,212.4,206.1,209.5,208.05,209.25,9424075,197196397140000.0,,1517019.0,0.161
2003-08-01,TISCO,EQ,208.05,209.65,215.3,208.15,215.0,214.0,211.89,10164111,215371313785000.0,,1263933.0,0.1244
2003-08-04,TISCO,EQ,214.0,212.0,219.5,212.0,218.8,218.55,217.59,9579057,208430792990000.0,,1274206.0,0.133
2003-08-05,TISCO,EQ,218.55,219.0,221.45,213.65,216.5,215.7,217.21,10368164,225206010365000.0,,953164.0,0.0919
2003-08-06,TISCO,EQ,215.7,215.0,221.9,214.05,217.4,216.6,218.37,12809279,279720946610000.0,,1229189.0,0.096
2003-08-07,TISCO,EQ,216.6,219.05,225.9,216.1,225.6,224.25,220.51,10249043,226002661940000.0,,996024.0,0.09720000000000001
2003-08-08,TISCO,EQ,224.25,226.0,234.15,224.8,233.0,233.0,229.63,14654805,336520437860000.0,,2282004.0,0.1557
2003-08-11,TISCO,EQ,233.0,232.45,239.7,230.35,237.45,236.8,236.28,10964651,259075881075000.0,,999067.0,0.0911
2003-08-12,TISCO,EQ,236.8,238.0,242.35,234.0,236.5,236.75,238.29,10410237,248063633200000.0,,1053126.0,0.1012
2003-08-13,TISCO,EQ,236.75,238.5,241.15,234.05,240.15,239.75,237.66,11113860,264128277700000.0,,1413985.0,0.1272
2003-08-14,TISCO,EQ,239.75,241.5,245.5,240.8,242.85,242.85,243.35,12017714,292447151985000.0,,1690460.0,0.14070000000000002
2003-08-18,TISCO,EQ,242.85,244.05,259.55,244.0,259.3,258.35,253.2,15193529,384692910440000.0,,1457604.0,0.0959
2003-08-19,TISCO,EQ,258.35,261.05,265.8,248.2,250.75,251.05,255.71,13144055,336108105920000.0,,1610912.0,0.1226
2003-08-20,TISCO,EQ,251.05,252.8,253.85,242.5,243.15,243.3,246.9,9431540,232860576365000.0,,1427806.0,0.1514
2003-08-21,TISCO,EQ,243.3,244.75,251.7,243.0,247.1,246.75,247.76,7080896,175439170915000.0,,1020913.0,0.1442
2003-08-22,TISCO,EQ,246.75,249.7,257.0,247.25,253.6,252.6,252.78,11012533,278371172185000.0,,1153873.0,0.1048
2003-08-25,TISCO,EQ,252.6,255.0,256.9,235.5,240.0,240.95,245.18,11037069,270608973044999.97,,1681859.0,0.1524
2003-08-26,TISCO,EQ,240.95,241.5,257.0,241.0,256.6,255.7,249.36,11686163,291408739075000.0,,1754920.0,0.1502
2003-08-27,TISCO,EQ,255.7,258.5,261.6,251.6,252.75,253.7,256.92,10264307,263709010715000.0,,1442384.0,0.1405
2003-08-28,TISCO,EQ,253.7,253.1,253.85,244.35,246.35,245.75,247.3,8223440,203368128480000.0,,1825010.0,0.22190000000000001
2003-08-29,TISCO,EQ,245.75,248.75,257.3,242.35,252.0,253.35,251.58,13500854,339654173400000.0,,2917909.0,0.2161
2003-09-01,TISCO,EQ,253.35,253.0,255.8,248.75,255.5,253.95,253.27,7753160,196366915910000.0,,1244074.0,0.1605
2003-09-02,TISCO,EQ,253.95,255.45,257.0,249.0,252.75,252.9,251.8,6526371,164333311160000.0,,830644.0,0.1273
2003-09-03,TISCO,EQ,252.9,253.95,261.4,249.6,252.5,252.95,256.82,15823536,406375815210000.0,,1615938.0,0.10210000000000001
2003-09-04,TISCO,EQ,252.95,254.0,265.7,252.55,258.5,257.5,260.01,16773980,436143912614999.94,,1450163.0,0.08650000000000001
2003-09-05,TISCO,EQ,257.5,260.25,268.8,259.65,267.9,267.2,263.81,11076125,292195896665000.0,,1494040.0,0.1349
2003-09-08,TISCO,EQ,267.2,270.9,270.95,264.75,265.0,266.0,267.82,8762519,234673692960000.0,,1400161.0,0.1598
2003-09-09,TISCO,EQ,266.0,268.4,268.4,256.5,257.75,257.9,261.83,8827079,231123704194999.97,,1209554.0,0.13699999999999998
2003-09-10,TISCO,EQ,257.9,300.0,300.0,251.5,258.65,259.8,256.76,10935079,280772925455000.03,,1367362.0,0.125
2003-09-11,TISCO,EQ,259.8,261.0,263.9,250.0,257.4,259.1,261.01,7394240,192996746360000.0,,869505.0,0.1176
2003-09-12,TISCO,EQ,259.1,259.5,260.9,250.0,250.75,251.95,255.5,9042117,231027061294999.97,,957126.0,0.1059
2003-09-15,TISCO,EQ,251.95,243.25,252.0,243.25,245.0,248.2,249.09,10981862,273552542660000.0,,1218441.0,0.111
2003-09-16,TISCO,EQ,248.2,248.5,264.45,243.05,262.9,262.9,254.85,11962863,304876043595000.0,,2010311.0,0.168
2003-09-17,TISCO,EQ,262.9,266.5,271.8,258.55,259.55,261.8,265.9,11546469,307017771825000.0,,1607270.0,0.1392
2003-09-18,TISCO,EQ,261.8,260.2,260.7,248.55,250.0,250.3,254.83,10889654,277497526450000.0,,1612745.0,0.1481
2003-09-19,TISCO,EQ,250.3,252.5,258.0,248.25,257.45,255.15,254.44,12648325,321819147400000.0,,1172020.0,0.09269999999999999
2003-09-22,TISCO,EQ,255.15,251.0,255.35,245.15,245.25,246.75,250.74,11953012,299712215745000.0,,1329702.0,0.1112
2003-09-23,TISCO,EQ,246.75,245.9,257.0,245.0,257.0,255.5,251.39,10770047,270744904819999.97,,966524.0,0.0897
2003-09-24,TISCO,EQ,255.5,257.6,261.7,256.2,258.5,260.1,258.77,11270582,291643807470000.0,,1826117.0,0.162
2003-09-25,TISCO,EQ,260.1,256.5,266.5,256.5,261.0,261.05,263.11,15732915,413944481975000.0,,2722233.0,0.17300000000000001
2003-09-26,TISCO,EQ,261.05,262.45,266.9,261.7,266.1,265.75,264.94,9951360,263649152375000.0,,1640764.0,0.1649
2003-09-29,TISCO,EQ,265.75,264.9,275.25,264.9,268.8,269.1,270.77,12362186,334728280170000.0,,1403388.0,0.1135
2003-09-30,TISCO,EQ,269.1,269.15,272.8,265.25,272.55,271.35,268.75,9552837,256731277844999.97,,922275.0,0.0965
2003-10-01,TISCO,EQ,271.35,272.8,274.4,269.15,270.25,270.35,272.19,7223132,196609687760000.0,,632272.0,0.08750000000000001
2003-10-03,TISCO,EQ,270.35,271.3,283.0,271.0,282.9,281.1,276.93,9115127,252422050819999.97,,2334004.0,0.2561
2003-10-06,TISCO,EQ,281.1,283.0,292.9,282.6,292.75,291.5,288.97,8708156,251637561190000.0,,1887242.0,0.21670000000000003
2003-10-07,TISCO,EQ,291.5,293.1,308.9,292.1,303.05,304.1,301.67,17952658,541579446145000.0,,3250781.0,0.1811
2003-10-08,TISCO,EQ,304.1,304.0,308.2,299.25,304.0,303.8,303.63,10358977,314525347310000.0,,948060.0,0.09150000000000001
2003-10-09,TISCO,EQ,303.8,304.35,312.9,304.1,312.9,311.25,309.28,8221821,254280929240000.0,,976045.0,0.1187
2003-10-10,TISCO,EQ,311.25,313.85,320.0,312.0,319.55,318.9,316.75,7308820,231509523680000.03,,1314734.0,0.17989999999999998
2003-10-13,TISCO,EQ,318.9,320.15,343.0,319.15,340.8,340.8,331.47,11676548,387040207380000.0,,1835637.0,0.1572
2003-10-14,TISCO,EQ,340.8,343.5,345.9,325.0,326.6,326.8,335.52,14767828,495493689964999.94,,1482445.0,0.10039999999999999
2003-10-15,TISCO,EQ,326.8,327.95,345.0,323.5,344.8,343.1,333.62,18492101,616931109950000.0,,2782106.0,0.1504
2003-10-16,TISCO,EQ,343.1,348.0,363.45,345.7,358.0,360.2,355.88,17176813,611284592885000.0,,1789989.0,0.1042
2003-10-17,TISCO,EQ,360.2,360.0,362.0,353.1,356.1,355.8,357.55,10352634,370154158485000.0,,872626.0,0.0843
2003-10-20,TISCO,EQ,355.8,358.0,359.0,343.1,345.2,345.1,351.91,8587187,302191325185000.0,,858292.0,0.1
2003-10-21,TISCO,EQ,345.1,347.0,358.4,328.4,334.45,334.0,346.85,19161656,664631029235000.0,,1951504.0,0.1018
2003-10-22,TISCO,EQ,334.0,336.5,350.0,335.6,339.35,340.85,340.89,17148795,584593723365000.0,,1539760.0,0.0898
2003-10-23,TISCO,EQ,340.85,341.0,349.5,335.6,337.8,337.8,343.25,13372840,459016782070000.0,,741014.0,0.055400000000000005
2003-10-24,TISCO,EQ,337.8,344.75,344.75,329.0,343.25,341.35,337.03,16259768,548009968889999.94,,1050901.0,0.0646
2003-10-25,TISCO,EQ,341.35,346.9,349.95,344.1,345.6,345.5,346.1,3882224,134364911384999.98,,,
2003-10-27,TISCO,EQ,345.5,345.0,347.0,327.75,328.8,329.55,338.47,12429141,420691935250000.0,,1628358.0,0.0998
2003-10-28,TISCO,EQ,329.55,330.5,335.4,323.0,329.95,327.85,329.74,18403830,606845501800000.0,,1365564.0,0.0742
2003-10-29,TISCO,EQ,327.85,331.0,333.65,322.05,330.4,330.45,328.43,14618098,480096256035000.06,,1230638.0,0.0842
2003-10-30,TISCO,EQ,330.45,332.0,352.0,328.5,349.0,348.1,341.13,29221378,996825341510000.0,,3562322.0,0.1219
2003-10-31,TISCO,EQ,348.1,350.55,359.9,350.55,358.35,357.85,355.98,12289585,437479053080000.0,,1684577.0,0.1371
2003-11-03,TISCO,EQ,357.85,362.0,380.0,360.0,380.0,377.95,370.25,12699425,470198476810000.06,,1815612.0,0.14300000000000002
2003-11-04,TISCO,EQ,377.95,383.0,383.9,368.3,371.25,371.7,373.86,12054859,450685557385000.06,,1718334.0,0.14250000000000002
2003-11-05,TISCO,EQ,371.7,372.8,374.4,363.6,369.9,368.4,369.29,9474061,349863919685000.0,,854193.0,0.0902
2003-11-06,TISCO,EQ,368.4,370.5,377.0,367.15,373.0,375.1,371.77,10494512,390149430870000.0,,1174544.0,0.1119
2003-11-07,TISCO,EQ,375.1,376.4,378.2,364.0,364.5,366.7,371.78,8598621,319678936210000.0,,1076077.0,0.1251
2003-11-10,TISCO,EQ,366.7,350.0,372.7,350.0,369.8,369.2,366.44,6933924,254088405815000.0,,835801.0,0.12050000000000001
2003-11-11,TISCO,EQ,369.2,368.45,372.6,363.5,365.4,365.65,367.49,7460379,274160744100000.0,,859204.0,0.1152
2003-11-12,TISCO,EQ,365.65,367.1,369.3,363.1,363.9,364.75,366.75,5678839,208271717505000.0,,947438.0,0.1668
2003-11-13,TISCO,EQ,364.75,365.4,369.35,354.25,355.55,357.2,362.83,7653255,277679307535000.0,,1104742.0,0.1443
2003-11-14,TISCO,EQ,357.2,357.0,361.7,349.15,349.95,351.5,357.28,10407094,371825149455000.0,,936320.0,0.09
2003-11-15,TISCO,EQ,351.5,352.0,356.4,349.1,355.6,353.55,352.22,3001378,105715535760000.0,,523250.0,0.1743
2003-11-17,TISCO,EQ,353.55,356.8,368.9,349.5,364.15,365.9,358.92,7952170,285419848865000.0,,913481.0,0.1149
2003-11-18,TISCO,EQ,365.9,366.85,367.0,353.25,356.25,355.35,360.19,7844032,282537843810000.0,,788574.0,0.1005
2003-11-19,TISCO,EQ,355.35,354.0,354.8,343.7,344.7,345.1,349.1,7313635,255318533019999.97,,748237.0,0.1023
2003-11-20,TISCO,EQ,345.1,349.0,365.85,334.6,337.1,336.65,345.08,8385394,289363733875000.0,,546771.0,0.0652
2003-11-21,TISCO,EQ,336.65,336.55,345.3,332.8,344.5,344.0,338.65,11076374,375097268515000.0,,765901.0,0.06910000000000001
2003-11-24,TISCO,EQ,344.0,347.55,352.85,342.65,349.65,348.25,347.74,8875451,308630506085000.0,,708420.0,0.07980000000000001
2003-11-25,TISCO,EQ,348.25,351.0,353.2,346.35,352.0,351.9,349.99,7267806,254366221780000.03,,948313.0,0.1305
2003-11-27,TISCO,EQ,351.9,353.25,360.95,351.15,354.4,353.5,356.43,8348053,297552787325000.0,,1485881.0,0.17800000000000002
2003-11-28,TISCO,EQ,353.5,360.0,365.7,355.8,361.25,360.9,361.73,11744428,424830436600000.0,,963173.0,0.08199999999999999
2003-12-01,TISCO,EQ,360.9,364.0,371.0,363.8,370.25,369.65,367.43,6513392,239322087155000.03,,876510.0,0.13460000000000003
2003-12-02,TISCO,EQ,369.65,374.7,377.9,365.75,371.0,369.7,372.19,8367895,311443502695000.0,,946358.0,0.1131
2003-12-03,TISCO,EQ,369.7,372.0,372.8,365.1,365.25,367.4,369.42,5259038,194277018315000.0,,869132.0,0.1653
2003-12-04,TISCO,EQ,367.4,366.75,369.95,360.4,366.25,367.2,365.27,6541606,238942740115000.0,,828292.0,0.1266
2003-12-05,TISCO,EQ,367.2,370.0,373.65,353.5,355.0,355.15,364.26,7174536,261341969350000.0,,841914.0,0.1173
2003-12-08,TISCO,EQ,355.15,356.25,364.4,352.1,363.1,360.7,356.86,6710754,239478332935000.0,,507677.0,0.0757
2003-12-09,TISCO,EQ,360.7,366.0,366.8,361.65,364.5,364.25,363.92,4093701,148978309050000.0,,368727.0,0.0901
2003-12-10,TISCO,EQ,364.25,365.0,372.2,363.0,369.1,366.35,367.52,6838914,251344100315000.0,,1054423.0,0.1542
2003-12-11,TISCO,EQ,366.35,371.8,371.8,363.25,365.0,366.05,367.33,5251077,192887343190000.0,,638768.0,0.1216
2003-12-12,TISCO,EQ,366.05,368.0,380.0,361.3,379.1,377.75,370.5,8513575,315424864640000.0,,1227677.0,0.1442
2003-12-15,TISCO,EQ,377.75,382.0,392.9,381.0,391.1,391.9,388.53,9888802,384209107495000.0,,1942539.0,0.19640000000000002
2003-12-16,TISCO,EQ,391.9,389.3,390.8,383.1,385.85,387.2,387.12,7228231,279818904955000.03,,639136.0,0.0884
2003-12-17,TISCO,EQ,387.2,386.1,388.65,381.65,384.65,383.95,384.89,5206123,200380054875000.0,,736073.0,0.1414
2003-12-18,TISCO,EQ,383.95,389.45,398.7,384.3,396.25,396.3,393.39,7248486,285148508535000.0,,898475.0,0.12400000000000001
2003-12-19,TISCO,EQ,396.3,397.15,401.3,393.05,394.9,395.8,397.45,6400723,254399753835000.0,,1027726.0,0.1606
2003-12-22,TISCO,EQ,395.8,397.8,403.95,395.05,401.35,401.35,399.86,6007126,240202740480000.03,,748033.0,0.1245
2003-12-23,TISCO,EQ,401.35,403.2,403.2,393.35,397.05,395.45,398.63,4587635,182879110615000.0,,433581.0,0.0945
2003-12-24,TISCO,EQ,395.45,469.8,469.8,394.1,413.55,411.05,404.69,7996529,323613053185000.0,,1210227.0,0.15130000000000002
2003-12-26,TISCO,EQ,411.05,417.4,425.0,413.0,424.65,423.9,421.56,5365690,226194349375000.0,,588349.0,0.1097
2003-12-29,TISCO,EQ,423.9,429.9,443.05,425.5,442.0,439.8,434.74,4658225,202509871695000.0,,555352.0,0.1192
2003-12-30,TISCO,EQ,439.8,442.0,444.8,425.0,430.35,430.7,436.52,6767217,295405316840000.0,,922994.0,0.13640000000000002
2003-12-31,TISCO,EQ,430.7,391.15,445.45,391.15,444.45,443.3,439.48,8545516,375559007905000.0,,896563.0,0.10490000000000001
2004-01-01,TISCO,EQ,443.3,445.3,450.4,444.65,445.5,446.05,447.79,4925095,220540984135000.0,,619194.0,0.1257
2004-01-02,TISCO,EQ,446.05,448.0,456.9,448.0,451.45,450.65,453.14,4927220,223270591705000.03,,913247.0,0.18530000000000002
2004-01-05,TISCO,EQ,450.65,453.2,454.4,435.65,441.3,441.45,443.22,7655885,339321415705000.0,,1640762.0,0.2143
2004-01-06,TISCO,EQ,441.45,444.9,448.2,428.0,430.0,431.55,440.5,6686197,294526560170000.0,,1436254.0,0.21480000000000002
2004-01-07,TISCO,EQ,431.55,431.25,443.85,425.55,441.9,441.65,434.07,9354854,406067188320000.0,,1042817.0,0.1115
2004-01-08,TISCO,EQ,441.65,446.45,449.9,444.3,446.55,446.75,447.26,4368311,195378234255000.0,,877664.0,0.2009
2004-01-09,TISCO,EQ,446.75,451.75,454.45,431.0,440.6,441.95,446.08,8189969,365336937775000.0,,1441616.0,0.17600000000000002
2004-01-12,TISCO,EQ,441.95,439.0,446.8,432.0,442.95,444.0,439.46,6553261,287990605335000.0,,1047182.0,0.1598
2004-01-13,TISCO,EQ,444.0,445.2,450.5,438.2,448.8,449.1,444.72,5688699,252988664135000.0,,583279.0,0.10250000000000001
2004-01-14,TISCO,EQ,449.1,452.0,462.0,452.0,455.75,456.35,457.93,6357808,291140527715000.0,,1197407.0,0.1883
2004-01-15,TISCO,EQ,456.35,456.15,466.8,440.15,440.95,444.8,457.14,7335821,335349560865000.0,,646050.0,0.08810000000000001
2004-01-16,TISCO,EQ,444.8,487.15,490.15,432.45,436.3,436.6,438.56,8009669,351269813985000.0,,1181951.0,0.1476
2004-01-19,TISCO,EQ,436.6,438.1,458.5,427.15,458.0,455.7,443.76,10920865,484626791980000.0,,1240471.0,0.11359999999999999
2004-01-20,TISCO,EQ,455.7,457.0,463.35,432.1,433.0,441.2,452.95,11703882,530128931285000.06,,1094274.0,0.0935
2004-01-21,TISCO,EQ,441.2,433.5,446.3,412.3,421.1,417.55,433.29,9651962,418207555525000.0,,857073.0,0.0888
2004-01-22,TISCO,EQ,417.55,426.45,432.4,386.5,396.5,395.7,414.24,14147066,586033399820000.0,,1070047.0,0.0756
2004-01-23,TISCO,EQ,395.7,401.1,429.65,401.0,429.65,425.75,414.93,9362422,388476630165000.0,,787944.0,0.0842
2004-01-27,TISCO,EQ,425.75,429.0,445.4,426.0,444.3,443.5,438.21,6971116,305480026340000.0,,751212.0,0.10779999999999999
2004-01-28,TISCO,EQ,443.5,442.0,453.4,429.55,440.0,434.9,443.3,10786527,478166807445000.0,,949097.0,0.08800000000000001
2004-01-29,TISCO,EQ,434.9,442.5,445.0,426.1,429.4,431.0,436.47,10412833,454488053410000.06,,1602867.0,0.1539
2004-01-30,TISCO,EQ,431.0,434.1,436.75,402.15,404.9,406.2,420.49,13264664,557767016275000.0,,1727507.0,0.1302
2004-02-03,TISCO,EQ,406.2,406.1,410.9,382.4,387.5,385.75,399.06,12936831,516252104955000.0,,1066615.0,0.0824
2004-02-04,TISCO,EQ,385.75,389.1,416.9,388.1,416.5,415.5,402.02,14284191,574258310350000.0,,1052346.0,0.0737
2004-02-05,TISCO,EQ,415.5,418.0,424.0,393.55,404.4,400.45,412.81,14200564,586206799145000.0,,1030366.0,0.0726
2004-02-06,TISCO,EQ,400.45,406.85,415.0,401.4,414.75,413.3,407.2,10225719,416392482995000.0,,693171.0,0.0678
2004-02-09,TISCO,EQ,413.3,417.0,424.95,413.5,424.9,422.75,418.59,7930640,331970682030000.0,,871190.0,0.1099
2004-02-10,TISCO,EQ,422.75,425.15,426.0,409.0,416.4,415.25,417.82,8667892,362164969915000.0,,544940.0,0.0629
2004-02-11,TISCO,EQ,415.25,418.0,432.0,417.0,428.15,430.35,425.85,13022093,554542005839999.94,,820129.0,0.063
2004-02-12,TISCO,EQ,430.35,433.7,434.25,420.55,427.5,426.65,428.51,8243967,353264995625000.0,,556927.0,0.0676
2004-02-13,TISCO,EQ,426.65,428.0,439.7,426.1,439.0,438.45,432.58,10701773,462939397705000.0,,1448507.0,0.1354
2004-02-16,TISCO,EQ,438.45,435.1,450.4,435.1,443.1,443.85,445.84,9300912,414671598125000.0,,683439.0,0.0735
2004-02-17,TISCO,EQ,443.85,447.0,454.9,443.0,454.05,453.9,450.76,10006215,451039027710000.06,,927693.0,0.09269999999999999
2004-02-18,TISCO,EQ,453.9,456.0,457.25,448.0,449.0,449.9,453.25,6729956,305038351795000.0,,475576.0,0.0707
2004-02-19,TISCO,EQ,449.9,452.4,456.7,434.15,434.6,437.05,446.92,12676526,566540178270000.0,,954081.0,0.0753
2004-02-20,TISCO,EQ,437.05,436.0,446.25,431.4,444.0,439.3,439.26,11122176,488547609050000.0,,812431.0,0.073
2004-02-23,TISCO,EQ,439.3,445.0,450.6,429.7,430.65,433.3,442.09,7463785,329967556835000.0,,568317.0,0.0761
2004-02-24,TISCO,EQ,433.3,431.0,445.0,426.3,444.5,443.4,435.76,11280335,491551120585000.06,,691271.0,0.0613
2004-02-25,TISCO,EQ,443.4,444.5,444.75,424.6,425.9,428.4,436.71,10953340,478339941964999.94,,878800.0,0.0802
2004-02-26,TISCO,EQ,428.4,427.95,438.65,420.65,425.0,423.3,430.4,9664666,415964770045000.0,,1423250.0,0.14730000000000001
2004-02-27,TISCO,EQ,423.3,426.8,430.95,411.65,429.8,427.35,420.37,15298585,643103708875000.0,,917503.0,0.06
2004-03-01,TISCO,EQ,427.35,434.7,437.35,420.6,435.95,436.15,429.23,9885020,424299375800000.0,,740031.0,0.07490000000000001
2004-03-03,TISCO,EQ,436.15,439.7,447.3,436.5,439.9,440.5,442.19,10984864,485738491175000.0,,943449.0,0.0859
2004-03-04,TISCO,EQ,440.5,430.0,438.9,424.1,429.55,428.35,431.63,8148597,351715849435000.0,,571518.0,0.0701
2004-03-05,TISCO,EQ,428.35,430.85,443.9,425.8,441.65,442.6,436.3,10516529,458835401585000.06,,671935.0,0.0639
2004-03-08,TISCO,EQ,442.6,444.25,451.9,439.1,449.25,449.7,446.27,8544916,381333926750000.0,,878486.0,0.1028
2004-03-09,TISCO,EQ,449.7,449.0,449.0,437.4,440.55,442.5,443.05,9447478,418571685520000.0,,589870.0,0.062400000000000004
2004-03-10,TISCO,EQ,442.5,440.5,442.8,433.1,433.1,435.6,437.7,9227688,403898282730000.0,,485186.0,0.0526
2004-03-11,TISCO,EQ,435.6,432.1,433.5,414.8,416.45,420.35,427.49,8342119,356620340315000.0,,827407.0,0.0992
2004-03-12,TISCO,EQ,420.35,414.7,423.5,411.75,422.0,421.45,417.21,8926520,372425242440000.0,,808974.0,0.0906
2004-03-15,TISCO,EQ,421.45,428.0,428.0,381.55,384.9,391.8,403.02,13275608,535031263780000.0,,1377314.0,0.1037
2004-03-16,TISCO,EQ,391.8,380.0,397.75,380.0,392.9,392.15,389.9,12445197,485236386750000.0,,831627.0,0.0668
2004-03-17,TISCO,EQ,392.15,394.1,401.0,389.6,393.9,395.95,395.61,8648536,342148264775000.0,,575947.0,0.0666
2004-03-18,TISCO,EQ,395.95,396.0,399.0,382.1,385.2,384.25,389.2,8224362,320088432110000.0,,490443.0,0.0596
2004-03-19,TISCO,EQ,384.25,386.0,393.7,377.1,387.9,389.4,386.6,9008543,348270977265000.0,,496242.0,0.055099999999999996
2004-03-22,TISCO,EQ,389.4,391.0,391.0,361.3,364.55,365.6,375.56,7842529,294532694685000.0,,723342.0,0.0922
2004-03-23,TISCO,EQ,365.6,365.0,373.45,361.55,364.5,364.75,367.46,7505311,275792504640000.0,,552460.0,0.0736
2004-03-24,TISCO,EQ,364.75,366.0,366.0,352.1,356.75,355.7,358.39,8811337,315793651855000.0,,606882.0,0.0689
2004-03-25,TISCO,EQ,355.7,358.1,374.9,356.25,374.0,368.55,363.28,8685275,315514756365000.0,,1051167.0,0.121
2004-03-26,TISCO,EQ,368.55,375.55,380.3,370.65,374.95,375.95,376.08,6455794,242786338700000.0,,863608.0,0.1338
2004-03-29,TISCO,EQ,375.95,375.0,382.0,363.65,379.0,379.7,372.06,6420546,238884824535000.0,,496798.0,0.07740000000000001
2004-03-30,TISCO,EQ,379.7,381.0,387.85,375.55,380.4,382.05,382.23,8527242,325936794525000.0,,977999.0,0.11470000000000001
2004-03-31,TISCO,EQ,382.05,380.0,386.95,376.2,382.75,383.65,381.85,5808533,221796549519999.97,,490777.0,0.08449999999999999
2004-04-01,TISCO,EQ,383.65,383.0,394.0,382.1,392.5,392.85,388.53,5507384,213978374425000.0,,512523.0,0.0931
2004-04-02,TISCO,EQ,392.85,394.5,404.7,387.25,403.1,403.3,396.74,7915189,314026310565000.0,,800376.0,0.1011
2004-04-05,TISCO,EQ,403.3,406.55,413.4,403.2,406.0,406.1,408.8,6154811,251611555730000.03,,866200.0,0.14070000000000002
2004-04-06,TISCO,EQ,406.1,408.0,408.8,392.8,398.7,396.85,399.63,6528882,260912054065000.0,,437203.0,0.067
2004-04-07,TISCO,EQ,396.85,420.7,420.7,387.2,392.6,392.9,393.88,8012069,315578180570000.0,,786115.0,0.0981
2004-04-08,TISCO,EQ,392.9,394.0,402.45,386.8,401.35,399.8,394.13,9307055,366819711805000.0,,839009.0,0.0901
2004-04-12,TISCO,EQ,399.8,402.0,405.4,393.65,394.15,396.0,401.16,5519252,221411825215000.0,,414595.0,0.0751
2004-04-13,TISCO,EQ,396.0,397.0,404.7,389.5,403.5,403.35,397.84,5118286,203623448760000.0,,671080.0,0.1311
2004-04-15,TISCO,EQ,403.35,404.0,409.0,391.55,394.75,393.8,399.36,10540848,420959455880000.0,,1923260.0,0.1825
2004-04-16,TISCO,EQ,393.8,395.0,401.2,394.0,394.5,395.95,397.09,5156876,204776883230000.0,,439358.0,0.0852
2004-04-17,TISCO,EQ,395.95,396.0,397.4,392.35,396.0,395.25,394.86,1495892,59066145090000.0,,159345.0,0.10650000000000001
2004-04-19,TISCO,EQ,395.25,396.0,398.45,388.1,391.5,391.45,392.28,4812783,188796849440000.0,,383684.0,0.0797
2004-04-20,TISCO,EQ,391.45,393.5,400.3,387.9,397.45,398.4,394.4,7064799,278633731744999.97,,717100.0,0.1015
2004-04-21,TISCO,EQ,398.4,399.0,415.4,397.0,415.4,413.15,407.5,8275234,337217344035000.0,,1484830.0,0.1794
2004-04-22,TISCO,EQ,413.15,415.55,416.9,408.1,411.7,410.05,411.95,8401834,346115330515000.0,,1900116.0,0.2262
2004-04-23,TISCO,EQ,410.05,414.0,425.0,407.65,410.2,409.8,412.29,5851367,241244886630000.03,,630922.0,0.10779999999999999
2004-04-27,TISCO,EQ,409.8,407.8,407.8,377.15,378.4,379.35,387.56,7566048,293228009290000.0,,1268038.0,0.16760000000000003
2004-04-28,TISCO,EQ,379.35,400.0,400.0,374.5,383.75,384.3,382.15,8937921,341559815305000.0,,885304.0,0.09910000000000001
2004-04-29,TISCO,EQ,384.3,381.7,381.7,366.25,368.4,368.2,373.18,10403225,388225602925000.0,,2611940.0,0.2511
2004-04-30,TISCO,EQ,368.2,367.0,370.2,355.0,355.0,357.95,363.31,8657573,314535321190000.0,,1268064.0,0.14650000000000002
2004-05-03,TISCO,EQ,357.95,356.0,356.0,337.65,340.5,342.5,345.68,10569953,365377217385000.0,,1725774.0,0.16329999999999997
2004-05-04,TISCO,EQ,342.5,342.8,356.8,342.8,352.5,349.9,352.66,8291134,292393960420000.0,,804856.0,0.0971
2004-05-05,TISCO,EQ,349.9,354.0,357.4,349.6,357.4,354.85,353.07,5252107,185437823430000.0,,427672.0,0.08140000000000001
2004-05-06,TISCO,EQ,354.85,361.0,368.6,359.1,365.25,366.4,364.24,5826003,212208790175000.0,,880558.0,0.15109999999999998
2004-05-07,TISCO,EQ,366.4,365.7,365.7,344.1,344.5,346.05,351.15,8088517,284030366950000.0,,1607322.0,0.19870000000000002
2004-05-10,TISCO,EQ,346.05,345.0,345.0,326.1,330.25,332.25,331.86,10280718,341172845770000.0,,2548334.0,0.2479
2004-05-11,TISCO,EQ,332.25,323.9,323.9,301.2,301.95,307.2,313.99,10427047,327401341995000.0,,1806184.0,0.1732
2004-05-12,TISCO,EQ,307.2,305.9,319.75,304.1,315.0,315.75,315.24,13560167,427464294255000.0,,2249099.0,0.1659
2004-05-13,TISCO,EQ,315.75,300.7,325.9,290.2,320.35,318.2,313.39,15302803,479573469570000.0,,1656648.0,0.10830000000000001
2004-05-14,TISCO,EQ,318.2,321.9,321.9,280.1,287.1,289.3,297.77,13970412,415992655105000.0,,2414421.0,0.1728
2004-05-17,TISCO,EQ,289.3,290.05,290.05,232.0,258.25,262.9,266.53,7750208,206563486485000.0,,2181991.0,0.2815
2004-05-18,TISCO,EQ,262.9,270.25,298.8,270.0,291.4,293.5,280.89,11133514,312727016745000.0,,2158932.0,0.19390000000000002
2004-05-19,TISCO,EQ,293.5,300.0,317.5,298.0,316.9,315.15,307.98,12011011,369913551100000.0,,1711516.0,0.14250000000000002
2004-05-20,TISCO,EQ,315.15,320.5,327.5,309.1,326.95,320.4,317.89,17907820,569269191675000.0,,2191190.0,0.12240000000000001
2004-05-21,TISCO,EQ,320.4,334.4,334.4,316.5,327.15,328.65,324.99,13381254,434876991150000.0,,2136011.0,0.15960000000000002
2004-05-24,TISCO,EQ,328.65,334.7,338.5,331.25,332.6,333.4,335.14,8285760,277690828710000.0,,1457615.0,0.1759
2004-05-25,TISCO,EQ,333.4,331.0,336.0,324.8,330.25,332.85,329.31,7754784,255376398919999.97,,917317.0,0.1183
2004-05-26,TISCO,EQ,332.85,334.0,337.0,325.2,326.0,328.45,332.51,5855519,194702454665000.0,,885160.0,0.1512
2004-05-27,TISCO,EQ,328.45,325.0,325.7,317.3,319.05,318.65,321.7,8428012,271130378530000.03,,2153320.0,0.2555
2004-05-28,TISCO,EQ,318.65,318.9,318.9,301.0,301.0,302.8,310.06,8829016,273752964660000.0,,1019640.0,0.1155
2004-05-31,TISCO,EQ,302.8,299.45,302.65,288.5,296.9,296.25,295.42,10498293,310145631705000.0,,1702309.0,0.16219999999999998
2004-06-01,TISCO,EQ,296.25,300.0,309.35,298.6,302.2,302.45,305.41,7771023,237334865125000.0,,701564.0,0.09029999999999999
2004-06-02,TISCO,EQ,302.45,304.0,314.8,302.55,314.5,311.45,309.35,7837940,242469507860000.0,,717433.0,0.09150000000000001
2004-06-03,TISCO,EQ,311.45,316.0,319.8,294.0,295.0,298.05,309.23,8867770,274216101860000.0,,1211192.0,0.1366
2004-06-04,TISCO,EQ,298.05,294.35,317.9,293.0,315.5,315.45,306.57,11930732,365755559735000.0,,1190620.0,0.0998
2004-06-07,TISCO,EQ,315.45,319.0,323.7,306.0,308.9,308.7,313.37,16001038,501422900380000.0,,1951508.0,0.122
2004-06-08,TISCO,EQ,308.7,304.0,304.5,295.5,296.95,297.7,298.52,7596650,226774446235000.0,,1112505.0,0.1464
2004-06-09,TISCO,EQ,297.7,295.25,303.3,295.25,298.0,298.15,300.11,5668943,170131689700000.0,,524630.0,0.0925
2004-06-10,TISCO,EQ,298.15,297.0,303.0,296.0,298.3,298.6,299.05,4531092,135503886775000.0,,473787.0,0.10460000000000001
2004-06-11,TISCO,EQ,298.6,299.95,303.5,288.4,289.35,289.95,297.16,6400136,190188491440000.0,,687413.0,0.10740000000000001
2004-06-14,TISCO,EQ,289.95,289.95,289.95,269.65,271.2,272.95,273.73,8572990,234669466230000.03,,849515.0,0.09910000000000001
2004-06-15,TISCO,EQ,272.95,273.0,290.4,273.0,288.0,287.85,284.05,11479639,326078200875000.0,,1117535.0,0.09730000000000001
2004-06-16,TISCO,EQ,287.85,285.35,289.4,279.7,284.4,283.2,283.57,7427875,210633347095000.0,,380626.0,0.0512
2004-06-17,TISCO,EQ,283.2,283.0,290.3,280.35,289.55,288.8,284.96,5624955,160290225500000.0,,545903.0,0.0971
2004-06-18,TISCO,EQ,288.8,287.9,289.0,278.15,281.1,280.15,283.11,6480582,183473704580000.0,,460823.0,0.07110000000000001
2004-06-21,TISCO,EQ,280.15,282.15,284.45,276.75,278.5,278.05,280.8,5063133,142173093685000.0,,494769.0,0.0977
2004-06-22,TISCO,EQ,278.05,277.8,282.8,275.1,280.0,279.6,279.48,5329503,148949315375000.0,,312667.0,0.0587
2004-06-23,TISCO,EQ,279.6,281.5,283.4,268.35,270.6,270.15,274.45,6134574,168365867730000.0,,874978.0,0.1426
2004-06-24,TISCO,EQ,270.15,274.7,276.5,268.1,273.85,274.6,273.28,7952705,217327979130000.03,,1502402.0,0.1889
2004-06-25,TISCO,EQ,274.6,276.0,297.4,274.8,295.65,296.0,289.31,14732951,426239854110000.0,,2274715.0,0.1544
2004-06-28,TISCO,EQ,296.0,297.0,304.0,296.25,302.3,303.0,300.99,8219864,247410637825000.0,,837949.0,0.10189999999999999
2004-06-29,TISCO,EQ,303.0,301.4,307.8,297.6,304.8,305.7,303.2,11679641,354125904085000.0,,719557.0,0.0616
2004-06-30,TISCO,EQ,305.7,305.0,310.3,299.8,301.55,300.95,305.25,8950092,273204357125000.0,,729147.0,0.0815
2004-07-01,TISCO,EQ,300.95,302.0,308.3,293.7,305.9,306.75,301.85,13407769,404718080570000.0,,767647.0,0.057300000000000004
2004-07-02,TISCO,EQ,306.75,303.8,311.2,301.15,304.6,304.25,305.82,12666481,387369915545000.0,,1047631.0,0.0827
2004-07-05,TISCO,EQ,304.25,305.0,308.0,300.25,300.9,302.25,304.63,7172331,218491805915000.0,,489126.0,0.06820000000000001
2004-07-06,TISCO,EQ,302.25,300.5,313.95,299.5,313.0,313.25,307.73,13882331,427204792115000.0,,968455.0,0.0698
2004-07-07,TISCO,EQ,313.25,312.5,319.75,311.55,315.6,316.4,315.68,12057525,380634464055000.0,,1240364.0,0.10289999999999999
2004-07-08,TISCO,EQ,316.4,316.4,319.85,292.0,293.8,296.2,306.03,13260803,405824616755000.0,,2025901.0,0.1528
2004-07-09,TISCO,EQ,296.2,291.0,307.5,280.25,307.0,306.15,299.01,8230676,246108107415000.0,,1420312.0,0.17260000000000003
2004-07-12,TISCO,EQ,306.15,307.8,316.45,302.0,313.6,314.55,313.1,6028496,188749855340000.0,,592027.0,0.09820000000000001
2004-07-13,TISCO,EQ,314.55,316.0,318.0,302.55,309.7,307.8,309.45,5996351,185556092950000.0,,858851.0,0.1432
2004-07-14,TISCO,EQ,307.8,308.9,316.95,306.1,313.6,313.8,313.52,8989082,281827031200000.0,,619834.0,0.069
2004-07-15,TISCO,EQ,313.8,315.0,328.0,314.0,327.5,327.15,322.05,11364544,365998734385000.0,,1429166.0,0.1258
2004-07-16,TISCO,EQ,327.15,328.0,340.35,326.25,339.15,339.1,334.5,14322326,479074903505000.0,,2207949.0,0.1542
2004-07-19,TISCO,EQ,339.1,339.15,349.8,336.35,344.8,345.85,344.05,11903257,409529459835000.0,,1134680.0,0.0953
2004-07-20,TISCO,EQ,345.85,344.7,348.5,340.7,344.65,344.15,344.47,10092289,347646210515000.0,,687472.0,0.0681
2004-07-21,TISCO,EQ,344.15,345.2,364.7,345.2,364.6,356.8,352.4,9670984,340801037765000.0,,992715.0,0.1026
2004-07-22,TISCO,EQ,356.8,364.0,371.9,361.1,364.85,363.5,366.18,17807105,652067770180000.0,,2455103.0,0.1379
2004-07-23,TISCO,EQ,363.5,365.9,365.9,357.55,364.65,363.7,362.58,11355497,411729172425000.0,,1171590.0,0.1032
2004-07-26,TISCO,EQ,363.7,363.7,375.3,359.55,374.25,373.8,371.0,9154293,339623520390000.0,,1229549.0,0.1343
2004-07-27,TISCO,EQ,373.8,375.0,380.35,369.65,377.6,378.6,375.23,12681243,475842507714999.94,,1454074.0,0.11470000000000001
2004-07-28,TISCO,EQ,378.6,378.5,382.0,375.0,379.1,377.8,377.94,8927232,337393248855000.0,,961067.0,0.1077
2004-07-29,TISCO,EQ,377.8,379.0,395.35,377.65,391.25,392.9,387.12,15257605,590653762520000.0,,2488426.0,0.1631
2004-07-30,TISCO,EQ,392.9,394.0,396.35,387.3,392.25,391.95,392.26,12338795,483995773295000.0,,1182185.0,0.0958
2004-08-02,TISCO,EQ,391.95,391.8,396.5,389.55,391.0,391.25,392.4,7716344,302787297800000.0,,492404.0,0.0638
2004-08-03,TISCO,EQ,391.25,392.6,401.75,388.65,397.5,396.05,396.31,13653355,541101923935000.06,,1071763.0,0.0785
2004-08-04,TISCO,EQ,396.05,396.15,401.4,394.5,398.95,398.1,398.65,9838469,392215073820000.0,,1013575.0,0.10300000000000001
2004-08-05,TISCO,EQ,398.1,400.4,409.0,399.0,408.6,407.65,405.42,7429835,301220149805000.0,,1342775.0,0.1807
2004-08-06,TISCO,EQ,407.65,406.0,410.0,399.35,404.8,403.8,404.16,10106957,408478561400000.0,,881115.0,0.08720000000000001
2004-08-09,TISCO,EQ,403.8,403.9,409.35,401.1,402.9,403.45,405.29,10831668,438995763289999.94,,1842802.0,0.17010000000000003
2004-08-10,TISCO,EQ,403.45,405.0,408.25,403.5,405.3,406.4,406.06,9269202,376384835300000.0,,1593112.0,0.17190000000000003
2004-08-11,TISCO,EQ,406.4,274.8,274.8,256.55,257.5,258.6,263.45,10582944,278802889810000.0,,1602402.0,0.1514
2004-08-12,TISCO,EQ,258.6,258.0,262.2,254.4,259.2,257.9,258.4,11821462,305462472570000.0,,1038308.0,0.08779999999999999
2004-08-13,TISCO,EQ,257.9,259.0,261.25,254.25,254.75,256.05,257.26,6870195,176743436165000.0,,711074.0,0.1035
2004-08-16,TISCO,EQ,256.05,256.4,267.75,252.1,267.45,266.15,262.0,15808161,414180654545000.0,,1718496.0,0.10869999999999999
2004-08-17,TISCO,EQ,266.15,270.0,272.8,267.1,268.1,269.95,270.56,12573267,340180725150000.0,,2106192.0,0.1675
2004-08-18,TISCO,EQ,269.95,264.1,269.8,260.55,260.85,261.8,265.04,7671157,203318261500000.0,,1080274.0,0.1408
2004-08-19,TISCO,EQ,261.8,262.05,267.3,262.05,265.75,266.05,265.22,6425875,170427987015000.0,,1080402.0,0.1681
2004-08-20,TISCO,EQ,266.05,266.5,268.65,257.1,261.0,259.75,262.78,9474200,248961303519999.97,,740401.0,0.0781
2004-08-23,TISCO,EQ,259.75,260.05,260.05,243.65,245.25,245.15,247.99,11563471,286761515220000.0,,1716270.0,0.1484
2004-08-24,TISCO,EQ,245.15,246.0,250.4,245.6,248.25,248.2,248.22,6735608,167190487330000.0,,627010.0,0.0931
2004-08-25,TISCO,EQ,248.2,251.0,251.9,246.95,248.5,248.45,248.66,3320844,82575664575000.0,,424192.0,0.1277
2004-08-26,TISCO,EQ,248.45,250.0,250.15,244.1,245.9,245.35,246.96,6542432,161574041520000.0,,1351041.0,0.2065
2004-08-27,TISCO,EQ,245.35,246.0,248.0,241.35,243.6,243.0,244.24,5059078,123564474975000.0,,713638.0,0.1411
2004-08-30,TISCO,EQ,243.0,245.1,251.5,245.1,249.65,249.8,249.4,5870195,146402283455000.0,,1093008.0,0.1862
2004-08-31,TISCO,EQ,249.8,249.4,252.65,245.2,251.6,251.85,249.11,6476278,161329699025000.0,,585257.0,0.0904
2004-09-01,TISCO,EQ,251.85,253.5,255.3,248.8,250.1,249.65,252.53,5135431,129684747584999.98,,704901.0,0.1373
2004-09-02,TISCO,EQ,249.65,250.05,251.9,246.75,248.0,248.25,249.7,4486658,112032333834999.98,,637821.0,0.14220000000000002
2004-09-03,TISCO,EQ,248.25,248.6,251.2,247.7,250.5,250.3,249.19,4264051,106256713205000.0,,419930.0,0.0985
2004-09-06,TISCO,EQ,250.3,251.0,254.85,251.0,252.65,252.75,253.27,3817447,96682965180000.0,,494789.0,0.12960000000000002
2004-09-07,TISCO,EQ,252.75,253.0,257.35,252.8,255.8,255.5,255.57,5394225,137858162720000.0,,794349.0,0.14730000000000001
2004-09-08,TISCO,EQ,255.5,257.35,259.65,256.65,258.5,258.55,258.35,6279264,162223923520000.0,,1499161.0,0.23870000000000002
2004-09-09,TISCO,EQ,258.55,258.55,259.6,254.2,256.95,256.9,256.71,5162272,132520854355000.0,,741920.0,0.1437
2004-09-10,TISCO,EQ,256.9,258.0,264.9,255.6,264.6,263.45,260.25,5282725,137482098665000.02,,1050335.0,0.1988
2004-09-13,TISCO,EQ,263.45,265.65,270.8,265.2,266.5,267.8,268.43,5723448,153635546775000.0,,1037740.0,0.1813
2004-09-14,TISCO,EQ,267.8,269.0,269.4,262.6,262.9,263.7,264.67,4687640,124068092420000.0,,854715.0,0.18230000000000002
2004-09-15,TISCO,EQ,263.7,266.0,268.7,263.1,266.4,265.65,265.99,5656288,150451537250000.0,,821549.0,0.1452
2004-09-16,TISCO,EQ,265.65,265.9,275.65,265.9,273.9,273.25,272.4,14290627,389270527440000.0,,2253870.0,0.1577
2004-09-17,TISCO,EQ,273.25,274.05,280.8,273.25,279.0,279.5,278.27,9232394,256907161035000.0,,1752216.0,0.1898
2004-09-20,TISCO,EQ,279.5,281.0,289.65,280.65,283.75,284.75,285.9,11188393,319872480115000.0,,2136174.0,0.19090000000000001
2004-09-21,TISCO,EQ,284.75,284.0,292.0,282.0,291.85,290.45,288.55,8814666,254344419000000.0,,2037220.0,0.2311
2004-09-22,TISCO,EQ,290.45,294.8,298.0,286.15,288.45,288.75,288.71,6879346,198610460585000.0,,916150.0,0.1332
2004-09-23,TISCO,EQ,288.75,287.0,292.8,283.7,286.8,287.6,289.08,8942826,258516534035000.0,,1341596.0,0.15
2004-09-24,TISCO,EQ,287.6,286.4,292.35,285.2,289.05,289.55,289.51,8039618,232752240894999.97,,1498400.0,0.1864
2004-09-27,TISCO,EQ,289.55,289.0,291.35,286.55,288.55,288.75,289.23,5579618,161380022030000.0,,699795.0,0.12539999999999998
2004-09-28,TISCO,EQ,288.75,288.0,291.0,281.55,282.65,282.45,285.36,6754414,192742950970000.0,,1074790.0,0.1591
2004-09-29,TISCO,EQ,282.45,284.0,290.9,277.85,290.85,289.95,284.35,9799559,278650610040000.0,,1529612.0,0.1561
2004-09-30,TISCO,EQ,289.95,292.45,295.9,287.7,288.0,289.15,292.16,10663615,311548423290000.0,,2648862.0,0.2484
2004-10-01,TISCO,EQ,289.15,289.5,293.0,280.5,291.0,291.95,286.17,15183510,434508305070000.0,,4652159.0,0.3064
2004-10-04,TISCO,EQ,291.95,294.35,299.4,293.55,295.9,296.05,296.65,6794703,201561532270000.0,,1407019.0,0.2071
2004-10-05,TISCO,EQ,296.05,297.45,299.35,292.55,293.15,293.95,295.35,9115296,269217108575000.0,,3032475.0,0.33270000000000005
2004-10-06,TISCO,EQ,293.95,294.0,297.6,288.9,291.1,290.25,293.77,6900015,202705046535000.0,,1246796.0,0.1807
2004-10-07,TISCO,EQ,290.25,291.0,301.15,290.6,301.0,300.25,296.9,9610522,285336425000000.0,,1767457.0,0.1839
2004-10-08,TISCO,EQ,300.25,302.45,303.5,299.3,301.1,302.1,301.9,6238094,188329998330000.0,,798633.0,0.128
2004-10-09,TISCO,EQ,302.1,302.7,303.0,299.75,300.05,300.55,301.33,1104224,33273063375000.0,,259406.0,0.2349
2004-10-11,TISCO,EQ,300.55,302.25,305.3,298.8,300.5,300.0,302.26,5431745,164181053025000.0,,1483732.0,0.2732
2004-10-12,TISCO,EQ,300.0,301.0,302.9,292.1,292.5,294.5,295.7,5463994,161570135490000.0,,1164078.0,0.21300000000000002
2004-10-14,TISCO,EQ,294.5,290.4,290.4,280.75,284.75,284.65,283.96,6834959,194087740695000.0,,1501378.0,0.2197
2004-10-15,TISCO,EQ,284.65,284.5,290.5,282.9,285.5,284.4,287.0,4858432,139435152705000.0,,583032.0,0.12
2004-10-18,TISCO,EQ,284.4,287.0,288.9,283.2,284.85,284.35,286.13,3060727,87577647700000.0,,359449.0,0.1174
2004-10-19,TISCO,EQ,284.35,286.0,290.8,283.0,290.5,288.65,286.34,4232626,121198094295000.0,,1175327.0,0.2777
2004-10-20,TISCO,EQ,288.65,292.1,292.1,284.15,285.5,285.1,287.75,5461981,157171007275000.0,,1080707.0,0.1979
2004-10-21,TISCO,EQ,285.1,286.2,287.0,281.6,282.75,283.5,284.42,4285658,121892654140000.02,,1118709.0,0.261
2004-10-25,TISCO,EQ,283.5,280.15,284.0,278.0,279.05,279.5,280.48,4524936,126917542884999.98,,842966.0,0.1863
2004-10-26,TISCO,EQ,279.5,278.5,289.95,278.5,289.45,289.25,284.81,5997055,170802741905000.0,,1493490.0,0.249
2004-10-27,TISCO,EQ,289.25,290.0,294.85,289.05,292.05,291.9,292.43,4632190,135457213484999.98,,857261.0,0.18510000000000001
2004-10-28,TISCO,EQ,291.9,294.0,299.0,292.55,296.45,294.35,294.82,7461852,219989201325000.0,,2646161.0,0.3546
2004-10-29,TISCO,EQ,294.35,295.2,295.2,285.6,287.4,287.8,289.94,8785005,254715976300000.0,,2138915.0,0.24350000000000002
2004-11-01,TISCO,EQ,287.8,291.1,294.8,284.85,293.5,293.3,289.93,5952046,172565547880000.0,,1105417.0,0.1857
2004-11-02,TISCO,EQ,293.3,294.9,296.2,292.1,293.0,292.65,294.03,3695360,108655857405000.0,,699627.0,0.1893
2004-11-03,TISCO,EQ,292.65,294.0,299.6,292.5,298.9,298.85,296.25,4406832,130553381095000.0,,931507.0,0.2114
2004-11-04,TISCO,EQ,298.85,300.0,301.9,294.65,295.4,295.6,298.55,4033505,120421674590000.02,,579857.0,0.1438
2004-11-05,TISCO,EQ,295.6,296.5,301.0,295.8,298.0,298.3,298.19,3222007,96076786015000.0,,661168.0,0.2052
2004-11-08,TISCO,EQ,298.3,299.9,304.9,299.0,301.55,301.7,302.28,4636247,140145158740000.02,,1122320.0,0.2421
2004-11-09,TISCO,EQ,301.7,302.0,304.4,299.6,300.5,300.8,301.62,3207892,96756610015000.0,,504321.0,0.1572
2004-11-10,TISCO,EQ,300.8,302.35,308.5,301.55,307.55,307.65,306.26,5580536,170910851730000.0,,1330710.0,0.23850000000000002
2004-11-11,TISCO,EQ,307.65,309.35,309.9,306.05,307.05,307.1,307.79,3708799,114153815580000.0,,847156.0,0.2284
2004-11-12,TISCO,EQ,307.1,308.0,309.9,305.05,306.15,307.6,308.26,1295538,39936375485000.0,,244874.0,0.189
2004-11-16,TISCO,EQ,307.6,307.1,310.8,305.05,309.55,309.55,307.6,4067856,125128475995000.0,,1473467.0,0.3622
2004-11-17,TISCO,EQ,309.55,311.05,314.4,309.1,309.5,310.4,312.04,3489824,108895853300000.0,,912595.0,0.2615
2004-11-18,TISCO,EQ,310.4,310.1,313.25,309.5,311.35,311.55,311.55,3607920,112405054430000.0,,855080.0,0.237
2004-11-19,TISCO,EQ,311.55,313.0,316.4,305.7,307.5,307.65,311.83,5559796,173368872560000.0,,1045253.0,0.188
2004-11-22,TISCO,EQ,307.65,305.9,311.5,302.25,310.7,310.25,308.0,3357605,103413992295000.0,,897106.0,0.2672
2004-11-23,TISCO,EQ,310.25,312.4,314.9,310.0,312.0,311.7,312.69,3388304,105948263975000.0,,883830.0,0.2608
2004-11-24,TISCO,EQ,311.7,312.0,314.2,310.3,312.45,312.6,312.56,2549692,79692424740000.0,,757451.0,0.29710000000000003
2004-11-25,TISCO,EQ,312.6,312.0,318.0,310.1,311.0,311.9,314.76,5317444,167373637130000.0,,1985579.0,0.37340000000000007
2004-11-29,TISCO,EQ,311.9,314.0,323.5,314.0,323.4,322.5,320.22,5001259,160147955075000.0,,1675626.0,0.335
2004-11-30,TISCO,EQ,322.5,326.7,326.7,318.2,325.5,323.5,322.9,4044686,130602096225000.0,,937933.0,0.23190000000000002
2004-12-01,TISCO,EQ,323.5,323.5,329.4,318.65,328.55,327.9,325.21,5364594,174461019290000.0,,999158.0,0.1863
2004-12-02,TISCO,EQ,327.9,331.0,333.4,326.75,331.5,331.5,330.28,6397383,211294749365000.0,,1944963.0,0.304
2004-12-03,TISCO,EQ,331.5,329.1,330.0,324.5,326.85,327.7,327.62,3437003,112602471820000.0,,704696.0,0.20500000000000002
2004-12-06,TISCO,EQ,327.7,329.45,332.9,329.35,330.3,330.5,330.95,4032966,133472522725000.0,,919357.0,0.228
2004-12-07,TISCO,EQ,330.5,331.95,331.95,325.05,326.0,327.25,327.79,2973551,97469760275000.0,,791617.0,0.2662
2004-12-08,TISCO,EQ,327.25,325.05,328.7,317.35,318.65,318.6,322.91,4537158,146510881385000.0,,1098596.0,0.2421
2004-12-09,TISCO,EQ,318.6,317.05,323.6,314.15,323.0,319.8,317.81,4409076,140124490790000.02,,1113058.0,0.2524
2004-12-10,TISCO,EQ,319.8,320.05,323.75,315.1,316.5,318.1,319.53,5522399,176459143830000.0,,875953.0,0.1586
2004-12-13,TISCO,EQ,318.1,317.0,324.5,315.15,324.5,323.4,321.32,3367531,108204159655000.0,,531982.0,0.158
2004-12-14,TISCO,EQ,323.4,326.1,327.95,324.2,327.8,327.15,326.52,2228713,72771968155000.0,,452687.0,0.2031
2004-12-15,TISCO,EQ,327.15,329.0,334.4,327.0,332.0,332.5,330.48,4529520,149691372195000.0,,1766037.0,0.3899
2004-12-16,TISCO,EQ,332.5,331.5,332.8,329.25,330.1,330.75,330.99,2408113,79706497415000.0,,615236.0,0.2555
2004-12-17,TISCO,EQ,330.75,332.0,338.25,331.6,334.15,333.6,334.97,3653553,122384336690000.02,,506568.0,0.1387
2004-12-20,TISCO,EQ,333.6,333.25,339.8,333.25,338.9,339.05,337.18,2572449,86739095690000.0,,615393.0,0.23920000000000002
2004-12-21,TISCO,EQ,339.05,339.55,343.4,338.5,343.0,341.95,341.04,2239771,76386172070000.0,,630711.0,0.2816
2004-12-22,TISCO,EQ,341.95,343.5,345.9,338.7,339.5,340.5,342.47,3778473,129399749470000.0,,1045958.0,0.2768
2004-12-23,TISCO,EQ,340.5,340.0,348.0,338.5,347.5,346.6,343.95,2430892,83611429485000.0,,561447.0,0.231
2004-12-24,TISCO,EQ,346.6,348.0,361.45,347.9,360.9,358.9,354.9,5576237,197898542140000.0,,1547024.0,0.2774
2004-12-27,TISCO,EQ,358.9,358.85,376.5,358.1,372.1,374.3,370.36,7353483,272344339944999.97,,1750899.0,0.23809999999999998
2004-12-28,TISCO,EQ,374.3,373.25,396.4,373.25,392.05,391.65,387.2,10471720,405468309100000.0,,2094553.0,0.2
2004-12-29,TISCO,EQ,391.65,393.0,396.9,384.25,387.75,386.9,389.18,6582469,256174029630000.03,,1019935.0,0.1549
2004-12-30,TISCO,EQ,386.9,388.0,393.15,383.75,386.0,385.0,388.03,4972817,192957985035000.0,,1222041.0,0.2457
2004-12-31,TISCO,EQ,385.0,390.0,390.0,379.65,386.75,385.1,383.67,7052848,270598025900000.0,,1740979.0,0.2468
2005-01-03,TISCO,EQ,385.1,395.0,395.0,383.65,387.75,387.25,388.28,4214699,163647005190000.0,,1258752.0,0.2987
2005-01-04,TISCO,EQ,387.25,387.0,391.4,384.3,387.4,386.95,388.0,3940324,152885925770000.0,,900458.0,0.2285
2005-01-05,TISCO,EQ,386.95,385.0,385.8,361.25,366.7,369.0,373.49,8018976,299503618445000.0,,2452940.0,0.3059
2005-01-06,TISCO,EQ,369.0,365.0,368.1,353.65,354.7,355.6,361.63,7790944,281744355525000.0,,1582318.0,0.2031
2005-01-07,TISCO,EQ,355.6,357.5,364.35,355.45,360.2,361.35,360.35,5332495,192154424250000.0,,761784.0,0.1429
2005-01-10,TISCO,EQ,361.35,362.9,367.85,356.6,357.05,358.2,362.8,3547442,128701596050000.0,,561110.0,0.1582
2005-01-11,TISCO,EQ,358.2,359.2,360.5,347.5,348.55,349.6,353.02,5897323,208186908730000.0,,1579527.0,0.26780000000000004
2005-01-12,TISCO,EQ,349.6,350.2,357.0,341.2,344.5,344.05,349.85,5418621,189568062130000.0,,674877.0,0.1245
2005-01-13,TISCO,EQ,344.05,350.0,359.9,346.0,358.0,357.1,354.39,5227290,185247681020000.0,,1041095.0,0.19920000000000002
2005-01-14,TISCO,EQ,357.1,357.9,358.9,346.55,349.6,348.35,353.13,4454731,157309178625000.0,,720770.0,0.1618
2005-01-17,TISCO,EQ,348.35,400.0,400.0,335.85,345.85,344.85,341.41,6473366,221009451830000.03,,1122421.0,0.1734
2005-01-18,TISCO,EQ,344.85,329.0,352.4,329.0,344.05,344.05,347.66,4938665,171697146645000.0,,620124.0,0.12560000000000002
2005-01-19,TISCO,EQ,344.05,345.05,354.45,344.9,349.9,348.5,350.91,5622537,197301772655000.0,,575719.0,0.1024
2005-01-20,TISCO,EQ,348.5,351.0,353.4,338.1,352.3,351.7,346.23,9135453,316300253150000.0,,681203.0,0.0746
2005-01-24,TISCO,EQ,351.7,355.0,362.75,352.0,358.65,360.4,357.5,5767206,206176957970000.0,,999861.0,0.1734
2005-01-25,TISCO,EQ,360.4,359.2,369.0,357.0,368.45,368.0,364.02,4671764,170061209955000.0,,913971.0,0.1956
2005-01-27,TISCO,EQ,368.0,370.85,376.8,370.15,371.5,371.65,374.22,7008920,262286723680000.03,,2653303.0,0.3786
2005-01-28,TISCO,EQ,371.65,372.0,381.2,371.25,380.7,380.55,376.13,4938264,185744029220000.0,,858778.0,0.1739
2005-01-31,TISCO,EQ,380.55,383.0,388.65,382.0,385.85,386.45,386.05,3905098,150757023130000.0,,1144479.0,0.29309999999999997
2005-02-01,TISCO,EQ,386.45,390.0,391.0,380.25,382.05,382.2,383.5,3584312,137459812830000.0,,584612.0,0.1631
2005-02-02,TISCO,EQ,382.2,383.85,388.9,382.5,385.0,384.0,385.43,3314675,127758336740000.02,,778164.0,0.2348
2005-02-03,TISCO,EQ,384.0,386.0,397.5,386.0,397.5,395.9,392.9,6321206,248362343215000.0,,1618562.0,0.2561
2005-02-04,TISCO,EQ,395.9,399.15,402.5,391.6,398.0,397.0,396.98,7353833,291933636385000.0,,1443708.0,0.1963
2005-02-07,TISCO,EQ,397.0,401.5,406.0,397.1,398.7,399.5,402.37,6514978,262145879910000.0,,1095974.0,0.16820000000000002
2005-02-08,TISCO,EQ,399.5,399.85,402.9,392.0,398.55,395.65,398.24,5801780,231047229544999.97,,934720.0,0.1611
2005-02-09,TISCO,EQ,395.65,399.2,404.2,397.25,400.7,400.7,400.53,5137228,205761023175000.0,,1032642.0,0.201
2005-02-10,TISCO,EQ,400.7,401.45,401.9,394.2,397.8,398.1,398.56,4633002,184650790400000.0,,991329.0,0.214
2005-02-11,TISCO,EQ,398.1,400.0,401.95,397.5,398.6,399.0,399.54,4112559,164311773070000.0,,1109069.0,0.2697
2005-02-14,TISCO,EQ,399.0,401.0,408.0,400.75,404.9,404.8,405.51,4315548,174999462100000.0,,1152401.0,0.267
2005-02-15,TISCO,EQ,404.8,405.5,407.1,400.6,401.5,402.05,403.64,4357736,175896391870000.0,,552024.0,0.1267
2005-02-16,TISCO,EQ,402.05,403.1,412.3,403.1,404.55,406.7,407.92,7971979,325194289285000.0,,1970719.0,0.2472
2005-02-17,TISCO,EQ,406.7,406.05,414.95,402.35,414.7,411.95,408.45,7834705,320004638895000.0,,1030121.0,0.1315
2005-02-18,TISCO,EQ,411.95,416.0,419.1,411.5,414.55,413.9,415.78,8313134,345646672305000.0,,2119207.0,0.2549
2005-02-21,TISCO,EQ,413.9,414.05,414.9,406.6,407.1,408.4,410.54,4443281,182413229165000.0,,835208.0,0.188
2005-02-22,TISCO,EQ,408.4,410.0,414.95,405.25,414.5,412.55,409.41,3980059,162947861520000.0,,776454.0,0.19510000000000002
2005-02-23,TISCO,EQ,412.55,413.5,417.85,409.9,414.7,414.0,414.56,5321227,220597820510000.0,,1353789.0,0.2544
2005-02-24,TISCO,EQ,414.0,415.5,417.4,411.05,412.4,412.0,414.58,5973205,247637344200000.0,,1958372.0,0.3279
2005-02-25,TISCO,EQ,412.0,413.0,415.45,407.5,408.6,409.95,411.04,5136070,211110862520000.0,,1462445.0,0.2847
2005-02-28,TISCO,EQ,409.95,411.0,425.9,405.0,422.4,422.25,417.48,7516620,313801909555000.0,,1517273.0,0.20190000000000002
2005-03-01,TISCO,EQ,422.25,421.0,423.0,415.0,420.7,421.2,419.24,5257021,220394637090000.0,,1058776.0,0.20140000000000002
2005-03-02,TISCO,EQ,421.2,422.5,429.5,422.5,427.15,428.6,425.87,5645248,240416872235000.0,,1199888.0,0.2125
2005-03-03,TISCO,EQ,428.6,428.0,432.7,428.0,430.9,430.6,430.9,4263889,183729953685000.0,,1372567.0,0.32189999999999996
2005-03-04,TISCO,EQ,430.6,432.7,433.5,427.2,428.85,428.9,429.71,3064419,131679998015000.02,,844140.0,0.2755
2005-03-07,TISCO,EQ,428.9,431.0,437.9,430.75,434.7,434.85,434.04,3735174,162121899165000.0,,1122041.0,0.3004
2005-03-08,TISCO,EQ,434.85,435.35,437.75,431.1,437.25,436.75,435.4,4446678,193607484215000.0,,1709754.0,0.38450000000000006
2005-03-09,TISCO,EQ,436.75,438.0,440.1,430.35,431.55,432.15,434.47,3150285,136871357590000.02,,618807.0,0.19640000000000002
2005-03-10,TISCO,EQ,432.15,432.0,432.55,426.45,431.55,431.25,430.01,3717115,159841319215000.0,,1071699.0,0.2883
2005-03-11,TISCO,EQ,431.25,433.0,443.0,433.0,440.1,441.15,438.49,5205571,228260281550000.0,,1389846.0,0.267
2005-03-14,TISCO,EQ,441.15,441.9,446.3,436.5,437.25,437.75,441.58,4395220,194086217050000.0,,1265636.0,0.28800000000000003
2005-03-15,TISCO,EQ,437.75,438.9,444.75,433.55,442.4,442.8,440.27,5244292,230889763540000.0,,792429.0,0.15109999999999998
2005-03-16,TISCO,EQ,442.8,443.1,446.65,438.0,439.6,440.4,443.03,4046649,179277884950000.0,,1030114.0,0.2546
2005-03-17,TISCO,EQ,440.4,439.0,440.0,427.0,428.05,430.85,435.14,4367946,190068033100000.0,,1196046.0,0.2738
2005-03-18,TISCO,EQ,430.85,429.8,435.95,421.7,435.0,434.15,428.91,5081285,217943750180000.03,,777255.0,0.153
2005-03-21,TISCO,EQ,434.15,436.0,436.75,427.75,428.25,430.85,433.71,3175400,137720071150000.0,,638181.0,0.201
2005-03-22,TISCO,EQ,430.85,429.7,430.0,416.0,416.8,417.6,422.46,4665637,197103260645000.0,,1525113.0,0.32689999999999997
2005-03-23,TISCO,EQ,417.6,420.0,424.5,405.15,408.0,408.4,417.37,8124765,339106567275000.0,,2093377.0,0.2577
2005-03-24,TISCO,EQ,408.4,410.0,415.45,407.5,415.2,412.3,411.85,5483254,225827047775000.0,,888412.0,0.162
2005-03-28,TISCO,EQ,412.3,415.25,422.9,415.0,418.6,418.3,419.64,4338051,182043327930000.0,,1394789.0,0.3215
2005-03-29,TISCO,EQ,418.3,419.5,419.5,398.25,401.55,401.6,408.63,7600624,310585360840000.0,,1722956.0,0.2267
2005-03-30,TISCO,EQ,401.6,400.0,405.9,391.1,395.3,396.1,398.71,7049205,281056176375000.0,,1464334.0,0.2077
2005-03-31,TISCO,EQ,396.1,402.7,405.0,397.5,401.8,401.05,401.29,8633039,346435796770000.0,,2392273.0,0.2771
2005-04-01,TISCO,EQ,401.05,403.25,411.0,399.5,410.8,409.25,405.22,4889815,198143944170000.0,,908846.0,0.1859
2005-04-04,TISCO,EQ,409.25,409.25,412.45,392.2,392.75,393.6,400.11,5484795,219451677805000.03,,1654381.0,0.30160000000000003
2005-04-05,TISCO,EQ,393.6,394.0,396.0,380.5,382.8,382.35,386.51,6606516,255347534765000.0,,1238281.0,0.18739999999999998
2005-04-06,TISCO,EQ,382.35,394.4,394.4,384.5,392.0,390.45,388.68,5248679,204004295770000.0,,1021614.0,0.19460000000000002
2005-04-07,TISCO,EQ,390.45,394.0,394.0,385.0,385.8,385.85,388.73,3417939,132863938850000.0,,571959.0,0.1673
2005-04-08,TISCO,EQ,385.85,386.05,389.5,379.25,381.1,381.05,383.69,4797174,184061995365000.0,,912992.0,0.19030000000000002
2005-04-11,TISCO,EQ,381.05,382.9,386.7,375.25,380.5,381.3,379.14,4116245,156064243090000.0,,792102.0,0.1924
2005-04-12,TISCO,EQ,381.3,382.0,390.3,380.35,389.7,388.9,384.71,3321621,127785679145000.0,,563214.0,0.1696
2005-04-13,TISCO,EQ,388.9,394.0,394.0,379.1,381.25,381.0,384.1,3948636,151667913595000.0,,777799.0,0.197
2005-04-15,TISCO,EQ,381.0,375.0,378.0,364.15,364.85,366.25,368.63,6061247,223435046990000.0,,1771390.0,0.2922
2005-04-18,TISCO,EQ,366.25,355.6,362.9,352.0,353.8,354.2,358.15,4877319,174682054975000.0,,1238316.0,0.2539
2005-04-19,TISCO,EQ,354.2,356.05,364.0,345.2,346.0,347.2,356.59,5686273,202765024330000.0,,1044577.0,0.1837
2005-04-20,TISCO,EQ,347.2,344.9,364.0,344.9,363.75,363.1,356.65,7077706,252423017955000.03,,1028844.0,0.1454
2005-04-21,TISCO,EQ,363.1,363.95,369.95,356.05,367.1,369.0,362.62,4889210,177290418525000.0,,804899.0,0.16460000000000002
2005-04-22,TISCO,EQ,369.0,371.7,372.0,360.35,361.15,361.7,364.17,4034140,146910577520000.0,,583190.0,0.1446
2005-04-25,TISCO,EQ,361.7,362.0,366.85,358.3,363.5,363.25,363.47,3365075,122312051165000.02,,320348.0,0.09519999999999999
2005-04-26,TISCO,EQ,363.25,364.75,365.95,357.4,358.75,358.7,361.38,3038806,109815992125000.0,,446181.0,0.1468
2005-04-27,TISCO,EQ,358.7,358.0,358.0,348.2,349.5,349.65,353.4,3453666,122051951595000.0,,826488.0,0.2393
2005-04-28,TISCO,EQ,349.65,352.0,352.5,341.6,343.75,343.35,346.34,6267455,217065303160000.0,,2224230.0,0.35490000000000005
2005-04-29,TISCO,EQ,343.35,345.0,346.7,339.35,341.0,340.95,342.96,6721989,230537169900000.0,,897289.0,0.1335
2005-05-02,TISCO,EQ,340.95,345.0,346.7,339.1,344.5,345.1,343.4,5385231,184927113355000.0,,594930.0,0.11050000000000001
2005-05-03,TISCO,EQ,345.1,345.9,350.85,342.25,343.1,343.4,346.67,5040293,174729555010000.0,,518758.0,0.10289999999999999
2005-05-04,TISCO,EQ,343.4,345.5,354.9,344.5,354.0,354.1,349.51,4820099,168465858110000.0,,784771.0,0.16280000000000003
2005-05-05,TISCO,EQ,354.1,356.1,360.3,352.3,354.0,354.95,356.47,5479392,195325897215000.0,,798301.0,0.1457
2005-05-06,TISCO,EQ,354.95,355.8,356.9,348.1,356.0,354.35,352.66,4884536,172255804020000.0,,624616.0,0.12789999999999999
2005-05-09,TISCO,EQ,354.35,359.0,364.35,355.0,362.25,363.0,360.02,4258303,153308972735000.0,,963194.0,0.2262
2005-05-10,TISCO,EQ,363.0,363.6,365.55,357.2,359.25,358.55,361.93,3829290,138591746409999.98,,466125.0,0.1217
2005-05-11,TISCO,EQ,358.55,360.0,360.0,351.1,358.0,357.35,355.72,3240579,115274788490000.02,,532911.0,0.16440000000000002
2005-05-12,TISCO,EQ,357.35,358.0,362.45,356.15,357.0,358.0,359.94,2979026,107227193420000.0,,378841.0,0.1272
2005-05-13,TISCO,EQ,358.0,357.0,360.65,353.0,359.05,359.65,356.84,3393952,121108740625000.0,,973904.0,0.287
2005-05-16,TISCO,EQ,359.65,360.0,364.8,359.0,363.25,363.15,361.55,2184696,78987886450000.0,,610395.0,0.27940000000000004
2005-05-17,TISCO,EQ,363.15,365.0,367.45,352.5,352.8,354.05,358.92,3173423,113899833875000.0,,666670.0,0.2101
2005-05-18,TISCO,EQ,354.05,354.0,361.0,351.1,358.1,356.85,357.1,5401616,192892799750000.0,,1222847.0,0.22640000000000002
2005-05-19,TISCO,EQ,356.85,360.0,365.9,354.9,356.0,356.75,360.93,7706110,278137474250000.0,,1453009.0,0.1886
2005-05-20,TISCO,EQ,356.75,356.0,359.9,353.25,354.2,355.2,356.18,4933443,175720091920000.0,,1330798.0,0.2698
2005-05-23,TISCO,EQ,355.2,356.7,357.7,349.3,351.2,351.25,351.64,3811125,134016219070000.0,,666707.0,0.1749
2005-05-24,TISCO,EQ,351.25,353.0,359.4,351.0,358.25,358.1,355.56,4574392,162645434995000.0,,1549040.0,0.3386
2005-05-25,TISCO,EQ,358.1,358.55,359.7,354.15,354.6,355.25,356.83,3344304,119334829265000.02,,988029.0,0.2954
2005-05-26,TISCO,EQ,355.25,355.0,357.45,353.2,355.0,355.75,355.34,2490236,88487479865000.0,,771822.0,0.3099
2005-05-27,TISCO,EQ,355.75,360.0,369.0,356.1,363.85,362.6,363.6,4353073,158277965535000.0,,849784.0,0.1952
2005-05-30,TISCO,EQ,362.6,365.0,365.0,359.75,361.45,361.25,362.23,2239772,81130863000000.0,,365817.0,0.16329999999999997
2005-05-31,TISCO,EQ,361.25,360.95,366.0,360.5,363.5,363.3,363.6,2314887,84170041500000.0,,550266.0,0.2377
2005-06-01,TISCO,EQ,363.3,364.0,365.7,355.3,356.5,356.35,359.06,3396048,121937688315000.02,,949114.0,0.2795
2005-06-02,TISCO,EQ,356.35,356.05,356.05,348.0,348.5,349.05,352.01,3659175,128806519965000.02,,1052797.0,0.2877
2005-06-03,TISCO,EQ,349.05,350.0,352.0,344.1,349.5,349.7,348.34,4665847,162529727160000.0,,1534057.0,0.32880000000000004
2005-06-04,TISCO,EQ,349.7,349.5,355.55,347.0,353.25,353.25,352.07,2171079,76436136885000.0,,520604.0,0.2398
2005-06-06,TISCO,EQ,353.25,354.45,356.25,348.3,349.0,349.5,351.57,3311323,116417644225000.0,,1238174.0,0.3739
2005-06-07,TISCO,EQ,349.5,342.0,342.0,337.3,339.1,339.25,339.62,2814886,95597757775000.0,,714641.0,0.2539
2005-06-08,TISCO,EQ,339.25,340.9,341.85,334.85,338.2,339.35,338.38,3819599,129248951040000.02,,911564.0,0.23870000000000002
2005-06-09,TISCO,EQ,339.35,338.2,342.8,336.0,337.4,337.85,340.15,3978266,135318945195000.0,,975533.0,0.2452
2005-06-10,TISCO,EQ,337.85,339.95,341.65,333.35,334.3,334.4,337.49,4947916,166987160165000.0,,1500073.0,0.3032
2005-06-13,TISCO,EQ,334.4,336.45,336.9,330.0,330.55,330.8,333.05,2761506,91970781475000.0,,635381.0,0.23010000000000003
2005-06-14,TISCO,EQ,330.8,332.0,336.5,331.0,334.0,334.4,334.34,2937911,98226304015000.0,,501312.0,0.1706
2005-06-15,TISCO,EQ,334.4,335.0,340.7,335.0,339.85,339.45,339.1,3429767,116302926645000.0,,877106.0,0.2557
2005-06-16,TISCO,EQ,339.45,340.05,344.85,338.8,339.8,339.45,342.03,3651570,124896370159999.98,,1111071.0,0.3043
2005-06-17,TISCO,EQ,339.45,340.4,341.95,335.85,341.9,340.8,339.47,2512130,85280048250000.0,,556674.0,0.22160000000000002
2005-06-20,TISCO,EQ,340.8,344.15,350.4,339.1,349.3,348.6,344.66,4140360,142703605190000.0,,1210648.0,0.2924
2005-06-21,TISCO,EQ,348.6,351.0,358.0,350.1,356.5,357.15,354.08,4967151,175874541325000.0,,1536388.0,0.3093
2005-06-22,TISCO,EQ,357.15,359.0,369.9,355.8,364.15,364.05,363.36,12174206,442362956455000.0,,4530193.0,0.37210000000000004
2005-06-23,TISCO,EQ,364.05,366.3,372.6,363.6,364.2,365.95,367.63,6421574,236075339225000.0,,1179293.0,0.18359999999999999
2005-06-24,TISCO,EQ,365.95,363.0,366.85,360.5,363.5,363.0,363.65,3719640,135263328884999.98,,1004471.0,0.27
2005-06-27,TISCO,EQ,363.0,365.0,366.95,358.0,359.0,359.25,360.1,4657127,167705422130000.0,,2131784.0,0.45770000000000005
2005-06-28,TISCO,EQ,359.25,359.2,360.05,339.5,340.0,341.7,349.03,4274358,149188625670000.0,,1471303.0,0.3442
2005-06-29,TISCO,EQ,341.7,342.0,347.4,337.3,346.0,346.1,342.29,4496675,153915180475000.0,,962665.0,0.2141
2005-06-30,TISCO,EQ,346.1,347.0,348.0,337.55,339.0,339.75,342.66,5542375,189915340790000.0,,2617416.0,0.4723
2005-07-01,TISCO,EQ,339.75,342.0,346.5,336.1,342.7,344.15,342.48,4305948,147471771250000.0,,586946.0,0.1363
2005-07-04,TISCO,EQ,344.15,345.0,349.35,343.0,344.85,345.95,346.9,2588483,89795698960000.0,,609982.0,0.23570000000000002
2005-07-05,TISCO,EQ,345.95,351.0,359.9,342.35,346.5,346.95,347.53,4741283,164771877975000.0,,1139462.0,0.2403
2005-07-06,TISCO,EQ,346.95,348.0,352.95,345.0,349.9,350.2,350.54,3646166,127812266930000.0,,1320013.0,0.36200000000000004
2005-07-07,TISCO,EQ,350.2,351.0,359.75,351.0,356.0,353.8,355.78,6222167,221371300615000.0,,2013448.0,0.3236
2005-07-08,TISCO,EQ,353.8,357.9,364.8,357.9,360.0,362.3,361.79,5374088,194430405535000.0,,1433546.0,0.2668
2005-07-11,TISCO,EQ,362.3,362.0,366.5,361.0,361.65,362.05,363.2,2784589,101134951945000.0,,1039389.0,0.37329999999999997
2005-07-12,TISCO,EQ,362.05,363.0,365.0,355.0,360.75,360.35,360.43,2724082,98183985200000.0,,841451.0,0.3089
2005-07-13,TISCO,EQ,360.35,362.8,362.8,352.5,353.5,355.05,355.36,2594945,92213314675000.0,,852171.0,0.3284
2005-07-14,TISCO,EQ,355.05,355.95,357.1,350.0,350.0,350.6,354.28,1759242,62325883570000.01,,424301.0,0.24120000000000003
2005-07-15,TISCO,EQ,350.6,352.0,357.25,347.65,355.55,355.45,352.96,2325561,82083540065000.0,,315044.0,0.1355
2005-07-18,TISCO,EQ,355.45,356.0,364.95,354.35,362.25,362.55,359.9,3350732,120591656100000.0,,796335.0,0.2377
2005-07-19,TISCO,EQ,362.55,364.45,371.45,361.15,370.85,369.7,367.69,4089642,150371780615000.0,,917181.0,0.2243
2005-07-20,TISCO,EQ,369.7,371.45,374.9,369.1,369.6,371.65,372.91,3284496,122482504434999.98,,977910.0,0.2977
2005-07-21,TISCO,EQ,371.65,372.0,376.4,367.0,369.2,369.7,372.07,4099183,152520049750000.0,,1105435.0,0.2697
2005-07-22,TISCO,EQ,369.7,370.1,380.0,368.1,377.6,378.75,375.6,3548932,133298646034999.98,,974758.0,0.2747
2005-07-25,TISCO,EQ,378.75,380.0,387.45,380.0,386.5,385.35,385.12,4489951,172915448285000.0,,2179363.0,0.4854
2005-07-26,TISCO,EQ,385.35,388.35,391.7,382.0,390.0,390.0,387.81,4306159,166996551225000.0,,1271380.0,0.2952
2005-07-27,TISCO,EQ,390.0,390.0,393.2,373.3,374.25,375.3,382.93,7943596,304180413900000.0,,2408058.0,0.3031
2005-07-29,TISCO,EQ,375.3,401.0,401.0,365.0,370.0,367.65,373.04,5856044,218455197719999.97,,2270176.0,0.38770000000000004
2005-08-01,TISCO,EQ,367.65,367.45,367.8,360.0,364.05,364.8,364.42,3690527,134489993490000.02,,1392402.0,0.37729999999999997
2005-08-02,TISCO,EQ,364.8,363.0,378.4,362.0,372.0,373.15,373.95,5840959,218421510160000.0,,1589422.0,0.2721
2005-08-03,TISCO,EQ,373.15,376.0,381.5,365.85,366.0,369.05,372.03,4411583,164122610325000.0,,1259774.0,0.2856
2005-08-04,TISCO,EQ,369.05,369.5,385.9,369.0,383.5,383.1,380.81,8001953,304719608905000.0,,2183925.0,0.2729
2005-08-05,TISCO,EQ,383.1,384.0,392.6,381.7,388.35,388.2,387.31,5363466,207733707425000.0,,1284001.0,0.23940000000000003
2005-08-08,TISCO,EQ,388.2,388.05,396.25,386.55,388.55,387.95,391.91,5761954,225815314694999.97,,2059432.0,0.35740000000000005
2005-08-09,TISCO,EQ,387.95,386.8,398.65,383.65,390.55,388.05,391.15,5778464,226022501635000.0,,782148.0,0.1354
2005-08-10,TISCO,EQ,388.05,391.0,400.0,391.0,399.8,398.05,394.83,4505671,177897258330000.0,,1277697.0,0.2836
2005-08-11,TISCO,EQ,398.05,400.0,408.75,400.0,404.0,404.25,405.03,6541138,264937575010000.0,,1815555.0,0.2776
2005-08-12,TISCO,EQ,404.25,408.0,408.9,395.1,401.6,402.85,403.01,5500676,221684645525000.0,,1038905.0,0.1889
2005-08-16,TISCO,EQ,402.85,406.0,411.0,405.0,408.35,409.6,408.43,4174896,170513709535000.0,,1055592.0,0.2528
2005-08-17,TISCO,EQ,409.6,409.9,415.5,406.25,414.0,414.35,412.91,3779635,156066519600000.0,,1060845.0,0.2807
2005-08-18,TISCO,EQ,414.35,414.5,416.9,406.9,408.3,408.85,410.88,4731648,194413918650000.0,,1116207.0,0.2359
2005-08-19,TISCO,EQ,408.85,409.0,411.5,400.0,401.0,402.0,406.05,4258198,172903569600000.0,,1206282.0,0.2833
2005-08-22,TISCO,EQ,402.0,402.0,405.9,390.4,392.75,393.0,397.89,2384729,94887048460000.0,,482720.0,0.2024
2005-08-23,TISCO,EQ,393.0,400.0,400.0,382.25,383.2,383.35,389.43,3267303,127237367790000.02,,1051169.0,0.32170000000000004
2005-08-24,TISCO,EQ,383.35,384.15,386.3,372.1,375.5,376.0,379.33,4431895,168116899455000.0,,1192804.0,0.2691
2005-08-25,TISCO,EQ,376.0,396.0,396.0,376.15,384.0,382.9,380.49,5108242,194361783865000.0,,1839556.0,0.3601
2005-08-26,TISCO,EQ,382.9,395.0,398.0,383.25,390.55,389.0,386.93,2764258,106957343525000.0,,560538.0,0.2028
2005-08-29,TISCO,EQ,389.0,390.0,390.0,378.2,384.0,384.15,382.52,2542491,97255993445000.0,,539957.0,0.21239999999999998
2005-08-30,TISCO,EQ,384.15,384.0,392.6,384.0,391.9,391.15,389.57,2042769,79579425560000.0,,526163.0,0.2576
2005-08-31,TISCO,EQ,391.15,392.0,392.0,387.75,390.0,390.55,390.01,1695646,66131445025000.0,,580457.0,0.3423
2005-09-01,TISCO,EQ,390.55,392.7,396.85,392.0,392.55,393.2,394.48,1938088,76454620630000.0,,519852.0,0.2682
2005-09-02,TISCO,EQ,393.2,394.25,407.4,393.5,404.05,405.6,400.8,5154272,206585097570000.0,,1678274.0,0.32560000000000006
2005-09-05,TISCO,EQ,405.6,406.7,410.8,403.1,404.0,404.95,407.62,3680537,150024942085000.0,,1168748.0,0.3175
2005-09-06,TISCO,EQ,404.95,405.0,408.95,403.6,406.25,406.3,406.49,3080285,125211294184999.98,,769392.0,0.24980000000000002
2005-09-08,TISCO,EQ,406.3,407.95,411.0,407.1,408.3,409.45,409.2,2270205,92897219920000.0,,835771.0,0.36810000000000004
2005-09-09,TISCO,EQ,409.45,409.7,412.0,402.9,411.0,409.55,408.8,1860209,76045521915000.0,,670964.0,0.3607
2005-09-12,TISCO,EQ,409.55,412.0,414.75,410.75,412.0,411.85,413.06,1780019,73524908385000.0,,526493.0,0.2958
2005-09-13,TISCO,EQ,411.85,411.9,412.8,407.6,407.75,408.35,409.31,1273438,52123172520000.0,,434027.0,0.3408
2005-09-14,TISCO,EQ,408.35,408.0,412.9,400.45,406.35,405.0,407.6,2640117,107611165415000.02,,516013.0,0.1955
2005-09-15,TISCO,EQ,405.0,415.0,455.65,405.25,414.65,414.05,410.26,1699592,69726854240000.0,,437263.0,0.25730000000000003
2005-09-16,TISCO,EQ,414.05,415.0,424.4,414.0,422.15,421.8,419.27,3832209,160674148370000.0,,1209126.0,0.3155
2005-09-19,TISCO,EQ,421.8,424.0,431.85,421.9,428.7,429.7,428.33,3103581,132935385030000.0,,817343.0,0.2634
2005-09-20,TISCO,EQ,429.7,429.7,436.25,425.0,427.55,428.15,431.79,3923927,169431800840000.0,,1061719.0,0.2706
2005-09-21,TISCO,EQ,428.15,349.9,430.0,349.9,418.6,418.4,416.88,4019285,167555588825000.0,,889810.0,0.2214
2005-09-22,TISCO,EQ,418.4,411.1,423.5,398.5,401.6,401.85,411.81,5836687,240358465965000.0,,1405871.0,0.2409
2005-09-23,TISCO,EQ,401.85,402.5,408.9,392.5,403.5,402.45,402.08,4463474,179467533435000.0,,969663.0,0.2172
2005-09-26,TISCO,EQ,402.45,403.0,418.4,403.0,418.1,416.1,412.16,2949406,121562720859999.98,,968631.0,0.3284
2005-09-27,TISCO,EQ,416.1,417.0,422.35,412.2,416.8,416.95,417.48,3196250,133437624005000.0,,729257.0,0.22820000000000001
2005-09-28,TISCO,EQ,416.95,410.0,419.5,410.0,416.5,417.4,416.5,2312980,96335346795000.0,,857244.0,0.37060000000000004
2005-09-29,TISCO,EQ,417.4,418.55,424.4,414.0,418.4,417.8,419.97,4480388,188164281370000.0,,2195327.0,0.49
2005-09-30,TISCO,EQ,417.8,421.0,428.4,415.65,423.5,423.5,423.21,6767884,286426585860000.0,,1290268.0,0.1906
2005-10-03,TISCO,EQ,423.5,423.0,429.9,423.0,425.6,426.0,426.94,2246896,95928506155000.0,,594266.0,0.2645
2005-10-04,TISCO,EQ,426.0,426.5,436.1,426.5,435.0,433.1,431.08,3664264,157959849595000.0,,1012707.0,0.27640000000000003
2005-10-05,TISCO,EQ,433.1,435.0,435.55,423.0,424.05,424.4,429.02,4982608,213762334660000.0,,1638688.0,0.3289
2005-10-06,TISCO,EQ,424.4,423.0,423.0,401.2,402.55,403.75,410.24,6589529,270332101719999.97,,1954095.0,0.2965
2005-10-07,TISCO,EQ,403.75,397.1,406.45,394.1,395.1,395.35,399.24,5584473,222955588975000.0,,1087822.0,0.1948
2005-10-10,TISCO,EQ,395.35,397.0,397.65,386.65,388.2,388.2,390.86,3772700,147460720760000.0,,1081422.0,0.2866
2005-10-11,TISCO,EQ,388.2,391.0,395.2,382.55,394.85,394.2,389.56,3999437,155800959560000.0,,826767.0,0.20670000000000002
2005-10-13,TISCO,EQ,394.2,391.0,392.0,374.65,376.0,376.3,383.13,5419094,207622541495000.0,,2022370.0,0.37320000000000003
2005-10-14,TISCO,EQ,376.3,377.6,382.6,373.05,378.4,379.0,377.84,5615514,212174833555000.0,,1225364.0,0.2182
2005-10-17,TATASTEEL,EQ,379.0,380.0,386.3,374.6,384.2,384.35,381.89,4618966,176394126215000.0,,967474.0,0.2095
2005-10-18,TATASTEEL,EQ,384.35,386.85,388.55,364.1,365.1,374.85,382.15,3408087,130241571820000.0,,813336.0,0.2386
2005-10-19,TATASTEEL,EQ,374.85,371.6,373.55,352.0,362.7,361.55,365.77,4549667,166411277920000.0,,1378484.0,0.303
2005-10-20,TATASTEEL,EQ,361.55,365.3,371.85,351.5,359.55,358.6,362.9,4132203,149957394640000.0,,775267.0,0.18760000000000002
2005-10-21,TATASTEEL,EQ,358.6,360.35,368.5,357.65,367.5,367.4,363.93,4355886,158522454440000.0,,1853897.0,0.42560000000000003
2005-10-24,TATASTEEL,EQ,367.4,368.5,379.9,350.8,352.25,352.3,359.85,3894076,140127516859999.98,,1150726.0,0.29550000000000004
2005-10-25,TATASTEEL,EQ,352.3,355.0,357.5,348.0,349.7,350.5,352.19,4574872,161124332660000.0,,903146.0,0.1974
2005-10-26,TATASTEEL,EQ,350.5,351.0,355.9,344.3,345.95,346.9,350.25,4196216,146973106600000.0,,694901.0,0.1656
2005-10-27,TATASTEEL,EQ,346.9,347.6,348.85,335.1,336.7,337.6,340.52,5109854,173998756010000.0,,2128998.0,0.41659999999999997
2005-10-28,TATASTEEL,EQ,337.6,348.85,348.9,329.0,332.0,330.8,333.51,2394522,79858769515000.0,,482868.0,0.20170000000000002
2005-10-31,TATASTEEL,EQ,330.8,335.0,340.5,331.2,340.1,339.4,336.38,2029967,68283675260000.0,,516084.0,0.25420000000000004
2005-11-01,TATASTEEL,EQ,339.4,345.0,345.0,339.15,340.0,340.15,341.14,893405,30477404935000.004,,350771.0,0.3926
2005-11-02,TATASTEEL,EQ,340.15,341.4,351.0,331.0,349.5,348.95,342.35,4253299,145612709140000.0,,1484765.0,0.34909999999999997
2005-11-07,TATASTEEL,EQ,348.95,340.5,366.5,340.5,362.1,363.65,358.54,7146401,256227004110000.0,,2508697.0,0.35100000000000003
2005-11-08,TATASTEEL,EQ,363.65,365.9,368.95,357.25,363.5,362.1,363.36,5476390,198991547700000.0,,1265753.0,0.2311
2005-11-09,TATASTEEL,EQ,362.1,364.1,368.8,360.0,361.05,362.75,364.32,5944366,216568076390000.0,,1087503.0,0.1829
2005-11-10,TATASTEEL,EQ,362.75,362.8,365.7,360.25,363.5,363.35,363.0,2842920,103199168095000.0,,659224.0,0.23190000000000002
2005-11-11,TATASTEEL,EQ,363.35,365.7,373.3,365.0,372.1,371.3,369.49,3446474,127343704190000.02,,929564.0,0.2697
2005-11-14,TATASTEEL,EQ,371.3,374.3,374.4,360.2,365.3,365.6,366.21,3304676,121019417920000.0,,864501.0,0.2616
2005-11-16,TATASTEEL,EQ,365.6,369.0,370.0,363.05,366.2,367.55,367.78,1848823,67995765740000.0,,388278.0,0.21
2005-11-17,TATASTEEL,EQ,367.55,369.9,374.0,359.0,366.0,367.05,364.22,4075733,148444452175000.0,,1137956.0,0.2792
2005-11-18,TATASTEEL,EQ,367.05,369.0,375.0,368.2,369.0,370.2,372.16,3801307,141469107460000.0,,883138.0,0.2323
2005-11-21,TATASTEEL,EQ,370.2,371.5,371.9,359.1,359.5,360.8,364.43,2658137,96871484705000.0,,818961.0,0.3081
2005-11-22,TATASTEEL,EQ,360.8,360.45,362.0,349.15,349.9,351.1,356.33,3731824,132976087890000.02,,896696.0,0.2403
2005-11-23,TATASTEEL,EQ,351.1,350.0,351.1,339.25,342.6,342.65,344.42,5888523,202810618130000.0,,1917892.0,0.3257
2005-11-24,TATASTEEL,EQ,342.65,343.0,348.7,340.6,343.25,342.4,343.34,6028302,206976550305000.0,,2599398.0,0.43119999999999997
2005-11-25,TATASTEEL,EQ,342.4,344.2,348.0,338.0,342.0,342.25,342.99,4814894,165144747565000.0,,1560943.0,0.32420000000000004
2005-11-26,TATASTEEL,EQ,342.25,342.4,346.0,342.4,344.6,344.2,344.24,928792,31973117564999.996,,144210.0,0.1553
2005-11-28,TATASTEEL,EQ,344.2,345.85,352.0,342.0,343.65,344.75,347.02,7795891,270534110019999.97,,2852102.0,0.3658
2005-11-29,TATASTEEL,EQ,344.75,343.5,351.6,341.75,349.7,347.9,347.24,4502443,156343806950000.0,,620093.0,0.1377
2005-11-30,TATASTEEL,EQ,347.9,349.55,356.9,348.1,350.2,349.7,352.64,5545838,195568012920000.0,,1607508.0,0.2899
2005-12-01,TATASTEEL,EQ,349.7,356.9,356.9,346.25,350.15,350.3,351.06,3626155,127298834600000.0,,744379.0,0.2053
2005-12-02,TATASTEEL,EQ,350.3,354.0,361.4,353.0,356.9,357.05,357.42,5256560,187882285585000.0,,1383407.0,0.2632
2005-12-05,TATASTEEL,EQ,357.05,358.0,360.0,352.6,353.65,354.1,356.42,2820750,100536954640000.0,,709183.0,0.2514
2005-12-06,TATASTEEL,EQ,354.1,353.7,356.8,348.15,349.2,351.15,353.8,1786739,63214120770000.01,,256819.0,0.1437
2005-12-07,TATASTEEL,EQ,351.15,351.15,353.15,348.2,350.5,349.7,350.67,2013862,70620844010000.0,,408329.0,0.2028
2005-12-08,TATASTEEL,EQ,349.7,352.0,352.0,345.85,346.5,347.7,348.77,1926180,67179111790000.0,,280295.0,0.14550000000000002
2005-12-09,TATASTEEL,EQ,347.7,348.8,357.0,348.0,357.0,356.05,353.65,2981821,105453042910000.0,,774811.0,0.25980000000000003
2005-12-12,TATASTEEL,EQ,356.05,357.0,365.0,357.0,362.8,363.05,361.94,2965474,107332501305000.0,,1027845.0,0.34659999999999996
2005-12-13,TATASTEEL,EQ,363.05,364.0,372.3,362.1,371.0,369.55,366.7,3690948,135347820350000.0,,1659429.0,0.4496
2005-12-14,TATASTEEL,EQ,369.55,371.35,381.0,370.55,376.9,378.15,376.4,6028697,226921202405000.03,,1945617.0,0.32270000000000004
2005-12-15,TATASTEEL,EQ,378.15,381.0,384.35,365.4,368.25,368.85,376.91,7117421,268264925515000.0,,1961209.0,0.2756
2005-12-16,TATASTEEL,EQ,368.85,371.3,371.85,365.15,367.75,367.9,368.29,3549729,130733118905000.0,,1025777.0,0.289
2005-12-19,TATASTEEL,EQ,367.9,369.9,381.0,369.05,380.6,380.05,375.01,2896776,108631137370000.0,,978955.0,0.3379
2005-12-20,TATASTEEL,EQ,380.05,381.0,382.05,371.8,373.6,374.45,376.52,3691616,138997566830000.0,,881037.0,0.23870000000000002
2005-12-21,TATASTEEL,EQ,374.45,374.2,377.2,368.85,375.4,375.35,373.27,3806768,142094376240000.0,,1094734.0,0.2876
2005-12-22,TATASTEEL,EQ,375.35,376.25,383.0,375.5,382.6,381.5,379.43,3647554,138397948584999.98,,756518.0,0.2074
2005-12-23,TATASTEEL,EQ,381.5,382.55,384.7,366.55,366.9,368.5,374.94,4313008,161712669540000.0,,1253687.0,0.2907
2005-12-26,TATASTEEL,EQ,368.5,369.0,371.5,364.6,368.7,368.6,368.59,3707845,136669227770000.0,,906502.0,0.2445
2005-12-27,TATASTEEL,EQ,368.6,368.5,375.9,367.0,375.25,375.3,373.14,2037287,76019477665000.0,,403646.0,0.1981
2005-12-28,TATASTEEL,EQ,375.3,376.0,378.9,369.1,370.25,371.05,373.99,2657484,99388147520000.0,,613395.0,0.23079999999999998
2005-12-29,TATASTEEL,EQ,371.05,371.5,373.85,368.1,370.05,370.35,370.98,3368020,124945921455000.0,,1533860.0,0.4554
2005-12-30,TATASTEEL,EQ,370.35,370.25,381.6,370.25,380.0,379.95,376.91,3992422,150477966545000.0,,1997119.0,0.5002000000000001
2006-01-02,TATASTEEL,EQ,379.95,381.95,383.7,375.3,380.5,379.0,380.31,1927590,73308464385000.0,,530345.0,0.2751
2006-01-03,TATASTEEL,EQ,379.0,381.0,387.4,379.0,385.5,386.2,383.09,2035077,77961430000000.0,,727120.0,0.35729999999999995
2006-01-04,TATASTEEL,EQ,386.2,388.85,388.85,382.7,383.35,384.25,385.5,2277107,87782288705000.0,,527587.0,0.23170000000000002
2006-01-05,TATASTEEL,EQ,384.25,384.85,385.8,379.25,380.35,380.4,382.51,1393282,53294840055000.0,,228844.0,0.1642
2006-01-06,TATASTEEL,EQ,380.4,381.6,384.9,377.4,384.3,384.2,382.1,2408777,92039711285000.0,,1070563.0,0.44439999999999996
2006-01-09,TATASTEEL,EQ,384.2,385.4,388.4,378.1,378.1,380.05,383.2,2411130,92393397825000.0,,686410.0,0.2847
2006-01-10,TATASTEEL,EQ,380.05,379.85,380.75,371.0,371.5,372.25,375.42,1615455,60646890729999.99,,402870.0,0.2494
2006-01-12,TATASTEEL,EQ,372.25,370.0,374.5,365.15,369.7,369.3,369.75,2375032,87816663890000.0,,563612.0,0.2373
2006-01-13,TATASTEEL,EQ,369.3,378.0,378.0,366.0,366.3,367.15,368.96,1605482,59235527860000.0,,503937.0,0.3139
2006-01-16,TATASTEEL,EQ,367.15,367.0,367.0,354.7,355.0,356.25,359.35,2678074,96236010795000.0,,1093428.0,0.4083
2006-01-17,TATASTEEL,EQ,356.25,356.8,358.8,347.15,348.0,348.6,352.57,2775984,97872958905000.0,,1064838.0,0.3836
2006-01-18,TATASTEEL,EQ,348.6,400.0,400.0,343.6,350.7,351.15,348.25,2304380,80250196585000.0,,686397.0,0.2979
2006-01-19,TATASTEEL,EQ,351.15,352.9,361.5,352.55,360.6,360.45,358.29,2508658,89883057890000.0,,1158940.0,0.462
2006-01-20,TATASTEEL,EQ,360.45,363.0,368.75,360.5,361.6,362.15,364.67,4443070,162024206105000.0,,2229326.0,0.5018
2006-01-23,TATASTEEL,EQ,362.15,360.5,361.95,348.9,355.8,357.1,356.29,5278857,188080194490000.0,,1241153.0,0.23510000000000003
2006-01-24,TATASTEEL,EQ,357.1,358.1,366.7,354.1,363.75,364.45,362.43,2938094,106484016785000.0,,1095148.0,0.37270000000000003
2006-01-25,TATASTEEL,EQ,364.45,365.85,368.0,360.1,360.25,363.25,364.35,1719067,62634745595000.01,,621185.0,0.3614
2006-01-27,TATASTEEL,EQ,363.25,365.0,402.8,364.9,399.0,395.35,384.57,9099294,349936096740000.0,,4271722.0,0.46950000000000003
2006-01-30,TATASTEEL,EQ,395.35,390.55,402.8,376.85,395.0,396.95,391.52,8493368,332533247655000.0,,2401410.0,0.2827
2006-01-31,TATASTEEL,EQ,396.95,394.7,407.5,394.7,404.3,404.45,402.42,6885286,277079798485000.0,,2053316.0,0.2982
2006-02-01,TATASTEEL,EQ,404.45,406.0,406.0,394.7,399.0,397.5,399.05,7024370,280308139475000.0,,2903902.0,0.41340000000000005
2006-02-02,TATASTEEL,EQ,397.5,399.0,406.75,398.25,402.25,402.05,402.52,5078888,204434750390000.0,,1472858.0,0.29
2006-02-03,TATASTEEL,EQ,402.05,400.2,404.0,396.05,401.25,400.85,400.91,3013566,120818130130000.0,,954747.0,0.3168
2006-02-06,TATASTEEL,EQ,400.85,400.0,411.8,395.0,407.1,406.9,406.58,3447241,140158679459999.98,,802057.0,0.2327
2006-02-07,TATASTEEL,EQ,406.9,406.9,414.2,406.15,408.1,408.75,410.16,2375175,97420356330000.0,,415253.0,0.1748
2006-02-08,TATASTEEL,EQ,408.75,408.75,408.75,390.5,391.5,392.25,396.73,3686024,146237428245000.0,,1186288.0,0.32180000000000003
2006-02-10,TATASTEEL,EQ,392.25,394.95,398.8,387.05,388.3,389.25,390.8,3460096,135219167755000.0,,988348.0,0.2856
2006-02-13,TATASTEEL,EQ,389.25,390.0,396.1,388.8,390.6,392.15,392.44,2045570,80275956685000.0,,310149.0,0.1516
2006-02-14,TATASTEEL,EQ,392.15,392.3,393.4,381.2,383.4,383.5,387.38,1747274,67685979895000.01,,363022.0,0.2078
2006-02-15,TATASTEEL,EQ,383.5,385.0,389.2,379.1,385.1,387.85,384.39,2472242,95031139765000.0,,453136.0,0.1833
2006-02-16,TATASTEEL,EQ,387.85,390.2,394.0,385.3,390.25,391.8,391.51,2349623,91990203420000.0,,564878.0,0.2404
2006-02-17,TATASTEEL,EQ,391.8,393.0,397.9,384.7,385.65,386.8,393.13,2864344,112605101400000.0,,672211.0,0.2347
2006-02-20,TATASTEEL,EQ,386.8,386.25,397.0,385.0,396.5,395.15,391.2,2831223,110758138730000.0,,1300645.0,0.4594
2006-02-21,TATASTEEL,EQ,395.15,397.0,407.0,396.8,403.55,402.95,403.23,3803351,153361196290000.0,,1504842.0,0.3957
2006-02-22,TATASTEEL,EQ,402.95,405.0,412.9,403.0,412.2,411.5,409.08,3243827,132697803990000.02,,924751.0,0.2851
2006-02-23,TATASTEEL,EQ,411.5,412.05,425.0,412.05,418.75,418.65,419.81,4727914,198483827805000.0,,1575180.0,0.3332
2006-02-24,TATASTEEL,EQ,418.65,420.0,428.95,418.1,423.65,423.3,424.15,4545348,192790076915000.0,,658129.0,0.1448
2006-02-27,TATASTEEL,EQ,423.3,427.8,428.6,421.3,421.9,422.1,424.78,1406861,59760541195000.01,,268977.0,0.1912
2006-02-28,TATASTEEL,EQ,422.1,424.45,437.85,412.0,431.25,431.0,426.16,5336332,227415091785000.0,,815764.0,0.1529
2006-03-01,TATASTEEL,EQ,431.0,431.3,447.0,425.2,445.6,442.3,436.49,4599775,200776710370000.0,,789165.0,0.1716
2006-03-02,TATASTEEL,EQ,442.3,447.0,459.0,446.65,449.9,449.95,453.28,4521573,204952466555000.0,,773939.0,0.17120000000000002
2006-03-03,TATASTEEL,EQ,449.95,451.0,457.55,447.15,457.5,454.25,452.59,3902168,176609741360000.0,,865549.0,0.2218
2006-03-06,TATASTEEL,EQ,454.25,455.35,475.0,455.35,474.0,473.3,467.11,3710160,173303961690000.0,,757046.0,0.204
2006-03-07,TATASTEEL,EQ,473.3,473.3,474.8,450.15,469.0,468.3,469.01,3519777,165082030475000.0,,839432.0,0.23850000000000002
2006-03-08,TATASTEEL,EQ,468.3,466.0,467.9,441.55,442.0,443.75,454.34,3850112,174926875910000.0,,833799.0,0.21660000000000001
2006-03-09,TATASTEEL,EQ,443.75,445.05,454.45,433.25,454.0,451.6,443.86,4712128,209150867740000.0,,739749.0,0.157
2006-03-10,TATASTEEL,EQ,451.6,454.0,464.8,454.0,455.25,455.65,458.95,2384057,109416343509999.98,,514522.0,0.2158
2006-03-13,TATASTEEL,EQ,455.65,458.85,464.9,454.7,459.85,460.25,460.55,2428331,111836284859999.98,,551870.0,0.2273
2006-03-14,TATASTEEL,EQ,460.25,461.9,468.4,455.7,457.75,458.85,462.03,3101948,143320096700000.0,,403085.0,0.12990000000000002
2006-03-16,TATASTEEL,EQ,458.85,461.45,473.0,461.0,472.0,469.85,465.91,2998936,139724584470000.0,,602699.0,0.201
2006-03-17,TATASTEEL,EQ,469.85,470.5,473.4,461.05,461.5,462.3,466.63,1804819,84218863310000.0,,356139.0,0.1973
2006-03-20,TATASTEEL,EQ,462.3,463.0,468.4,463.0,467.4,467.1,466.42,1306918,60957238740000.0,,279529.0,0.2139
2006-03-21,TATASTEEL,EQ,467.1,468.4,477.0,465.15,469.95,468.2,472.04,2978054,140576252255000.0,,496165.0,0.1666
2006-03-22,TATASTEEL,EQ,468.2,468.35,475.0,464.1,470.15,469.3,469.71,2955830,138839559395000.0,,597536.0,0.2022
2006-03-23,TATASTEEL,EQ,469.3,470.1,488.8,461.0,484.4,485.3,477.83,5233491,250070683780000.03,,839238.0,0.1604
2006-03-24,TATASTEEL,EQ,485.3,485.1,494.8,484.5,494.1,493.4,490.51,3670933,180062648060000.0,,641469.0,0.1747
2006-03-27,TATASTEEL,EQ,493.4,494.8,520.4,494.8,517.9,517.85,512.14,4745007,243011713115000.0,,1399008.0,0.2948
2006-03-28,TATASTEEL,EQ,517.85,520.0,525.0,510.15,522.25,522.2,517.58,3804631,196919837185000.0,,706246.0,0.1856
2006-03-29,TATASTEEL,EQ,522.2,523.2,525.85,516.45,521.5,522.25,521.55,2453337,127953155820000.0,,663054.0,0.27030000000000004
2006-03-30,TATASTEEL,EQ,522.25,523.0,534.8,514.1,520.7,521.75,527.47,5885865,310461467720000.0,,3040804.0,0.5166
2006-03-31,TATASTEEL,EQ,521.75,523.9,542.5,521.25,537.8,536.5,534.72,3874417,207171513935000.0,,862389.0,0.22260000000000002
2006-04-03,TATASTEEL,EQ,536.5,541.0,546.8,539.4,543.55,543.1,542.89,2067782,112257922995000.0,,451687.0,0.2184
2006-04-04,TATASTEEL,EQ,543.1,545.0,547.9,534.2,543.5,542.7,541.72,3404603,184432675420000.0,,389782.0,0.11449999999999999
2006-04-05,TATASTEEL,EQ,542.7,544.45,546.9,539.1,542.5,542.3,542.69,1552790,84269028295000.0,,161197.0,0.1038
2006-04-07,TATASTEEL,EQ,542.3,544.45,560.0,538.0,539.5,540.75,549.59,3325538,182769134740000.0,,565521.0,0.17010000000000003
2006-04-10,TATASTEEL,EQ,540.75,555.0,618.0,538.5,579.9,578.85,561.2,5407362,303460056105000.0,,745344.0,0.1378
2006-04-12,TATASTEEL,EQ,578.85,580.0,598.75,552.3,553.0,558.5,577.18,5015414,289481138270000.0,,759221.0,0.1514
2006-04-13,TATASTEEL,EQ,558.5,559.0,574.8,531.05,563.9,564.75,556.06,5285501,293903364620000.0,,544047.0,0.10289999999999999
2006-04-17,TATASTEEL,EQ,564.75,568.9,597.35,566.85,595.25,595.3,583.86,4888818,285436468440000.0,,671934.0,0.1374
2006-04-18,TATASTEEL,EQ,595.3,597.35,601.25,584.0,589.2,589.6,593.03,3033086,179870570860000.0,,377420.0,0.1244
2006-04-19,TATASTEEL,EQ,589.6,594.85,616.45,592.05,609.25,608.75,606.59,5382418,326492447975000.0,,942366.0,0.1751
2006-04-20,TATASTEEL,EQ,608.75,615.8,646.4,610.0,644.75,643.9,631.14,6592449,416075386950000.0,,884124.0,0.1341
2006-04-21,TATASTEEL,EQ,643.9,641.25,666.4,575.1,651.25,654.45,643.01,8056027,518006598650000.0,,1163074.0,0.1444
2006-04-24,TATASTEEL,EQ,654.45,655.0,668.9,642.0,650.65,653.45,660.33,4063688,268338400330000.03,,824237.0,0.2028
2006-04-25,TATASTEEL,EQ,653.45,653.5,653.9,618.0,621.1,623.0,634.27,4963778,314836395955000.0,,608066.0,0.1225
2006-04-26,TATASTEEL,EQ,623.0,622.8,658.8,621.0,652.0,655.35,642.87,4589313,295035111295000.0,,724717.0,0.15789999999999998
2006-04-27,TATASTEEL,EQ,655.35,658.8,745.0,634.1,639.5,637.9,653.45,6219436,406407373240000.0,,1340548.0,0.21550000000000002
2006-04-28,TATASTEEL,EQ,637.9,616.4,639.4,601.0,638.5,634.15,625.07,5529739,345645458905000.0,,518391.0,0.09369999999999999
2006-04-29,TATASTEEL,EQ,634.15,639.4,654.9,639.4,644.25,645.85,648.81,1498357,97215546910000.0,,194175.0,0.12960000000000002
2006-05-02,TATASTEEL,EQ,645.85,649.1,676.7,649.1,669.25,671.05,665.39,4500387,299451364570000.0,,866695.0,0.19260000000000002
2006-05-03,TATASTEEL,EQ,671.05,674.8,680.0,657.6,666.0,665.4,667.94,4020730,268560732190000.0,,603154.0,0.15
2006-05-04,TATASTEEL,EQ,665.4,667.0,672.9,650.6,655.5,656.25,662.9,3122762,207009239735000.0,,512400.0,0.1641
2006-05-05,TATASTEEL,EQ,656.25,662.0,670.9,631.3,641.0,640.45,651.57,4543267,296023431670000.0,,631593.0,0.139
2006-05-08,TATASTEEL,EQ,640.45,648.4,659.0,641.8,643.8,644.5,648.85,2452594,159136219445000.0,,311101.0,0.1268
2006-05-09,TATASTEEL,EQ,644.5,650.0,664.8,633.25,659.35,659.95,651.58,4607690,300225761555000.0,,483835.0,0.105
2006-05-10,TATASTEEL,EQ,659.95,664.8,675.0,662.05,668.0,668.1,668.86,4167950,278777636585000.0,,730578.0,0.1753
2006-05-11,TATASTEEL,EQ,668.1,675.0,675.4,634.2,640.6,639.05,653.19,4585216,299503315900000.0,,1371136.0,0.299
2006-05-12,TATASTEEL,EQ,639.05,639.9,658.0,625.4,646.5,643.85,646.93,4940660,319626018155000.0,,386490.0,0.0782
2006-05-15,TATASTEEL,EQ,643.85,644.0,647.0,572.35,574.0,586.65,612.47,9410320,576356294655000.0,,2540815.0,0.27
2006-05-16,TATASTEEL,EQ,586.65,583.8,592.0,525.5,572.4,574.25,556.53,10314199,574015066525000.0,,2519320.0,0.2443
2006-05-17,TATASTEEL,EQ,574.25,590.0,618.5,583.0,617.45,611.9,606.6,6914729,419444931195000.0,,1359743.0,0.1966
2006-05-18,TATASTEEL,EQ,611.9,610.0,610.0,530.2,532.9,545.05,566.94,9533768,540509365070000.0,,2151443.0,0.2257
2006-05-19,TATASTEEL,EQ,545.05,570.0,570.0,495.0,510.0,504.3,523.49,8717406,456351249514999.94,,2413192.0,0.2768
2006-05-22,TATASTEEL,EQ,504.3,510.0,512.0,430.0,463.0,470.9,477.91,4973313,237681873150000.0,,1377232.0,0.27690000000000003
2006-05-23,TATASTEEL,EQ,470.9,472.0,514.0,443.0,514.0,510.75,488.33,4334583,211670906635000.0,,720947.0,0.1663
2006-05-24,TATASTEEL,EQ,510.75,519.9,527.0,476.5,480.2,483.9,506.92,4470864,226635563019999.97,,735471.0,0.1645
2006-05-25,TATASTEEL,EQ,483.9,478.7,524.7,464.0,515.6,515.85,499.01,5945449,296685952525000.0,,1316706.0,0.2215
2006-05-26,TATASTEEL,EQ,515.85,516.0,557.0,510.0,539.0,538.95,541.44,7846832,424858925155000.0,,1247023.0,0.1589
2006-05-29,TATASTEEL,EQ,538.95,545.0,570.0,539.0,569.0,562.15,552.41,5909784,326464529440000.0,,917971.0,0.1553
2006-05-30,TATASTEEL,EQ,562.15,568.8,568.8,540.0,540.25,547.0,557.3,4133593,230366522294999.97,,364732.0,0.0882
2006-05-31,TATASTEEL,EQ,547.0,538.0,538.0,492.65,515.45,517.2,512.18,6600982,338088633775000.0,,472991.0,0.0717
2006-06-01,TATASTEEL,EQ,517.2,530.0,532.4,480.25,485.45,488.95,512.36,5589420,286378055505000.0,,503770.0,0.0901
2006-06-02,TATASTEEL,EQ,488.95,490.0,522.0,481.0,519.5,517.8,501.98,5559379,279067101469999.97,,573547.0,0.1032
2006-06-05,TATASTEEL,EQ,517.8,531.1,540.0,490.4,492.0,494.4,512.6,4586344,235093943755000.03,,365117.0,0.0796
2006-06-06,TATASTEEL,EQ,494.4,480.05,501.5,472.3,473.8,480.35,486.57,5302756,258017873025000.0,,432699.0,0.0816
2006-06-07,TATASTEEL,EQ,480.35,473.15,487.45,450.0,460.1,460.9,468.1,5643300,264160785640000.0,,574228.0,0.1018
2006-06-08,TATASTEEL,EQ,460.9,460.0,460.0,418.1,420.6,424.9,437.37,5185540,226799722905000.03,,596978.0,0.1151
2006-06-09,TATASTEEL,EQ,424.9,425.0,460.9,421.0,456.0,456.05,448.96,4405620,197796177200000.0,,532029.0,0.1208
2006-06-12,TATASTEEL,EQ,456.05,448.0,460.0,421.5,422.0,426.85,434.87,4543500,197584426300000.0,,502065.0,0.11050000000000001
2006-06-13,TATASTEEL,EQ,426.85,421.5,421.5,385.0,386.0,388.1,398.04,4799905,191057103725000.0,,734387.0,0.153
2006-06-14,TATASTEEL,EQ,388.1,397.0,410.0,375.65,390.9,384.15,394.35,5002309,197264904885000.0,,846873.0,0.1693
2006-06-15,TATASTEEL,EQ,384.15,398.0,415.9,393.0,414.0,413.8,406.57,5778689,234941753555000.03,,985866.0,0.1706
2006-06-16,TATASTEEL,EQ,413.8,420.25,474.0,420.25,472.25,460.3,451.6,8222578,371333209115000.0,,2100547.0,0.2555
2006-06-19,TATASTEEL,EQ,460.3,471.2,482.85,456.1,479.0,476.4,470.09,4817206,226452913469999.97,,724903.0,0.15050000000000002
2006-06-20,TATASTEEL,EQ,476.4,470.0,472.9,454.0,466.5,465.85,464.92,4919242,228705115655000.03,,1061268.0,0.2157
2006-06-21,TATASTEEL,EQ,465.85,467.0,482.0,457.0,477.55,477.9,475.97,2981900,141928821695000.0,,150705.0,0.050499999999999996
2006-06-22,TATASTEEL,EQ,477.9,490.0,499.9,482.1,483.55,489.5,494.23,2859799,141338524900000.0,,423054.0,0.1479
2006-06-23,TATASTEEL,EQ,489.5,485.0,521.85,472.5,518.9,512.6,495.6,5679425,281471248165000.0,,526849.0,0.0928
2006-06-25,TATASTEEL,EQ,512.6,518.9,535.9,515.5,529.35,532.35,530.12,1695821,89898203385000.0,,188345.0,0.11109999999999999
2006-06-26,TATASTEEL,EQ,532.35,545.0,546.0,490.0,492.0,496.75,521.99,8364919,436643623455000.0,,821198.0,0.09820000000000001
2006-06-27,TATASTEEL,EQ,496.75,499.0,525.0,478.1,516.3,518.55,504.39,11463168,578185683880000.0,,570127.0,0.0497
2006-06-28,TATASTEEL,EQ,518.55,470.0,519.4,470.0,518.0,514.3,510.22,5346226,272776322665000.0,,385036.0,0.07200000000000001
2006-06-29,TATASTEEL,EQ,514.3,530.0,540.0,505.35,507.5,509.7,519.78,5012194,260521479780000.03,,776075.0,0.15480000000000002
2006-06-30,TATASTEEL,EQ,509.7,522.0,539.95,520.0,533.45,533.65,533.52,5003640,266952534140000.0,,1070162.0,0.2139
2006-07-03,TATASTEEL,EQ,533.65,537.0,544.9,501.25,541.0,542.25,538.52,3826580,206068369065000.0,,344340.0,0.09
2006-07-04,TATASTEEL,EQ,542.25,545.0,549.0,535.6,537.35,537.8,543.1,5029134,273133277735000.0,,1087052.0,0.2162
2006-07-05,TATASTEEL,EQ,537.8,535.6,565.0,530.0,562.95,563.65,554.22,6678137,370118784050000.0,,1209739.0,0.1811
2006-07-06,TATASTEEL,EQ,563.65,550.0,566.1,540.0,548.55,547.35,554.2,6296730,348967063540000.0,,899884.0,0.1429
2006-07-07,TATASTEEL,EQ,547.35,555.0,558.85,516.75,525.0,522.9,541.23,5727853,310010830040000.0,,755139.0,0.1318
2006-07-10,TATASTEEL,EQ,522.9,523.5,530.5,511.3,527.75,527.55,519.68,5761387,299410426070000.0,,305575.0,0.053
2006-07-11,TATASTEEL,EQ,527.55,530.0,530.0,510.0,513.5,514.5,517.52,4583115,237185439980000.03,,263137.0,0.05740000000000001
2006-07-12,TATASTEEL,EQ,514.5,500.0,522.4,500.0,517.9,519.95,513.02,5399869,277025690580000.03,,371955.0,0.0689
2006-07-13,TATASTEEL,EQ,519.95,522.0,528.8,511.0,519.0,519.3,520.2,4221209,219586019610000.0,,368753.0,0.0874
2006-07-14,TATASTEEL,EQ,519.3,512.0,514.25,503.0,512.5,511.35,510.0,2977454,151851180670000.0,,230748.0,0.0775
2006-07-17,TATASTEEL,EQ,511.35,512.0,512.0,492.1,493.0,494.45,500.49,3207246,160519546770000.0,,349143.0,0.10890000000000001
2006-07-18,TATASTEEL,EQ,494.45,494.5,499.5,474.05,480.0,477.75,482.42,3458530,166846551260000.0,,478288.0,0.1383
2006-07-19,TATASTEEL,EQ,477.75,488.0,490.9,456.55,463.25,460.2,471.14,3553357,167412307335000.0,,277003.0,0.078
2006-07-20,TATASTEEL,EQ,460.2,470.0,490.9,461.0,487.05,487.05,478.41,4538661,217132743075000.0,,347668.0,0.0766
2006-07-21,TATASTEEL,EQ,487.05,487.0,487.3,466.1,486.0,483.05,478.09,7193963,343937366960000.0,,481690.0,0.067
2006-07-24,TATASTEEL,EQ,483.05,477.0,481.8,461.15,480.0,479.0,473.41,4429284,209688445955000.0,,286658.0,0.0647
2006-07-25,TATASTEEL,EQ,479.0,485.1,497.5,485.0,492.2,495.6,491.43,4483258,220319297800000.0,,754641.0,0.16829999999999998
2006-07-26,TATASTEEL,EQ,495.6,495.0,503.7,488.15,492.1,496.45,498.29,3806939,189696835695000.0,,644560.0,0.1693
2006-07-27,TATASTEEL,EQ,496.45,499.0,502.0,486.6,499.3,497.75,496.1,4115538,204172165460000.0,,925579.0,0.2249
2006-07-28,TATASTEEL,EQ,497.75,405.0,509.65,405.0,493.0,497.7,503.09,3979322,200193898035000.0,,303812.0,0.0763
2006-07-31,TATASTEEL,EQ,497.7,500.0,509.0,493.2,494.05,496.2,502.7,3244587,163106832145000.0,,254852.0,0.0785
2006-08-01,TATASTEEL,EQ,496.2,493.3,499.4,487.0,497.5,496.4,493.18,2750024,135627041259999.98,,156216.0,0.056799999999999996
2006-08-02,TATASTEEL,EQ,496.4,496.0,514.0,493.1,513.05,511.05,502.98,3500099,176048935900000.0,,418270.0,0.1195
2006-08-03,TATASTEEL,EQ,511.05,517.0,520.0,505.55,506.9,509.7,515.27,2872503,148010859850000.0,,389823.0,0.13570000000000002
2006-08-04,TATASTEEL,EQ,509.7,510.0,522.4,505.2,510.95,510.5,515.19,4838673,249285594700000.0,,456184.0,0.0943
2006-08-07,TATASTEEL,EQ,510.5,509.95,512.5,502.1,503.05,503.85,507.59,2709565,137534236409999.98,,353534.0,0.1305
2006-08-08,TATASTEEL,EQ,503.85,505.0,512.45,505.0,510.0,511.15,509.92,1864105,95055314860000.0,,156035.0,0.0837
2006-08-09,TATASTEEL,EQ,511.15,517.0,523.8,506.5,517.1,516.9,517.98,3224609,167026910995000.0,,388109.0,0.1204
2006-08-10,TATASTEEL,EQ,516.9,517.5,522.0,510.55,514.9,516.15,516.31,2127465,109842216120000.0,,223296.0,0.105
2006-08-11,TATASTEEL,EQ,516.15,518.0,529.0,513.1,526.5,525.35,522.12,3573855,186598987725000.0,,458918.0,0.12840000000000001
2006-08-14,TATASTEEL,EQ,525.35,527.0,535.4,527.0,531.4,531.7,532.53,1689982,89997442260000.0,,209314.0,0.12390000000000001
2006-08-16,TATASTEEL,EQ,531.7,537.0,542.8,529.6,530.9,532.45,537.7,2291736,123226779900000.0,,420909.0,0.1837
2006-08-17,TATASTEEL,EQ,532.45,537.0,537.0,516.5,517.2,518.65,522.95,3090585,161621672985000.0,,575752.0,0.1863
2006-08-18,TATASTEEL,EQ,518.65,517.3,519.0,508.15,512.55,513.0,512.32,2553849,130839824300000.0,,413279.0,0.1618
2006-08-21,TATASTEEL,EQ,513.0,510.0,511.9,503.1,508.55,508.05,507.79,3270065,166050997375000.0,,1053467.0,0.3222
2006-08-22,TATASTEEL,EQ,508.05,512.4,520.9,511.75,512.95,515.45,516.95,2323075,120091228095000.0,,340584.0,0.1466
2006-08-23,TATASTEEL,EQ,515.45,514.0,520.85,503.6,505.5,505.5,512.51,2387872,122380174795000.0,,310361.0,0.13
2006-08-24,TATASTEEL,EQ,505.5,505.0,519.95,500.2,519.05,517.45,509.02,2973951,151381417710000.0,,548226.0,0.1843
2006-08-25,TATASTEEL,EQ,517.45,520.1,532.5,520.0,526.0,525.75,526.45,3626257,190902531710000.0,,842830.0,0.2324
2006-08-28,TATASTEEL,EQ,525.75,527.8,531.5,525.05,526.7,527.55,528.16,1763208,93125436560000.0,,493057.0,0.2796
2006-08-29,TATASTEEL,EQ,527.55,530.0,535.9,514.45,515.9,517.25,526.04,2796586,147110559360000.0,,582967.0,0.20850000000000002
2006-08-30,TATASTEEL,EQ,517.25,518.0,518.0,505.25,505.4,506.85,509.17,4001158,203725740220000.0,,1346240.0,0.33649999999999997
2006-08-31,TATASTEEL,EQ,506.85,508.1,511.7,495.0,497.8,496.25,501.77,4514082,226504861660000.0,,1373036.0,0.3042
2006-09-01,TATASTEEL,EQ,496.25,492.6,504.75,492.1,501.7,501.85,501.06,2614397,130997919540000.02,,599872.0,0.22940000000000002
2006-09-04,TATASTEEL,EQ,501.85,505.0,510.0,501.35,505.0,506.1,505.57,1524806,77090200970000.0,,223733.0,0.1467
2006-09-05,TATASTEEL,EQ,506.1,507.0,514.9,502.5,514.0,513.9,510.01,2887828,147282796830000.0,,457818.0,0.1585
2006-09-06,TATASTEEL,EQ,513.9,515.0,523.75,515.0,520.05,521.6,519.73,3433071,178426766365000.0,,940867.0,0.2741
2006-09-07,TATASTEEL,EQ,521.6,521.0,524.8,513.4,522.2,522.2,521.17,2473326,128901144765000.02,,390916.0,0.15810000000000002
2006-09-08,TATASTEEL,EQ,522.2,524.8,529.8,520.2,522.55,525.45,525.65,2407544,126551403450000.0,,477685.0,0.1984
2006-09-11,TATASTEEL,EQ,525.45,526.9,527.95,492.05,493.0,496.7,507.57,2859110,145120848370000.0,,625772.0,0.2189
2006-09-12,TATASTEEL,EQ,496.7,495.8,503.5,485.0,502.5,501.0,492.95,3215666,158514658795000.0,,334697.0,0.1041
2006-09-13,TATASTEEL,EQ,501.0,509.0,510.85,499.55,503.0,501.95,506.2,1980777,100267513760000.0,,389773.0,0.1968
2006-09-14,TATASTEEL,EQ,501.95,508.6,510.1,502.5,506.4,508.05,506.87,1768498,89639174560000.0,,394866.0,0.2233
2006-09-15,TATASTEEL,EQ,508.05,506.0,508.0,497.5,502.5,504.3,503.52,2030066,102217799040000.0,,330666.0,0.1629
2006-09-18,TATASTEEL,EQ,504.3,505.0,506.85,497.2,498.0,498.35,502.49,1892400,95091730930000.0,,460782.0,0.24350000000000002
2006-09-19,TATASTEEL,EQ,498.35,501.5,506.5,485.0,487.0,488.3,498.58,2966470,147902506840000.0,,991262.0,0.3342
2006-09-20,TATASTEEL,EQ,488.3,494.5,499.0,484.45,498.0,496.15,493.45,2212951,109198341265000.02,,373411.0,0.16870000000000002
2006-09-21,TATASTEEL,EQ,496.15,503.0,505.75,500.0,503.5,502.95,502.92,2022420,101711860170000.0,,597455.0,0.2954
2006-09-22,TATASTEEL,EQ,502.95,502.0,506.9,493.05,496.0,496.8,498.99,2534958,126491056870000.0,,912217.0,0.35990000000000005
2006-09-25,TATASTEEL,EQ,496.8,499.0,513.5,491.55,507.5,507.7,506.93,4934933,250168284444999.97,,1363190.0,0.2762
2006-09-26,TATASTEEL,EQ,507.7,509.9,515.1,506.3,513.1,513.05,512.0,2619484,134118444930000.0,,541103.0,0.2066
2006-09-27,TATASTEEL,EQ,513.05,516.0,522.45,513.6,516.9,516.35,518.49,2539771,131684428805000.0,,576838.0,0.22710000000000002
2006-09-28,TATASTEEL,EQ,516.35,519.0,522.9,513.1,522.55,519.05,517.47,2771836,143434886055000.0,,730357.0,0.2635
2006-09-29,TATASTEEL,EQ,519.05,525.0,537.35,523.0,535.0,535.65,531.71,4773436,253809418780000.03,,1737244.0,0.3639
2006-10-03,TATASTEEL,EQ,535.65,538.4,542.3,533.2,533.6,534.95,537.61,1890532,101637030850000.0,,198988.0,0.10529999999999999
2006-10-04,TATASTEEL,EQ,534.95,536.0,538.7,522.0,524.0,523.75,529.52,2104637,111444865559999.98,,303687.0,0.1443
2006-10-05,TATASTEEL,EQ,523.75,532.75,548.7,530.0,539.5,537.4,534.87,2104478,112562625845000.0,,444755.0,0.2113
2006-10-06,TATASTEEL,EQ,537.4,542.0,547.4,533.25,536.5,536.6,541.13,3751857,203023648535000.0,,1044829.0,0.2785
2006-10-09,TATASTEEL,EQ,536.6,537.7,538.0,524.5,527.25,526.3,528.77,3627167,191794360570000.0,,1605713.0,0.44270000000000004
2006-10-10,TATASTEEL,EQ,526.3,529.95,534.0,516.0,517.9,517.9,523.46,5730807,299982471180000.0,,2552840.0,0.4455
2006-10-11,TATASTEEL,EQ,517.9,517.0,524.0,505.2,506.4,507.1,514.37,2716608,139733115400000.0,,714038.0,0.26280000000000003
2006-10-12,TATASTEEL,EQ,507.1,507.5,517.5,505.0,517.0,516.25,511.95,2198229,112537863725000.0,,360539.0,0.16399999999999998
2006-10-13,TATASTEEL,EQ,516.25,520.0,522.8,509.5,511.15,511.7,514.87,2461111,126714295040000.02,,741483.0,0.3013
2006-10-16,TATASTEEL,EQ,511.7,515.0,519.7,510.6,511.9,511.75,514.99,1833331,94415571420000.0,,617643.0,0.3369
2006-10-17,TATASTEEL,EQ,511.75,515.0,518.4,510.0,513.5,515.65,515.61,2465771,127137494284999.98,,987335.0,0.4004
2006-10-18,TATASTEEL,EQ,515.65,520.0,522.0,505.6,509.5,509.0,515.13,6381960,328755378725000.0,,3185513.0,0.4991
2006-10-19,TATASTEEL,EQ,509.0,512.9,512.9,498.65,501.75,502.15,505.41,3262741,164903107695000.0,,1157976.0,0.35490000000000005
2006-10-20,TATASTEEL,EQ,502.15,509.0,520.9,504.5,509.1,508.4,512.87,7113646,364836446825000.0,,2403670.0,0.3379
2006-10-21,TATASTEEL,EQ,508.4,525.0,525.5,513.0,516.0,516.0,515.48,1759989,90723401045000.0,,615965.0,0.35000000000000003
2006-10-23,TATASTEEL,EQ,516.0,515.0,518.7,507.05,508.5,508.8,511.07,1638079,83717460825000.0,,468130.0,0.2858
2006-10-26,TATASTEEL,EQ,508.8,511.25,511.25,498.65,502.0,500.55,503.08,5116631,257409487969999.97,,1868561.0,0.3652
2006-10-27,TATASTEEL,EQ,500.55,504.8,508.25,497.2,500.5,500.55,501.28,3820601,191518244050000.0,,1632447.0,0.42729999999999996
2006-10-30,TATASTEEL,EQ,500.55,499.8,505.0,496.35,496.55,498.15,500.87,2099696,105167297620000.0,,599892.0,0.2857
2006-10-31,TATASTEEL,EQ,498.15,504.0,504.7,487.25,492.05,490.45,494.45,3215811,159005319180000.0,,829820.0,0.258
2006-11-01,TATASTEEL,EQ,490.45,495.5,496.0,488.25,490.0,489.9,491.88,2436532,119848766325000.0,,803029.0,0.3296
2006-11-02,TATASTEEL,EQ,489.9,490.1,495.45,485.55,486.6,486.8,490.26,2079532,101950759140000.0,,817212.0,0.39299999999999996
2006-11-03,TATASTEEL,EQ,486.8,491.5,495.0,484.65,492.4,492.65,490.58,2366208,116081465955000.0,,413559.0,0.1748
2006-11-06,TATASTEEL,EQ,492.65,494.9,508.8,491.65,506.8,506.4,500.91,3101846,155375740420000.0,,811973.0,0.2618
2006-11-07,TATASTEEL,EQ,506.4,507.05,512.0,495.0,495.8,497.2,503.46,4045841,203689914820000.0,,1570090.0,0.38810000000000006
2006-11-08,TATASTEEL,EQ,497.2,497.0,501.9,488.55,494.45,494.15,495.65,3531727,175049671155000.0,,1147640.0,0.325
2006-11-09,TATASTEEL,EQ,494.15,498.4,504.95,492.2,504.0,502.1,498.39,2909735,145019043990000.0,,1160282.0,0.39880000000000004
2006-11-10,TATASTEEL,EQ,502.1,505.0,505.4,497.45,501.7,502.3,501.93,2058886,103341856270000.0,,626504.0,0.3043
2006-11-13,TATASTEEL,EQ,502.3,504.0,505.0,496.05,496.9,497.1,499.06,1199536,59864459420000.01,,213700.0,0.1782
2006-11-14,TATASTEEL,EQ,497.1,498.0,501.0,490.1,491.05,491.65,493.71,1815630,89639830495000.0,,503104.0,0.2771
2006-11-15,TATASTEEL,EQ,491.65,491.5,493.0,485.0,485.5,486.2,488.65,1832973,89567510950000.0,,619375.0,0.3379
2006-11-16,TATASTEEL,EQ,486.2,489.0,494.4,480.0,480.5,482.3,486.31,4477865,217763399850000.0,,1525794.0,0.3407
2006-11-17,TATASTEEL,EQ,482.3,485.0,486.6,473.6,475.6,476.35,478.8,2801783,134148084084999.98,,634677.0,0.22649999999999998
2006-11-20,TATASTEEL,EQ,476.35,475.0,476.35,458.55,462.2,462.3,462.29,3563211,164724227290000.0,,1493246.0,0.4191
2006-11-21,TATASTEEL,EQ,462.3,464.4,478.5,462.0,477.0,475.7,472.63,3734441,176501846485000.0,,1509025.0,0.40409999999999996
2006-11-22,TATASTEEL,EQ,475.7,480.05,480.05,466.85,471.3,473.05,472.45,2125050,100398013645000.0,,637347.0,0.2999
2006-11-23,TATASTEEL,EQ,473.05,478.7,480.0,469.25,470.1,471.05,475.14,2405361,114287503090000.02,,789737.0,0.3283
2006-11-24,TATASTEEL,EQ,471.05,471.0,485.95,470.15,483.1,483.1,481.16,3577650,172142266660000.0,,1236626.0,0.3457
2006-11-27,TATASTEEL,EQ,483.1,486.0,489.7,480.5,481.0,482.35,484.99,1722104,83520966095000.0,,536916.0,0.3118
2006-11-28,TATASTEEL,EQ,482.35,479.95,479.95,462.35,477.0,476.0,475.44,1546727,73537069505000.0,,518226.0,0.335
2006-11-29,TATASTEEL,EQ,476.0,479.7,482.0,475.0,475.7,477.4,479.43,1265841,60688227529999.99,,407046.0,0.3216
2006-11-30,TATASTEEL,EQ,477.4,479.7,480.95,466.1,467.95,467.9,470.8,4465266,210224458750000.0,,2279297.0,0.5105
2006-12-01,TATASTEEL,EQ,467.9,470.0,473.0,466.5,467.8,468.15,469.43,1012189,47515186705000.0,,338216.0,0.33409999999999995
2006-12-04,TATASTEEL,EQ,468.15,471.7,473.25,467.1,469.0,468.55,469.97,818483,38466235095000.0,,211837.0,0.2588
2006-12-05,TATASTEEL,EQ,468.55,474.7,495.0,471.1,494.7,493.05,484.76,3987711,193306365970000.0,,1316107.0,0.33
2006-12-06,TATASTEEL,EQ,493.05,495.0,502.0,483.35,489.0,491.05,493.73,4193468,207044318575000.0,,653252.0,0.1558
2006-12-07,TATASTEEL,EQ,491.05,490.0,496.5,485.0,491.25,492.05,492.13,1742224,85740673155000.0,,368009.0,0.21120000000000003
2006-12-08,TATASTEEL,EQ,492.05,493.0,493.0,478.0,479.9,484.7,488.16,2282372,111416751150000.0,,591554.0,0.25920000000000004
2006-12-11,TATASTEEL,EQ,484.7,484.0,489.55,425.1,449.7,453.85,458.56,6868439,314959728250000.0,,2818462.0,0.4103
2006-12-12,TATASTEEL,EQ,453.85,452.85,463.7,434.0,439.2,441.4,452.59,5308681,240265021090000.0,,2610076.0,0.4917
2006-12-13,TATASTEEL,EQ,441.4,441.9,444.8,424.75,435.3,436.55,432.98,6785907,293813910525000.0,,2953606.0,0.4353
2006-12-14,TATASTEEL,EQ,436.55,444.4,444.4,432.75,434.8,435.8,436.7,4013481,175270413745000.0,,2272178.0,0.5661
2006-12-15,TATASTEEL,EQ,435.8,442.0,461.8,438.0,460.0,459.15,454.59,5823278,264719931355000.03,,1992941.0,0.3422
2006-12-18,TATASTEEL,EQ,459.15,465.0,470.0,455.0,469.0,468.15,463.64,3114791,144413856010000.0,,734041.0,0.23570000000000002
2006-12-19,TATASTEEL,EQ,468.15,469.0,475.4,451.6,453.25,455.05,464.26,3266747,151661846445000.0,,793124.0,0.24280000000000002
2006-12-20,TATASTEEL,EQ,455.05,460.0,474.0,451.0,466.45,465.1,463.41,4088765,189476274040000.0,,1445403.0,0.35350000000000004
2006-12-21,TATASTEEL,EQ,465.1,466.0,473.0,461.0,469.5,468.4,468.03,2200105,102970968770000.0,,758794.0,0.34490000000000004
2006-12-22,TATASTEEL,EQ,468.4,469.0,480.0,466.2,479.0,478.6,474.16,1970254,93422347390000.0,,560070.0,0.2843
2006-12-26,TATASTEEL,EQ,478.6,486.8,488.35,473.0,476.0,477.75,477.67,1700032,81205487735000.0,,518015.0,0.30469999999999997
2006-12-27,TATASTEEL,EQ,477.75,479.5,484.4,477.0,479.3,481.1,480.7,1953015,93880982325000.0,,731187.0,0.3744
2006-12-28,TATASTEEL,EQ,481.1,482.9,487.8,474.25,477.5,476.45,479.15,4021020,192666456575000.0,,2335875.0,0.5809000000000001
2006-12-29,TATASTEEL,EQ,476.45,478.0,485.5,477.3,485.0,482.25,481.23,1705530,82074620525000.0,,792785.0,0.4648
2007-01-02,TATASTEEL,EQ,482.25,481.0,488.8,475.1,476.0,478.7,481.03,1034256,49750364220000.0,,181735.0,0.1757
2007-01-03,TATASTEEL,EQ,478.7,479.0,481.75,470.1,470.55,471.45,474.8,1452980,68987187740000.0,,403089.0,0.2774
2007-01-04,TATASTEEL,EQ,471.45,473.45,475.0,460.6,464.0,465.8,467.62,1796599,84012225480000.0,,410374.0,0.2284
2007-01-05,TATASTEEL,EQ,465.8,466.0,472.0,457.65,471.9,468.65,463.89,3036784,140872987440000.0,,1310505.0,0.4315
2007-01-08,TATASTEEL,EQ,468.65,472.25,472.25,462.0,465.0,463.95,465.66,1332410,62045127190000.0,,423597.0,0.3179
2007-01-09,TATASTEEL,EQ,463.95,469.0,469.0,453.5,454.85,454.95,459.59,1588637,73011382265000.0,,653376.0,0.41130000000000005
2007-01-10,TATASTEEL,EQ,454.95,454.0,460.9,450.1,452.45,452.05,455.23,1660295,75581665155000.0,,645309.0,0.3887
2007-01-11,TATASTEEL,EQ,452.05,453.25,463.9,451.1,463.0,462.1,457.99,982555,44999985625000.0,,317474.0,0.32310000000000005
2007-01-12,TATASTEEL,EQ,462.1,464.95,470.7,464.0,468.0,468.15,467.57,1513973,70789214475000.0,,599382.0,0.39590000000000003
2007-01-15,TATASTEEL,EQ,468.15,470.0,487.8,468.3,487.15,486.0,480.68,2404323,115570623434999.98,,567968.0,0.23620000000000002
2007-01-16,TATASTEEL,EQ,486.0,488.0,493.4,481.0,481.65,482.45,487.41,2366407,115340042150000.0,,816675.0,0.34509999999999996
2007-01-17,TATASTEEL,EQ,482.45,484.55,492.0,481.15,484.4,484.1,487.05,1713014,83432056180000.0,,487843.0,0.2848
2007-01-18,TATASTEEL,EQ,484.1,485.0,487.8,473.3,477.05,475.75,481.65,2066863,99550718750000.0,,718012.0,0.34740000000000004
2007-01-19,TATASTEEL,EQ,475.75,480.0,480.0,463.15,466.4,467.8,467.72,2348366,109837275445000.0,,1180764.0,0.5028
2007-01-22,TATASTEEL,EQ,467.8,471.0,475.45,465.5,471.5,471.35,470.9,1519368,71546321430000.0,,730718.0,0.48090000000000005
2007-01-23,TATASTEEL,EQ,471.35,472.25,472.25,462.6,463.1,464.6,467.44,1138417,53213623675000.0,,551138.0,0.4841
2007-01-24,TATASTEEL,EQ,464.6,466.8,485.0,464.9,483.65,480.8,474.02,3943407,186923957965000.0,,2832183.0,0.7182
2007-01-25,TATASTEEL,EQ,480.8,485.0,512.5,484.25,506.75,510.1,504.26,9331695,470558941610000.06,,4731818.0,0.5071
2007-01-29,TATASTEEL,EQ,510.1,511.7,520.9,505.2,519.95,519.25,515.26,6687125,344559152390000.0,,4124975.0,0.6169
2007-01-31,TATASTEEL,EQ,519.25,514.0,539.0,461.1,462.0,464.9,475.61,19970424,949814414229999.9,,9764116.0,0.4889
2007-02-01,TATASTEEL,EQ,464.9,469.9,472.0,451.6,459.35,457.4,457.83,11793413,539938626314999.94,,5663000.0,0.4802
2007-02-02,TATASTEEL,EQ,457.4,483.0,483.0,459.35,461.9,462.65,466.36,10028325,467676265770000.0,,5415054.0,0.54
2007-02-05,TATASTEEL,EQ,462.65,463.0,472.45,455.45,471.45,470.0,465.62,4253803,198063660865000.0,,1396219.0,0.3282
2007-02-06,TATASTEEL,EQ,470.0,472.0,475.0,463.4,465.0,464.9,469.39,3451711,162019144430000.0,,1359746.0,0.39390000000000003
2007-02-07,TATASTEEL,EQ,464.9,466.45,469.2,461.5,463.0,464.55,465.05,2672591,124288081275000.0,,1167412.0,0.4368
2007-02-08,TATASTEEL,EQ,464.55,465.0,465.0,458.25,461.0,462.65,462.27,1763504,81520786235000.0,,662046.0,0.3754
2007-02-09,TATASTEEL,EQ,462.65,463.0,464.4,451.3,454.7,453.3,456.24,2074823,94661116400000.0,,644390.0,0.3106
2007-02-12,TATASTEEL,EQ,453.3,453.5,458.7,442.55,442.7,443.8,449.47,4424250,198858916195000.0,,2078642.0,0.4698
2007-02-13,TATASTEEL,EQ,443.8,444.0,448.0,430.0,432.4,432.35,438.58,4254056,186574836985000.0,,1700071.0,0.3996
2007-02-14,TATASTEEL,EQ,432.35,435.0,442.9,426.25,440.9,438.55,436.66,4969246,216988417565000.0,,2635320.0,0.5303
2007-02-15,TATASTEEL,EQ,438.55,445.0,447.0,440.1,441.55,442.25,443.26,1973065,87457441650000.0,,935801.0,0.4743
2007-02-19,TATASTEEL,EQ,442.25,445.0,447.5,437.7,447.0,443.6,443.02,1556706,68965252265000.0,,600027.0,0.3854
2007-02-20,TATASTEEL,EQ,443.6,447.0,452.3,443.0,445.0,444.35,446.82,2380705,106373687175000.0,,1173499.0,0.4929
2007-02-21,TATASTEEL,EQ,444.35,445.6,458.25,441.25,457.0,455.0,450.63,2930120,132040303980000.0,,1121207.0,0.3826
2007-02-22,TATASTEEL,EQ,455.0,459.0,463.5,451.1,453.0,454.7,458.67,6118944,280658020180000.03,,3624150.0,0.5922999999999999
2007-02-23,TATASTEEL,EQ,454.7,456.2,466.9,454.1,459.0,460.25,460.5,6212536,286087744785000.0,,2786241.0,0.4485
2007-02-26,TATASTEEL,EQ,460.25,462.3,475.0,459.0,472.45,470.0,470.04,6127100,287998950545000.0,,3085764.0,0.5036
2007-02-27,TATASTEEL,EQ,470.0,470.2,479.6,467.75,468.0,469.0,472.95,5075886,240065660700000.0,,2231027.0,0.43950000000000006
2007-02-28,TATASTEEL,EQ,469.0,441.0,464.8,439.2,441.0,442.5,453.23,5669552,256962080794999.97,,2290135.0,0.40390000000000004
2007-03-01,TATASTEEL,EQ,442.5,445.7,454.4,441.1,450.6,451.1,449.34,3517624,158062204670000.0,,1390385.0,0.39530000000000004
2007-03-02,TATASTEEL,EQ,451.1,455.0,465.65,440.0,441.3,443.45,456.06,5773008,263282052835000.0,,2636099.0,0.45659999999999995
2007-03-05,TATASTEEL,EQ,443.45,441.3,441.3,415.25,416.5,420.75,426.22,4512451,192330763500000.0,,1698976.0,0.3765
2007-03-06,TATASTEEL,EQ,420.75,424.0,429.0,404.25,420.0,419.25,417.68,4535674,189446491890000.0,,1680856.0,0.37060000000000004
2007-03-07,TATASTEEL,EQ,419.25,422.2,427.7,405.15,413.05,413.25,413.99,3622990,149987866520000.0,,1618939.0,0.44689999999999996
2007-03-08,TATASTEEL,EQ,413.25,417.0,429.0,399.15,428.1,427.75,414.86,4187925,173738500020000.0,,1000132.0,0.23879999999999998
2007-03-09,TATASTEEL,EQ,427.75,429.95,440.0,422.0,431.9,433.8,433.17,5217434,226006052965000.0,,1797439.0,0.34450000000000003
2007-03-12,TATASTEEL,EQ,433.8,437.7,441.0,430.35,438.7,435.5,436.22,2195427,95768299210000.0,,708188.0,0.3226
2007-03-13,TATASTEEL,EQ,435.5,437.0,448.5,437.0,443.95,444.75,443.12,2298822,101865348170000.0,,646644.0,0.2813
2007-03-14,TATASTEEL,EQ,444.75,432.0,434.8,425.0,428.85,429.95,429.34,2476696,106333518050000.0,,849111.0,0.3428
2007-03-15,TATASTEEL,EQ,429.95,435.0,444.5,430.8,432.1,433.25,438.45,1725900,75672862115000.0,,285968.0,0.16570000000000001
2007-03-16,TATASTEEL,EQ,433.25,435.0,440.0,422.55,431.0,430.55,431.07,1664942,71770802875000.0,,460823.0,0.2768
2007-03-19,TATASTEEL,EQ,430.55,434.0,435.9,428.65,429.0,429.9,431.68,1441127,62210902720000.01,,653602.0,0.4535
2007-03-20,TATASTEEL,EQ,429.9,432.0,435.9,421.6,422.5,423.45,429.31,2136301,91712755465000.0,,986594.0,0.4618
2007-03-21,TATASTEEL,EQ,423.45,435.0,435.0,423.1,429.55,430.15,428.42,2225785,95357338735000.0,,562513.0,0.2527
2007-03-22,TATASTEEL,EQ,430.15,435.0,443.5,433.4,442.5,442.05,439.2,2370537,104114353975000.0,,1069576.0,0.4512
2007-03-23,TATASTEEL,EQ,442.05,449.9,449.9,436.5,438.0,438.3,440.31,1701495,74919165725000.0,,729515.0,0.42869999999999997
2007-03-26,TATASTEEL,EQ,438.3,438.3,446.4,438.3,445.0,441.8,443.0,2553787,113132501495000.0,,1328263.0,0.5201
2007-03-28,TATASTEEL,EQ,441.8,441.0,449.5,437.05,439.0,441.35,444.7,2508889,111570092915000.02,,1020417.0,0.4067
2007-03-29,TATASTEEL,EQ,441.35,441.0,445.6,433.5,441.35,439.95,439.87,2763144,121542931540000.02,,1093846.0,0.39590000000000003
2007-03-30,TATASTEEL,EQ,439.95,442.1,451.0,437.6,450.8,449.65,445.95,3216514,143439674685000.0,,1039587.0,0.3232
2007-04-02,TATASTEEL,EQ,449.65,441.0,445.7,421.25,422.3,423.9,434.59,2643267,114873051230000.0,,955089.0,0.3613
2007-04-03,TATASTEEL,EQ,423.9,427.5,433.3,424.1,431.9,431.15,429.04,1530246,65653699685000.0,,583444.0,0.38130000000000003
2007-04-04,TATASTEEL,EQ,431.15,435.0,441.7,432.0,437.5,438.0,437.4,1765346,77216257190000.0,,893658.0,0.5062
2007-04-05,TATASTEEL,EQ,438.0,438.0,470.0,438.0,463.95,465.5,459.61,7738840,355686159155000.0,,3912908.0,0.5056
2007-04-09,TATASTEEL,EQ,465.5,468.15,496.0,467.15,495.1,493.45,487.09,7109241,346281859385000.0,,3350199.0,0.4712
2007-04-10,TATASTEEL,EQ,493.45,497.0,501.9,491.3,497.9,495.6,495.91,7315112,362763563005000.0,,3455619.0,0.47240000000000004
2007-04-11,TATASTEEL,EQ,495.6,499.65,519.4,499.65,511.25,511.5,513.1,7762042,398270699235000.0,,3636103.0,0.46840000000000004
2007-04-12,TATASTEEL,EQ,511.5,513.85,518.0,494.55,495.8,496.05,507.65,5574555,282994000830000.0,,1748995.0,0.31370000000000003
2007-04-13,TATASTEEL,EQ,496.05,500.05,515.4,499.1,511.05,511.2,509.56,6806676,346840688285000.0,,3551670.0,0.5218
2007-04-16,TATASTEEL,EQ,511.2,519.6,537.0,516.0,536.4,534.5,526.69,8531307,449332571114999.94,,4717937.0,0.5529999999999999
2007-04-17,TATASTEEL,EQ,534.5,535.45,541.0,524.15,527.6,527.95,533.58,5335906,284711832145000.0,,1833335.0,0.3436
2007-04-18,TATASTEEL,EQ,527.95,510.0,519.4,472.3,511.8,511.5,508.13,13048370,663024566785000.0,,5402724.0,0.41409999999999997
2007-04-19,TATASTEEL,EQ,511.5,480.25,508.75,480.25,506.95,505.8,504.11,4077065,205528355305000.0,,1141095.0,0.2799
2007-04-20,TATASTEEL,EQ,505.8,464.0,536.5,464.0,536.0,533.35,523.32,6985308,365556350860000.0,,3023610.0,0.4329
2007-04-23,TATASTEEL,EQ,533.35,539.2,560.0,536.6,557.8,557.1,551.55,7022502,387324948335000.0,,2758733.0,0.39280000000000004
2007-04-24,TATASTEEL,EQ,557.1,557.0,585.95,552.5,578.0,579.75,571.8,10472216,598805764550000.0,,3940515.0,0.3763
2007-04-25,TATASTEEL,EQ,579.75,585.0,585.0,563.6,571.3,571.15,572.37,4758987,272391482694999.97,,1663450.0,0.34950000000000003
2007-04-26,TATASTEEL,EQ,571.15,575.0,579.0,557.1,559.5,560.5,565.96,3657959,207025482965000.0,,1292725.0,0.35340000000000005
2007-04-27,TATASTEEL,EQ,560.5,560.0,560.0,535.0,535.85,537.25,545.33,3122785,170295447355000.0,,787057.0,0.252
2007-04-30,TATASTEEL,EQ,537.25,534.0,552.0,530.1,550.4,549.45,544.79,3331541,181500386845000.0,,844245.0,0.2534
2007-05-03,TATASTEEL,EQ,549.45,555.0,559.85,540.25,555.75,556.9,551.02,4253528,234376415285000.0,,1243237.0,0.2923
2007-05-04,TATASTEEL,EQ,556.9,560.0,566.55,551.4,553.0,553.4,559.6,2799281,156647550250000.0,,495624.0,0.1771
2007-05-07,TATASTEEL,EQ,553.4,555.2,565.0,550.55,551.8,552.45,557.48,1885037,105086513825000.0,,302101.0,0.16030000000000003
2007-05-08,TATASTEEL,EQ,552.45,553.3,565.0,550.5,551.55,553.35,559.82,2677111,149868933935000.0,,1121801.0,0.419
2007-05-09,TATASTEEL,EQ,553.35,551.5,564.95,551.0,564.65,562.35,557.44,2453809,136784750190000.02,,545387.0,0.2223
2007-05-10,TATASTEEL,EQ,562.35,565.0,585.0,565.0,576.0,576.4,578.71,6491056,375643834210000.0,,2681506.0,0.4131
2007-05-11,TATASTEEL,EQ,576.4,573.0,575.7,562.4,569.6,569.6,569.08,2556387,145479425210000.0,,437981.0,0.17129999999999998
2007-05-14,TATASTEEL,EQ,569.6,575.05,595.15,575.05,594.8,591.9,585.37,3043011,178129551905000.0,,840338.0,0.2762
2007-05-15,TATASTEEL,EQ,591.9,596.0,597.85,588.15,589.2,592.25,593.25,3063056,181716963245000.0,,1185529.0,0.387
2007-05-16,TATASTEEL,EQ,592.25,594.4,595.7,583.3,589.0,589.1,589.73,2292806,135212941800000.0,,596816.0,0.26030000000000003
2007-05-17,TATASTEEL,EQ,589.1,595.0,608.5,590.0,598.65,598.25,599.78,6790670,407290104800000.0,,2447020.0,0.3604
2007-05-18,TATASTEEL,EQ,598.25,594.75,596.5,582.6,592.0,591.4,589.78,2488240,146752028945000.0,,748594.0,0.3009
2007-05-21,TATASTEEL,EQ,591.4,593.5,626.4,593.15,625.5,622.75,614.35,4900621,301071096135000.0,,1745773.0,0.35619999999999996
2007-05-22,TATASTEEL,EQ,622.75,602.55,636.8,602.55,627.0,628.75,630.65,2800372,176606430470000.0,,939618.0,0.33549999999999996
2007-05-23,TATASTEEL,EQ,628.75,630.0,663.7,625.05,656.05,659.65,649.66,7692520,499754277435000.06,,2465390.0,0.32049999999999995
2007-05-24,TATASTEEL,EQ,659.65,650.0,653.9,628.05,632.0,631.7,636.74,4146603,264030638219999.97,,1342776.0,0.32380000000000003
2007-05-25,TATASTEEL,EQ,631.7,627.5,629.5,618.0,622.6,623.05,624.05,4090360,255259280665000.0,,1703047.0,0.4164
2007-05-28,TATASTEEL,EQ,623.05,666.85,666.85,625.0,625.4,626.45,632.85,1789873,113271618775000.0,,458129.0,0.256
2007-05-29,TATASTEEL,EQ,626.45,628.0,633.9,621.3,629.55,630.7,629.02,1682009,105801860145000.0,,414057.0,0.2462
2007-05-30,TATASTEEL,EQ,630.7,669.55,669.55,624.0,624.5,626.8,632.94,3098434,196110988115000.0,,709033.0,0.2288
2007-05-31,TATASTEEL,EQ,626.8,654.0,654.0,626.1,633.6,632.15,630.61,2532153,159678910075000.0,,908456.0,0.3588
2007-06-01,TATASTEEL,EQ,632.15,635.1,645.75,632.65,634.0,635.1,639.94,1510897,96688779330000.0,,424539.0,0.281
2007-06-04,TATASTEEL,EQ,635.1,637.0,644.85,634.15,636.2,638.1,638.77,1451757,92734279255000.0,,398184.0,0.2743
2007-06-05,TATASTEEL,EQ,638.1,637.0,646.9,637.0,640.2,641.7,643.14,1512556,97279162870000.0,,365250.0,0.2415
2007-06-06,TATASTEEL,EQ,641.7,644.0,644.4,616.0,618.0,618.3,628.42,1300891,81750479480000.0,,319629.0,0.2457
2007-06-07,TATASTEEL,EQ,618.3,610.0,625.8,605.05,615.0,614.95,615.7,2257680,139005233550000.0,,400349.0,0.1773
2007-06-08,TATASTEEL,EQ,614.95,602.0,602.0,583.0,583.0,585.65,591.55,1852491,109584252855000.0,,410630.0,0.2217
2007-06-11,TATASTEEL,EQ,585.65,594.0,594.45,576.65,581.1,580.1,586.41,1314819,77102414785000.0,,201280.0,0.1531
2007-06-12,TATASTEEL,EQ,580.1,580.0,608.75,580.0,608.1,603.35,591.19,5562113,328827829460000.0,,2270825.0,0.4083
2007-06-13,TATASTEEL,EQ,603.35,603.35,613.0,593.55,594.15,596.85,605.36,4438253,268676294425000.0,,1360408.0,0.3065
2007-06-14,TATASTEEL,EQ,596.85,593.05,619.6,593.05,612.9,615.75,611.34,2390195,146121632770000.0,,676460.0,0.28300000000000003
2007-06-15,TATASTEEL,EQ,615.75,615.2,620.0,595.95,598.0,600.45,610.28,1557738,95066385765000.0,,275655.0,0.177
2007-06-18,TATASTEEL,EQ,600.45,600.45,608.95,586.5,588.95,589.15,596.71,1517046,90523381185000.0,,247604.0,0.1632
2007-06-19,TATASTEEL,EQ,589.15,588.0,617.0,585.0,616.1,612.05,599.61,1979019,118664455280000.0,,520768.0,0.2631
2007-06-20,TATASTEEL,EQ,612.05,615.0,616.8,605.0,612.0,609.4,610.67,1227795,74977151915000.0,,306585.0,0.2497
2007-06-21,TATASTEEL,EQ,609.4,609.7,616.5,605.5,607.4,609.8,611.89,1318555,80680973260000.0,,202978.0,0.1539
2007-06-22,TATASTEEL,EQ,609.8,601.35,614.0,592.5,601.95,600.15,605.73,1079852,65410049020000.01,,217886.0,0.2018
2007-06-25,TATASTEEL,EQ,600.15,599.75,603.75,593.2,601.0,600.15,598.33,921657,55145436460000.0,,180641.0,0.196
2007-06-26,TATASTEEL,EQ,600.15,599.0,610.85,597.7,602.8,604.15,605.07,1041852,63039550050000.0,,163299.0,0.1567
2007-06-27,TATASTEEL,EQ,604.15,602.0,603.45,588.8,590.9,592.65,596.42,1302761,77699328245000.0,,464229.0,0.3563
2007-06-28,TATASTEEL,EQ,592.65,592.0,599.45,588.1,595.0,593.5,593.14,1509871,89556573595000.0,,588574.0,0.3898
2007-06-29,TATASTEEL,EQ,593.5,592.0,601.8,591.35,596.4,597.4,598.17,647081,38706155080000.0,,116557.0,0.1801
2007-07-02,TATASTEEL,EQ,597.4,597.4,608.7,592.2,592.95,593.45,600.2,1081530,64913420595000.01,,352248.0,0.3257
2007-07-03,TATASTEEL,EQ,593.45,594.0,605.8,591.0,600.7,600.75,601.12,1582258,95111941985000.0,,472449.0,0.2986
2007-07-04,TATASTEEL,EQ,600.75,603.0,618.8,599.0,617.45,616.35,611.23,2343092,143217186695000.0,,682254.0,0.2912
2007-07-05,TATASTEEL,EQ,616.35,620.55,630.0,614.5,628.1,628.1,623.07,3013889,187787796290000.0,,702732.0,0.23320000000000002
2007-07-06,TATASTEEL,EQ,628.1,628.65,635.5,621.0,623.7,623.3,629.91,1649351,103895020435000.0,,325467.0,0.1973
2007-07-09,TATASTEEL,EQ,623.3,627.0,632.0,622.1,627.15,626.45,627.12,1188353,74523656790000.0,,374264.0,0.3149
2007-07-10,TATASTEEL,EQ,626.45,629.0,638.0,624.2,633.1,634.05,631.7,1864339,117770130275000.0,,414955.0,0.22260000000000002
2007-07-11,TATASTEEL,EQ,634.05,630.05,661.0,627.0,661.0,655.5,646.53,3251857,210240933690000.0,,997129.0,0.3066
2007-07-12,TATASTEEL,EQ,655.5,662.05,674.0,660.0,670.9,672.0,667.42,1808264,120687139005000.0,,475614.0,0.263
2007-07-13,TATASTEEL,EQ,672.0,672.0,699.5,672.0,692.9,695.8,688.45,2756256,189754694435000.0,,735343.0,0.2668
2007-07-16,TATASTEEL,EQ,695.8,699.65,711.95,686.0,693.0,694.8,701.01,2354958,165084893175000.0,,392327.0,0.1666
2007-07-17,TATASTEEL,EQ,694.8,694.1,702.0,674.05,681.25,681.05,691.6,1534674,106137664190000.0,,240253.0,0.1565
2007-07-18,TATASTEEL,EQ,681.05,682.0,691.0,660.25,684.5,682.8,680.41,1694970,115327002615000.02,,341439.0,0.20140000000000002
2007-07-19,TATASTEEL,EQ,682.8,686.0,692.9,678.65,681.95,682.5,685.85,1077220,73881666455000.0,,282807.0,0.2625
2007-07-20,TATASTEEL,EQ,682.5,684.0,720.0,684.0,715.15,715.15,706.88,5039663,356245952545000.0,,2247146.0,0.4459
2007-07-23,TATASTEEL,EQ,715.15,712.0,726.6,710.0,721.25,721.05,720.46,3731188,268815949565000.0,,1556410.0,0.4171
2007-07-24,TATASTEEL,EQ,721.05,723.4,732.4,709.0,720.5,721.75,720.71,2897659,208836545500000.0,,794228.0,0.2741
2007-07-25,TATASTEEL,EQ,721.75,720.5,725.7,702.2,708.4,709.4,712.01,2008380,142998710335000.0,,422339.0,0.21030000000000001
2007-07-26,TATASTEEL,EQ,709.4,712.0,717.9,697.0,703.1,703.65,705.72,1330673,93907996880000.0,,244677.0,0.1839
2007-07-27,TATASTEEL,EQ,703.65,695.0,697.2,646.15,647.7,651.6,666.4,2647070,176400841565000.0,,806405.0,0.30460000000000004
2007-07-30,TATASTEEL,EQ,651.6,655.0,675.0,635.0,642.95,643.45,656.74,3217629,211315456995000.0,,471942.0,0.1467
2007-07-31,TATASTEEL,EQ,643.45,646.9,659.8,642.3,656.2,656.25,651.18,1882199,122565458850000.0,,170740.0,0.0907
2007-08-01,TATASTEEL,EQ,656.25,652.95,653.0,621.05,628.0,623.75,631.33,2568476,162156667005000.0,,845830.0,0.3293
2007-08-02,TATASTEEL,EQ,623.75,632.95,644.9,623.1,639.25,639.6,637.53,1368203,87227129150000.0,,253010.0,0.18489999999999998
2007-08-03,TATASTEEL,EQ,639.6,640.0,654.8,640.0,652.0,652.35,650.62,1232488,80187842430000.0,,244721.0,0.1986
2007-08-06,TATASTEEL,EQ,652.35,616.05,654.95,616.05,648.65,649.35,643.58,1493719,96133020855000.0,,208256.0,0.1394
2007-08-07,TATASTEEL,EQ,649.35,655.0,660.0,637.05,637.1,639.8,650.3,1643357,106868084470000.0,,258206.0,0.15710000000000002
2007-08-08,TATASTEEL,EQ,639.8,656.0,656.0,642.5,650.3,650.4,649.75,1338493,86969175540000.0,,294675.0,0.2202
2007-08-09,TATASTEEL,EQ,650.4,658.0,675.0,646.0,654.3,652.35,662.22,2638200,174707206925000.0,,743437.0,0.2818
2007-08-10,TATASTEEL,EQ,652.35,638.4,641.0,625.0,638.0,634.95,633.23,2051724,129922184825000.0,,731377.0,0.3565
2007-08-13,TATASTEEL,EQ,634.95,641.0,650.1,640.0,642.5,642.95,644.76,927271,59786662325000.0,,298634.0,0.3221
2007-08-14,TATASTEEL,EQ,642.95,644.0,649.8,639.3,642.45,641.05,644.75,1047624,67545250760000.0,,244369.0,0.23329999999999998
2007-08-16,TATASTEEL,EQ,641.05,601.55,622.4,572.25,577.35,575.45,591.34,6090989,360183061990000.0,,3567235.0,0.5857
2007-08-17,TATASTEEL,EQ,575.45,571.0,573.0,527.5,543.0,544.4,552.48,10466918,578271221550000.0,,5208964.0,0.49770000000000003
2007-08-20,TATASTEEL,EQ,544.4,552.0,574.7,552.0,570.5,569.3,566.38,2568656,145483814160000.0,,678336.0,0.2641
2007-08-21,TATASTEEL,EQ,569.3,575.0,588.0,543.1,545.55,546.3,557.9,1914074,106785242935000.0,,597420.0,0.3121
2007-08-22,TATASTEEL,EQ,546.3,550.0,574.0,540.05,568.75,569.3,562.72,2327368,130964505855000.0,,422848.0,0.18170000000000003
2007-08-23,TATASTEEL,EQ,569.3,579.0,586.4,554.5,560.1,559.8,568.44,1872829,106459665520000.0,,349186.0,0.1864
2007-08-24,TATASTEEL,EQ,559.8,562.0,587.6,560.0,582.2,582.9,575.57,1765788,101632854470000.0,,323482.0,0.1832
2007-08-27,TATASTEEL,EQ,582.9,587.0,604.8,586.0,604.0,602.9,598.2,1727402,103332505795000.0,,475448.0,0.2752
2007-08-28,TATASTEEL,EQ,602.9,605.4,614.4,595.2,607.9,605.8,606.81,1709142,103712323535000.0,,325613.0,0.1905
2007-08-29,TATASTEEL,EQ,605.8,598.25,663.9,590.0,662.05,659.95,639.33,6742163,431047104920000.0,,1071203.0,0.1589
2007-08-30,TATASTEEL,EQ,659.95,670.0,680.0,654.0,657.35,657.4,664.67,5617462,373376861080000.0,,1450485.0,0.2582
2007-08-31,TATASTEEL,EQ,657.4,660.0,692.8,660.0,687.05,689.7,679.18,5599765,380327181035000.0,,1670358.0,0.2983
2007-09-03,TATASTEEL,EQ,689.7,690.0,702.5,687.0,692.0,691.6,694.48,3086144,214327844485000.0,,539820.0,0.1749
2007-09-04,TATASTEEL,EQ,691.6,695.0,699.95,680.55,682.9,683.8,689.47,2671481,184191059450000.0,,333829.0,0.125
2007-09-05,TATASTEEL,EQ,683.8,688.0,696.0,676.35,676.85,682.05,688.56,3412589,234975569730000.03,,877231.0,0.2571
2007-09-06,TATASTEEL,EQ,682.05,685.0,695.0,676.05,694.85,692.7,689.42,1852940,127745804490000.02,,487240.0,0.263
2007-09-07,TATASTEEL,EQ,692.7,695.0,705.0,685.1,688.9,688.3,696.87,2721782,189672839175000.0,,599894.0,0.22039999999999998
2007-09-10,TATASTEEL,EQ,688.3,680.0,698.55,676.15,693.8,693.2,689.19,2314033,159479723640000.0,,474452.0,0.20500000000000002
2007-09-11,TATASTEEL,EQ,693.2,695.55,711.6,695.1,709.0,708.75,704.27,4049142,285167960645000.0,,955516.0,0.23600000000000002
2007-09-12,TATASTEEL,EQ,708.75,715.0,718.4,710.0,711.1,711.55,714.67,2695433,192635194890000.0,,1095298.0,0.40640000000000004
2007-09-13,TATASTEEL,EQ,711.55,714.0,717.85,703.15,707.5,706.55,711.41,1675930,119227559195000.0,,306963.0,0.1832
2007-09-14,TATASTEEL,EQ,706.55,712.0,724.0,700.6,703.0,703.75,713.8,2401320,171406199485000.0,,579527.0,0.2413
2007-09-17,TATASTEEL,EQ,703.75,705.0,714.9,702.15,706.0,705.65,708.68,1776458,125894703470000.0,,369218.0,0.2078
2007-09-18,TATASTEEL,EQ,705.65,707.0,713.0,702.0,708.5,710.35,708.46,1330843,94284675185000.0,,294059.0,0.22100000000000003
2007-09-19,TATASTEEL,EQ,710.35,721.3,747.0,721.0,745.15,745.0,735.61,3427211,252109708744999.97,,1503534.0,0.4387
2007-09-20,TATASTEEL,EQ,745.0,745.0,751.85,735.5,739.55,739.55,744.01,1829155,136090594720000.0,,439109.0,0.2401
2007-09-21,TATASTEEL,EQ,739.55,738.0,750.0,737.15,740.25,740.45,743.35,1687274,125424179080000.0,,552490.0,0.3274
2007-09-24,TATASTEEL,EQ,740.45,747.0,756.5,737.8,748.0,749.45,748.76,1500079,112319658590000.02,,330713.0,0.2205
2007-09-25,TATASTEEL,EQ,749.45,748.0,763.4,733.1,744.0,744.0,749.89,2475682,185647827395000.0,,713135.0,0.28809999999999997
2007-09-26,TATASTEEL,EQ,744.0,751.4,763.0,745.1,753.9,751.85,755.24,1875720,141661697670000.0,,531110.0,0.2831
2007-09-27,TATASTEEL,EQ,751.85,750.0,810.0,750.0,804.0,795.0,779.72,7892302,615381464995000.0,,5254180.0,0.6657
2007-09-28,TATASTEEL,EQ,795.0,806.0,868.45,800.0,848.0,850.5,846.23,8769797,742127228520000.0,,3632163.0,0.4142
2007-10-01,TATASTEEL,EQ,850.5,855.0,858.9,834.15,837.3,841.5,841.68,3104776,261323957655000.03,,1539307.0,0.4958
2007-10-03,TATASTEEL,EQ,841.5,848.65,862.8,805.0,839.55,840.5,841.26,2279616,191774455150000.0,,487109.0,0.2137
2007-10-04,TATASTEEL,EQ,840.5,841.0,876.25,830.1,862.0,865.0,856.86,3428560,293780383025000.0,,615937.0,0.1796
2007-10-05,TATASTEEL,EQ,865.0,869.95,875.0,822.0,825.0,834.0,853.13,1851083,157921218105000.0,,466259.0,0.2519
2007-10-08,TATASTEEL,EQ,834.0,837.9,848.75,775.0,786.5,789.55,797.34,2625055,209307352720000.0,,592437.0,0.2257
2007-10-09,TATASTEEL,EQ,789.55,795.0,839.0,769.0,835.25,835.6,814.97,2596695,211622381210000.0,,538569.0,0.2074
2007-10-10,TATASTEEL,EQ,835.6,842.4,857.0,839.6,848.7,848.1,849.52,1860542,158056409710000.0,,521599.0,0.2803
2007-10-11,TATASTEEL,EQ,848.1,849.9,863.4,840.0,854.95,850.6,851.17,1600317,136213475270000.0,,543955.0,0.33990000000000004
2007-10-12,TATASTEEL,EQ,850.6,845.0,890.25,835.25,857.0,850.35,871.86,2838912,247512086255000.03,,720682.0,0.2539
2007-10-15,TATASTEEL,EQ,850.35,858.0,918.95,856.0,916.8,912.0,893.03,3677531,328413833755000.0,,1101013.0,0.2994
2007-10-16,TATASTEEL,EQ,912.0,910.0,924.0,890.25,906.5,908.15,909.25,2397012,217948773544999.97,,502850.0,0.20980000000000001
2007-10-17,TATASTEEL,EQ,908.15,865.0,888.4,800.0,865.1,866.1,857.41,3314525,284190795045000.0,,1119781.0,0.33780000000000004
2007-10-18,TATASTEEL,EQ,866.1,876.0,906.0,811.0,825.0,835.15,879.69,2153814,189469623175000.0,,623732.0,0.2896
2007-10-19,TATASTEEL,EQ,835.15,820.0,871.0,781.05,849.7,852.15,828.63,3400294,281756875985000.0,,867571.0,0.2551
2007-10-22,TATASTEEL,EQ,852.15,811.0,869.0,811.0,837.3,837.5,838.83,1906068,159887360765000.0,,401786.0,0.2108
2007-10-23,TATASTEEL,EQ,837.5,849.0,899.7,848.0,896.7,894.45,874.25,1932254,168927695785000.0,,516965.0,0.2675
2007-10-24,TATASTEEL,EQ,894.45,905.0,926.95,895.2,914.9,916.25,914.08,2779337,254053720625000.0,,708268.0,0.2548
2007-10-25,TATASTEEL,EQ,916.25,917.9,1001.45,914.0,987.0,988.9,974.93,7826426,763020417795000.0,,2253956.0,0.28800000000000003
2007-10-26,TATASTEEL,EQ,988.9,997.3,1048.0,966.25,993.0,987.75,1006.01,5603304,563696638400000.0,,1795848.0,0.32049999999999995
2007-10-29,TATASTEEL,EQ,987.75,890.0,938.4,890.0,901.0,902.5,907.89,3865474,350943055765000.0,,,
2007-10-30,TATASTEEL,EQ,902.5,905.0,914.5,892.65,900.0,901.9,905.06,2118733,191757403570000.0,,,
2007-10-31,TATASTEEL,EQ,901.9,901.0,922.0,896.0,905.95,905.8,912.66,1689797,154221589300000.0,,,
2007-11-01,TATASTEEL,EQ,905.8,925.0,928.9,873.0,883.4,885.65,901.57,2145499,193432514275000.0,,,
2007-11-02,TATASTEEL,EQ,885.65,865.0,900.8,774.9,897.1,897.45,886.12,1331243,117964755520000.0,,,
2007-11-05,TATASTEEL,EQ,897.45,895.0,900.0,875.1,879.0,879.15,889.67,1289769,114746559855000.0,,2555191.0,0.2054
2007-11-06,TATASTEEL,EQ,879.15,889.9,895.4,852.2,867.05,860.35,877.31,1057582,92783026830000.0,,319150.0,0.3018
2007-11-07,TATASTEEL,EQ,860.35,860.35,879.9,855.1,860.5,862.45,867.8,810325,70319598454999.99,,238910.0,0.2948
2007-11-08,TATASTEEL,EQ,862.45,859.9,861.0,840.0,847.9,848.0,851.41,795386,67720272245000.01,,300095.0,0.37729999999999997
2007-11-09,TATASTEEL,EQ,848.0,860.0,860.0,820.0,825.1,834.0,839.61,218815,18371838725000.0,,88612.0,0.405
2007-11-12,TATASTEEL,EQ,834.0,818.0,823.0,791.55,813.0,813.95,807.01,2465328,198953843240000.0,,1233040.0,0.5002000000000001
2007-11-13,TATASTEEL,EQ,813.95,813.95,848.0,810.0,840.0,833.95,830.37,1524914,126624798659999.98,,511424.0,0.3354
2007-11-14,TATASTEEL,EQ,833.95,852.3,869.95,851.0,857.0,858.05,861.2,1361319,117236767080000.0,,595482.0,0.4374
2007-11-15,TATASTEEL,EQ,858.05,921.0,935.0,853.1,863.05,859.85,870.12,1845485,160579475505000.0,,946637.0,0.5129
2007-11-16,TATASTEEL,EQ,859.85,860.0,860.0,796.0,846.0,843.5,846.91,1191583,100916758170000.0,,513037.0,0.43060000000000004
2007-11-19,TATASTEEL,EQ,843.5,860.0,880.0,846.1,860.05,862.8,857.97,1144426,98187884550000.0,,483473.0,0.4225
2007-11-20,TATASTEEL,EQ,862.8,863.15,888.0,850.0,864.15,859.3,869.37,2567339,223195750090000.0,,1313606.0,0.5117
2007-11-21,TATASTEEL,EQ,859.3,862.0,878.0,813.0,829.0,825.05,844.01,1654767,139663473709999.98,,618509.0,0.3738
2007-11-22,TATASTEEL,EQ,825.05,899.9,899.9,784.75,824.5,818.05,810.18,1898299,153796195000000.0,,707466.0,0.37270000000000003
2007-11-23,TATASTEEL,EQ,818.05,800.65,880.0,790.0,815.0,817.65,818.9,928139,76005581450000.0,,259974.0,0.2801
2007-11-26,TATASTEEL,EQ,817.65,839.5,857.5,812.65,856.0,850.45,838.03,1699452,142418964560000.0,,629678.0,0.3705
2007-11-27,TATASTEEL,EQ,850.45,850.0,862.9,841.35,845.0,848.9,853.28,1529111,130476447730000.0,,427657.0,0.2797
2007-11-28,TATASTEEL,EQ,848.9,890.0,899.9,805.0,810.25,816.6,836.46,1524272,127499060015000.02,,711798.0,0.467
2007-11-29,TATASTEEL,EQ,816.6,832.0,847.5,790.05,801.0,798.25,813.95,2433464,198072775410000.0,,760380.0,0.3125
2007-11-30,TATASTEEL,EQ,798.25,805.0,829.5,805.0,824.2,825.9,820.24,1034875,84884377540000.0,,334411.0,0.32310000000000005
2007-12-03,TATASTEEL,EQ,825.9,830.0,845.0,828.0,844.8,842.2,839.78,859210,72154410495000.0,,424314.0,0.4938
2007-12-04,TATASTEEL,EQ,842.2,844.0,877.0,844.0,873.0,872.6,861.59,2261968,194889486720000.0,,906686.0,0.4008
2007-12-05,TATASTEEL,EQ,872.6,875.0,882.9,857.5,863.0,865.5,870.32,2103250,183049909015000.0,,886171.0,0.4213
2007-12-06,TATASTEEL,EQ,865.5,875.0,879.4,843.6,845.0,848.15,860.9,928581,79941491610000.0,,340269.0,0.3664
2007-12-07,TATASTEEL,EQ,848.15,856.0,864.0,826.2,834.8,832.05,837.63,1358842,113820830250000.0,,525816.0,0.387
2007-12-10,TATASTEEL,EQ,832.05,832.0,841.0,830.0,832.1,833.3,834.94,843385,70417866740000.0,,312975.0,0.3711
2007-12-11,TATASTEEL,EQ,833.3,838.4,851.0,832.5,835.0,836.3,841.81,1543619,129943057709999.98,,843152.0,0.5462
2007-12-12,TATASTEEL,EQ,836.3,835.4,867.0,825.5,865.0,864.8,857.29,4342798,372305466625000.0,,2586161.0,0.5955
2007-12-13,TATASTEEL,EQ,864.8,870.0,899.95,866.25,888.0,890.05,882.89,4198501,370682375105000.0,,1979695.0,0.4715
2007-12-14,TATASTEEL,EQ,890.05,894.5,908.9,873.05,877.0,877.05,889.03,3273229,291000396705000.0,,1362412.0,0.41619999999999996
2007-12-17,TATASTEEL,EQ,877.05,877.0,885.0,815.0,831.95,823.35,847.4,1635450,138588140595000.0,,644468.0,0.39409999999999995
2007-12-18,TATASTEEL,EQ,823.35,844.9,844.9,813.4,818.5,817.2,826.56,2485043,205403339305000.0,,1155390.0,0.46490000000000004
2007-12-19,TATASTEEL,EQ,817.2,826.9,843.4,802.35,827.0,824.3,829.51,2281147,189222478855000.0,,897612.0,0.3935
2007-12-20,TATASTEEL,EQ,824.3,829.95,835.9,821.0,824.0,824.25,827.26,1675021,138567923475000.0,,684033.0,0.40840000000000004
2007-12-24,TATASTEEL,EQ,824.25,839.0,867.35,832.0,863.0,864.35,859.73,1833354,157619634545000.0,,808313.0,0.44090000000000007
2007-12-26,TATASTEEL,EQ,864.35,875.4,897.9,868.4,892.0,892.8,887.44,1364603,121100470505000.0,,408396.0,0.2993
2007-12-27,TATASTEEL,EQ,892.8,906.0,913.25,891.0,909.35,905.1,904.48,3096905,280108697585000.0,,1300138.0,0.41979999999999995
2007-12-28,TATASTEEL,EQ,905.1,870.65,936.5,870.65,931.5,931.35,922.59,2188341,201894039015000.0,,794689.0,0.36310000000000003
2007-12-31,TATASTEEL,EQ,931.35,935.0,947.25,906.1,932.1,935.4,937.11,1530903,143461728565000.0,,721512.0,0.47130000000000005
2008-01-01,TATASTEEL,EQ,935.4,939.0,957.0,928.9,932.0,932.25,941.28,1361086,128115722970000.0,,526351.0,0.38670000000000004
2008-01-02,TATASTEEL,EQ,932.25,935.0,940.0,900.65,930.3,933.55,928.98,1518523,141068327680000.0,,567694.0,0.3738
2008-01-03,TATASTEEL,EQ,933.55,939.0,939.0,917.6,926.0,926.15,926.54,1490285,138081539240000.02,,741719.0,0.49770000000000003
2008-01-04,TATASTEEL,EQ,926.15,939.7,943.15,924.1,934.0,931.35,932.78,934639,87180833395000.0,,279838.0,0.2994
2008-01-07,TATASTEEL,EQ,931.35,913.0,949.0,913.0,924.8,925.8,930.87,920093,85648497825000.0,,304730.0,0.3312
2008-01-08,TATASTEEL,EQ,925.8,935.0,937.65,876.65,889.05,891.3,903.35,2172027,196210281365000.0,,1006631.0,0.4635
2008-01-09,TATASTEEL,EQ,891.3,885.0,907.4,875.9,892.2,893.8,893.31,1238918,110673192950000.0,,375378.0,0.303
2008-01-10,TATASTEEL,EQ,893.8,920.0,920.0,850.0,857.0,854.15,875.36,1391869,121839076715000.02,,536429.0,0.3854
2008-01-11,TATASTEEL,EQ,854.15,854.15,865.75,831.5,857.0,853.3,850.46,1342909,114209505820000.0,,417241.0,0.31070000000000003
2008-01-14,TATASTEEL,EQ,853.3,921.5,921.5,833.15,837.0,838.2,847.7,1622193,137514019245000.0,,675395.0,0.41630000000000006
2008-01-15,TATASTEEL,EQ,838.2,859.0,863.9,836.0,851.0,852.1,851.57,1756904,149612709985000.0,,580982.0,0.3307
2008-01-16,TATASTEEL,EQ,852.1,860.0,860.0,802.25,820.2,818.0,817.41,2950177,241151580260000.0,,1420935.0,0.4816
2008-01-17,TATASTEEL,EQ,818.0,829.5,829.5,805.0,807.4,810.75,817.36,3258587,266344865665000.0,,1772167.0,0.5438000000000001
2008-01-18,TATASTEEL,EQ,810.75,810.65,818.8,770.25,780.0,782.5,800.46,2109974,168894617030000.0,,771543.0,0.3657
2008-01-21,TATASTEEL,EQ,782.5,777.0,780.0,626.0,729.0,721.6,727.55,3760292,273581282080000.03,,2107204.0,0.5604
2008-01-22,TATASTEEL,EQ,721.6,696.0,859.6,538.0,682.0,670.65,647.27,3592171,232509288055000.03,,2408115.0,0.6704000000000001
2008-01-23,TATASTEEL,EQ,670.65,710.0,723.95,685.0,690.0,698.55,701.81,2256263,158347000005000.0,,1381110.0,0.6121
2008-01-24,TATASTEEL,EQ,698.55,715.0,740.0,651.2,677.0,670.75,688.16,2540798,174847189835000.0,,1209517.0,0.47600000000000003
2008-01-25,TATASTEEL,EQ,670.75,700.0,719.0,675.0,709.95,715.05,706.36,1475137,104197448690000.0,,735427.0,0.4985
2008-01-28,TATASTEEL,EQ,715.05,704.0,704.0,669.0,695.0,696.7,684.96,824341,56464228510000.0,,258121.0,0.3131
2008-01-29,TATASTEEL,EQ,696.7,714.0,721.4,697.2,713.5,715.2,712.55,944953,67332672929999.99,,272956.0,0.2889
2008-01-30,TATASTEEL,EQ,715.2,716.0,740.0,710.05,722.1,723.3,727.53,1350553,98256581905000.0,,479099.0,0.3547
2008-01-31,TATASTEEL,EQ,723.3,726.0,745.4,692.9,735.0,738.6,723.26,2415898,174731458665000.0,,827256.0,0.34240000000000004
2008-02-01,TATASTEEL,EQ,738.6,740.0,781.0,738.05,775.1,776.45,761.21,2181640,166068660145000.0,,852769.0,0.3909
2008-02-04,TATASTEEL,EQ,776.45,777.0,816.95,777.0,806.0,802.15,801.78,2096828,168120031110000.0,,526386.0,0.251
2008-02-05,TATASTEEL,EQ,802.15,804.0,821.0,778.5,817.6,817.05,798.92,2395478,191380303995000.0,,518567.0,0.2165
2008-02-06,TATASTEEL,EQ,817.05,790.0,818.0,786.25,796.0,798.85,800.96,1651451,132274435484999.98,,384745.0,0.233
2008-02-07,TATASTEEL,EQ,798.85,795.0,814.6,765.1,767.4,771.8,790.11,1684651,133106710434999.98,,522990.0,0.3104
2008-02-08,TATASTEEL,EQ,771.8,782.0,782.0,741.65,748.0,751.35,757.88,1128932,85559090405000.0,,201562.0,0.17850000000000002
2008-02-11,TATASTEEL,EQ,751.35,730.1,752.0,714.1,717.0,726.7,729.86,1047908,76482638355000.0,,281844.0,0.269
2008-02-12,TATASTEEL,EQ,726.7,732.0,749.0,702.0,708.15,710.3,732.44,1105270,80953944040000.0,,262546.0,0.23750000000000002
2008-02-13,TATASTEEL,EQ,710.3,727.7,762.4,719.0,761.9,758.1,746.21,1814990,135436591165000.02,,437129.0,0.2408
2008-02-14,TATASTEEL,EQ,758.1,779.0,790.7,769.0,781.0,778.4,781.07,1403948,109657905230000.0,,468475.0,0.3337
2008-02-15,TATASTEEL,EQ,778.4,765.0,821.1,765.0,819.65,818.15,800.19,2298009,183885083720000.0,,873118.0,0.3799
2008-02-18,TATASTEEL,EQ,818.15,824.4,846.0,808.25,821.0,821.2,827.1,2363911,195520163390000.0,,670231.0,0.28350000000000003
2008-02-19,TATASTEEL,EQ,821.2,829.9,837.0,810.0,811.0,812.95,824.8,1370169,113011892125000.0,,280392.0,0.2046
2008-02-20,TATASTEEL,EQ,812.95,765.1,817.0,765.1,774.0,772.45,788.88,1639871,129366820250000.0,,422371.0,0.2576
2008-02-21,TATASTEEL,EQ,772.45,780.0,810.0,780.0,809.5,805.8,798.15,1753063,139921496350000.0,,366462.0,0.209
2008-02-22,TATASTEEL,EQ,805.8,792.7,817.5,792.7,794.6,804.7,807.77,2098032,169473045175000.0,,259912.0,0.12390000000000001
2008-02-25,TATASTEEL,EQ,804.7,804.7,812.0,778.05,808.8,809.15,799.76,1733446,138634856545000.0,,442325.0,0.2552
2008-02-26,TATASTEEL,EQ,809.15,810.0,820.7,802.25,806.4,809.6,811.96,1970091,159962582680000.0,,636630.0,0.32310000000000005
2008-02-27,TATASTEEL,EQ,809.6,820.0,833.9,807.1,810.0,812.25,822.8,2088548,171844729395000.0,,677121.0,0.32420000000000004
2008-02-28,TATASTEEL,EQ,812.25,818.4,829.0,807.0,824.0,824.3,816.89,1995391,163001820890000.0,,861324.0,0.43170000000000003
2008-02-29,TATASTEEL,EQ,824.3,829.9,829.9,779.25,800.0,801.75,800.56,2751435,220269419825000.0,,848369.0,0.30829999999999996
2008-03-03,TATASTEEL,EQ,801.75,785.1,803.7,764.0,768.0,772.9,785.27,1731783,135990985609999.98,,711133.0,0.4106
2008-03-04,TATASTEEL,EQ,772.9,784.95,792.0,756.45,779.55,777.95,775.61,2314254,179495789945000.0,,938871.0,0.4057
2008-03-05,TATASTEEL,EQ,777.95,783.9,803.7,778.2,803.0,799.2,794.92,1856575,147582683425000.0,,634716.0,0.3419
2008-03-07,TATASTEEL,EQ,799.2,790.0,796.4,761.25,771.0,773.55,775.58,1774568,137632580345000.0,,505258.0,0.2847
2008-03-10,TATASTEEL,EQ,773.55,765.0,819.0,744.25,811.0,812.5,778.54,2506501,195142323895000.0,,934108.0,0.37270000000000003
2008-03-11,TATASTEEL,EQ,812.5,807.8,831.8,801.2,816.1,819.15,821.48,2469990,202904512335000.0,,764002.0,0.3093
2008-03-12,TATASTEEL,EQ,819.15,825.0,830.0,761.0,768.0,768.8,791.71,2581548,204382482430000.0,,664393.0,0.25739999999999996
2008-03-13,TATASTEEL,EQ,768.8,765.0,765.0,691.2,697.0,696.95,725.34,2953099,214199559255000.0,,805492.0,0.27280000000000004
2008-03-14,TATASTEEL,EQ,696.95,705.0,728.5,700.0,714.0,715.1,712.27,2677120,190682071950000.0,,758344.0,0.2833
2008-03-17,TATASTEEL,EQ,715.1,690.0,699.95,651.1,652.0,658.9,668.23,2269680,151667008815000.0,,822717.0,0.3625
2008-03-18,TATASTEEL,EQ,658.9,650.1,674.0,630.0,630.45,639.05,651.08,2175626,141650889125000.0,,420695.0,0.19340000000000002
2008-03-19,TATASTEEL,EQ,639.05,652.05,667.0,635.0,635.0,637.85,647.28,2259501,146253935650000.0,,529724.0,0.23440000000000003
2008-03-24,TATASTEEL,EQ,637.85,650.0,650.0,573.5,591.0,591.1,601.88,2258818,135954086740000.02,,596535.0,0.2641
2008-03-25,TATASTEEL,EQ,591.1,600.5,643.0,600.0,638.0,635.85,625.31,1825444,114146493220000.0,,428542.0,0.2348
2008-03-26,TATASTEEL,EQ,635.85,640.0,668.4,624.6,659.1,657.7,651.35,2515490,163845608435000.0,,367563.0,0.1461
2008-03-27,TATASTEEL,EQ,657.7,659.0,670.0,642.15,655.0,655.0,655.71,2466629,161738599320000.0,,934264.0,0.3788
2008-03-28,TATASTEEL,EQ,655.0,659.9,724.95,659.9,717.1,716.1,695.52,3791341,263695809840000.0,,831423.0,0.2193
2008-03-31,TATASTEEL,EQ,716.1,716.0,717.0,688.15,689.05,694.35,698.23,2085682,145629289360000.0,,473355.0,0.227
2008-04-01,TATASTEEL,EQ,694.35,699.0,702.0,658.85,671.0,671.4,677.07,1316660,89146605585000.0,,212246.0,0.1612
2008-04-02,TATASTEEL,EQ,671.4,685.0,690.0,643.5,645.0,648.85,657.88,1831801,120510707400000.0,,481359.0,0.26280000000000003
2008-04-03,TATASTEEL,EQ,648.85,650.0,668.0,638.55,663.45,660.15,656.91,1977956,129934646780000.0,,377596.0,0.19090000000000001
2008-04-04,TATASTEEL,EQ,660.15,658.5,680.4,655.05,659.15,661.4,666.71,2773166,184888658165000.0,,852822.0,0.3075
2008-04-07,TATASTEEL,EQ,661.4,666.0,685.0,645.15,679.0,680.55,668.88,1798596,120303932320000.0,,381884.0,0.21230000000000002
2008-04-08,TATASTEEL,EQ,680.55,680.5,680.5,653.7,655.0,657.05,663.62,1560583,103564068885000.0,,448011.0,0.2871
2008-04-09,TATASTEEL,EQ,657.05,662.0,684.0,653.25,679.0,678.85,673.04,2042987,137500618925000.0,,575373.0,0.2816
2008-04-10,TATASTEEL,EQ,678.85,671.0,689.0,670.0,684.6,684.8,681.49,1519316,103539628150000.0,,324207.0,0.2134
2008-04-11,TATASTEEL,EQ,684.8,688.8,702.75,672.3,694.5,693.25,690.61,2063905,142534348485000.0,,214743.0,0.10400000000000001
2008-04-15,TATASTEEL,EQ,693.25,694.25,700.0,675.25,695.95,692.15,691.34,956444,66122411445000.01,,153615.0,0.1606
2008-04-16,TATASTEEL,EQ,692.15,699.8,709.45,687.3,692.3,691.15,700.14,1070846,74973940695000.0,,170088.0,0.15880000000000002
2008-04-17,TATASTEEL,EQ,691.15,700.0,722.0,695.0,721.0,717.8,709.8,1969823,139817369959999.98,,658409.0,0.3342
2008-04-21,TATASTEEL,EQ,717.8,730.0,779.0,722.15,778.0,776.25,757.62,2757987,208951225905000.0,,921970.0,0.3343
2008-04-22,TATASTEEL,EQ,776.25,777.0,788.0,765.15,782.0,782.4,780.55,1684532,131485696805000.0,,342630.0,0.2034
2008-04-23,TATASTEEL,EQ,782.4,774.5,803.7,756.2,793.0,797.5,783.83,3232283,253355535840000.0,,928715.0,0.2873
2008-04-24,TATASTEEL,EQ,797.5,800.0,800.0,770.5,771.25,776.35,788.58,1899247,149770593355000.0,,340647.0,0.1794
2008-04-25,TATASTEEL,EQ,776.35,775.7,805.9,770.2,802.4,803.75,792.4,1963062,155553318265000.0,,522843.0,0.2663
2008-04-28,TATASTEEL,EQ,803.75,813.4,813.4,720.15,781.0,778.45,785.71,1953402,153480957490000.0,,677415.0,0.3468
2008-04-29,TATASTEEL,EQ,778.45,783.0,820.0,779.0,810.6,810.4,804.1,3190623,256558311905000.03,,1082798.0,0.3394
2008-04-30,TATASTEEL,EQ,810.4,808.7,823.6,800.1,814.0,818.25,810.58,1941569,157379757450000.0,,497675.0,0.2563
2008-05-02,TATASTEEL,EQ,818.25,821.0,827.0,792.0,792.0,797.35,804.87,1475482,118756630755000.0,,362475.0,0.2457
2008-05-05,TATASTEEL,EQ,797.35,804.0,813.4,786.25,805.0,803.9,801.72,1535264,123084925125000.0,,233956.0,0.1524
2008-05-06,TATASTEEL,EQ,803.9,793.0,824.4,793.0,817.5,818.6,816.6,2298222,187673611140000.0,,424662.0,0.18480000000000002
2008-05-07,TATASTEEL,EQ,818.6,820.7,839.0,811.0,829.8,823.15,826.94,3883162,321114480060000.0,,681167.0,0.1754
2008-05-08,TATASTEEL,EQ,823.15,828.0,849.4,801.0,848.9,844.9,836.66,3343777,279759196125000.0,,469069.0,0.1403
2008-05-09,TATASTEEL,EQ,844.9,850.0,857.8,833.0,842.0,844.2,845.76,2875707,243216556825000.0,,288950.0,0.1005
2008-05-12,TATASTEEL,EQ,844.2,837.0,847.0,804.8,846.9,842.85,831.14,2029997,168722006945000.0,,337888.0,0.16640000000000002
2008-05-13,TATASTEEL,EQ,842.85,845.85,868.0,844.0,851.0,851.4,859.98,2002864,172243102015000.0,,256834.0,0.1282
2008-05-14,TATASTEEL,EQ,851.4,842.35,893.4,842.35,890.1,886.1,875.01,3357967,293827090990000.0,,733326.0,0.2184
2008-05-15,TATASTEEL,EQ,886.1,881.0,902.0,805.5,880.55,881.7,888.52,2855799,253744748625000.0,,594145.0,0.20800000000000002
2008-05-16,TATASTEEL,EQ,881.7,882.0,894.9,871.5,892.1,891.15,885.07,1877403,166163238010000.0,,240013.0,0.1278
2008-05-20,TATASTEEL,EQ,891.15,891.0,909.75,885.0,894.0,894.85,898.28,1726544,155092768965000.0,,376531.0,0.2181
2008-05-21,TATASTEEL,EQ,894.85,891.0,925.5,884.0,922.15,922.0,909.6,3018121,274528623355000.03,,1016064.0,0.3367
2008-05-22,TATASTEEL,EQ,922.0,914.35,919.7,901.2,915.0,909.15,911.58,2263240,206312631445000.0,,536658.0,0.2371
2008-05-23,TATASTEEL,EQ,909.15,903.25,917.0,890.5,897.5,897.1,900.53,2729597,245808127460000.0,,757611.0,0.2776
2008-05-26,TATASTEEL,EQ,897.1,895.0,895.0,865.25,877.15,874.6,874.88,2097063,183468134455000.0,,694958.0,0.33140000000000003
2008-05-27,TATASTEEL,EQ,874.6,882.3,889.0,853.6,868.15,867.0,871.85,1579821,137736452880000.0,,344278.0,0.21789999999999998
2008-05-28,TATASTEEL,EQ,867.0,866.0,909.4,856.4,908.0,903.35,880.68,1861026,163896759335000.0,,286890.0,0.1542
2008-05-29,TATASTEEL,EQ,903.35,908.0,922.8,890.0,899.0,896.1,906.99,3123215,283272306190000.0,,1069489.0,0.34240000000000004
2008-05-30,TATASTEEL,EQ,896.1,905.4,925.0,894.0,903.0,902.8,906.49,2067542,187420324385000.0,,511472.0,0.24739999999999998
2008-06-02,TATASTEEL,EQ,902.8,906.0,915.95,864.0,866.0,869.0,886.61,1629341,144459694420000.0,,300372.0,0.1844
2008-06-03,TATASTEEL,EQ,869.0,860.0,869.75,844.0,862.2,861.65,858.4,1986884,170553587125000.0,,352313.0,0.1773
2008-06-04,TATASTEEL,EQ,861.65,867.0,875.75,810.1,816.1,813.75,845.25,3464800,292861078240000.0,,712067.0,0.20550000000000002
2008-06-05,TATASTEEL,EQ,813.75,820.0,849.0,801.0,844.5,841.75,826.76,2958198,244572450215000.0,,445627.0,0.1506
2008-06-06,TATASTEEL,EQ,841.75,853.0,856.8,816.25,829.9,824.15,832.17,2101192,174854064320000.0,,258859.0,0.1232
2008-06-09,TATASTEEL,EQ,824.15,819.4,833.0,790.0,829.0,823.2,813.14,2546404,207057345270000.0,,435687.0,0.1711
2008-06-10,TATASTEEL,EQ,823.2,832.5,832.5,805.0,824.0,820.2,818.23,1922839,157332976570000.0,,329543.0,0.1714
2008-06-11,TATASTEEL,EQ,820.2,827.5,848.0,825.3,844.0,836.7,838.01,1608242,134772524834999.98,,205117.0,0.1275
2008-06-12,TATASTEEL,EQ,836.7,831.0,860.0,807.7,859.8,855.85,829.15,2208716,183134964435000.0,,210228.0,0.09519999999999999
2008-06-13,TATASTEEL,EQ,855.85,860.0,863.9,836.1,837.6,841.0,848.61,2217522,188181213785000.0,,424595.0,0.1915
2008-06-16,TATASTEEL,EQ,841.0,849.8,865.0,845.15,847.0,848.95,855.07,1214134,103816805155000.0,,129165.0,0.10640000000000001
2008-06-17,TATASTEEL,EQ,848.95,847.0,855.9,835.5,853.0,850.6,845.14,1899618,160544495760000.0,,419261.0,0.2207
2008-06-18,TATASTEEL,EQ,850.6,853.0,860.9,818.1,821.0,822.55,840.51,1580455,132839365445000.0,,270545.0,0.17120000000000002
2008-06-19,TATASTEEL,EQ,822.55,815.0,832.0,806.5,816.15,816.8,822.02,1983985,163087278685000.0,,328962.0,0.16579999999999998
2008-06-20,TATASTEEL,EQ,816.8,825.0,825.0,771.55,779.7,777.4,795.08,1968188,156486341560000.0,,275488.0,0.14
2008-06-23,TATASTEEL,EQ,777.4,741.0,795.0,730.4,745.7,745.75,752.4,1798484,135318221230000.0,,209520.0,0.1165
2008-06-24,TATASTEEL,EQ,745.75,745.7,759.7,691.25,695.0,711.1,734.44,2051847,150696396040000.0,,470354.0,0.22920000000000001
2008-06-25,TATASTEEL,EQ,711.1,698.9,745.95,680.0,743.4,742.6,723.26,2554509,184758024770000.0,,531481.0,0.20809999999999998
2008-06-26,TATASTEEL,EQ,742.6,745.0,763.9,730.9,752.25,756.55,748.82,3147248,235672165130000.03,,729539.0,0.2318
2008-06-27,TATASTEEL,EQ,756.55,752.25,784.7,711.15,723.15,726.75,747.15,7706872,575821354910000.0,,2148701.0,0.2788
2008-06-30,TATASTEEL,EQ,726.75,723.15,744.0,715.1,727.0,728.85,730.74,3323535,242865171460000.0,,641810.0,0.1931
2008-07-01,TATASTEEL,EQ,728.85,722.5,745.0,690.75,691.0,697.7,718.72,2913376,209391123565000.0,,303308.0,0.1041
2008-07-02,TATASTEEL,EQ,697.7,715.0,750.0,673.5,748.0,740.8,708.83,3758582,266420250425000.0,,635944.0,0.16920000000000002
2008-07-03,TATASTEEL,EQ,740.8,741.0,741.5,651.0,656.15,658.05,672.83,4082988,274714553830000.03,,732455.0,0.1794
2008-07-04,TATASTEEL,EQ,658.05,656.0,667.1,626.4,634.25,640.4,641.17,4512061,289300476435000.0,,819705.0,0.18170000000000003
2008-07-07,TATASTEEL,EQ,640.4,644.5,666.0,644.5,653.1,651.9,655.34,2899312,190002115555000.0,,570339.0,0.1967
2008-07-08,TATASTEEL,EQ,651.9,645.0,662.0,630.0,654.0,651.95,647.57,1825515,118214315540000.02,,294984.0,0.1616
2008-07-09,TATASTEEL,EQ,651.95,659.9,679.9,659.9,677.5,677.6,671.79,2030868,136432523209999.98,,429319.0,0.2114
2008-07-10,TATASTEEL,EQ,677.6,681.1,707.9,670.0,696.0,698.9,697.88,2554906,178302685230000.0,,416321.0,0.1629
2008-07-11,TATASTEEL,EQ,698.9,705.4,706.5,658.2,668.1,666.05,682.87,2306691,157516668270000.0,,277168.0,0.1202
2008-07-14,TATASTEEL,EQ,666.05,646.0,699.9,646.0,690.9,683.4,686.35,2117548,145337100900000.0,,290330.0,0.1371
2008-07-15,TATASTEEL,EQ,683.4,664.25,678.5,642.5,643.7,647.9,658.9,1656825,109167858684999.98,,292790.0,0.17670000000000002
2008-07-16,TATASTEEL,EQ,647.9,656.0,662.9,617.15,634.05,625.25,640.9,2749466,176213185155000.0,,348465.0,0.1267
2008-07-17,TATASTEEL,EQ,625.25,645.0,665.4,597.0,608.05,607.4,611.3,4390039,268364044725000.0,,780286.0,0.1777
2008-07-18,TATASTEEL,EQ,607.4,600.15,611.0,581.0,587.0,592.55,593.49,3742381,222106969980000.03,,790366.0,0.21120000000000003
2008-07-21,TATASTEEL,EQ,592.55,615.0,615.0,581.5,598.0,599.05,600.83,1998595,120080778959999.98,,246407.0,0.1233
2008-07-22,TATASTEEL,EQ,599.05,614.9,636.4,590.3,627.0,625.6,625.43,4224184,264191242050000.0,,1249369.0,0.2958
2008-07-23,TATASTEEL,EQ,625.6,641.9,675.95,640.25,667.0,667.55,660.87,5605196,370427909890000.0,,2618191.0,0.4671
2008-07-24,TATASTEEL,EQ,667.55,670.0,680.0,619.6,631.9,630.9,639.67,4888752,312720292390000.0,,2441560.0,0.4994
2008-07-25,TATASTEEL,EQ,630.9,625.0,639.85,609.0,619.85,617.55,623.14,4105375,255823476915000.0,,1653821.0,0.40280000000000005
2008-07-28,TATASTEEL,EQ,617.55,614.5,624.0,602.1,603.25,604.05,610.3,2273772,138768867975000.0,,766842.0,0.3373
2008-07-29,TATASTEEL,EQ,604.05,605.0,605.0,577.8,584.5,584.45,589.61,2660144,156845390630000.0,,794135.0,0.29850000000000004
2008-07-30,TATASTEEL,EQ,584.45,595.0,634.5,595.0,634.0,630.15,619.29,4079734,252654347050000.0,,1266871.0,0.3105
2008-07-31,TATASTEEL,EQ,630.15,629.0,662.8,629.0,654.0,655.1,651.1,4436633,288870098400000.0,,1017041.0,0.22920000000000001
2008-08-01,TATASTEEL,EQ,655.1,652.35,683.9,645.05,681.25,679.85,671.85,4272849,287069949375000.0,,1168147.0,0.27340000000000003
2008-08-04,TATASTEEL,EQ,679.85,679.85,700.0,669.0,688.35,691.55,686.09,3266389,224102679760000.0,,340552.0,0.1043
2008-08-05,TATASTEEL,EQ,691.55,695.0,698.0,655.1,674.1,675.9,671.12,6588738,442183855825000.0,,3134421.0,0.4757
2008-08-06,TATASTEEL,EQ,675.9,683.35,688.0,641.8,646.05,645.9,662.87,4246797,281506547165000.0,,1461348.0,0.34409999999999996
2008-08-07,TATASTEEL,EQ,645.9,645.95,665.9,636.1,646.25,644.55,654.69,4008058,262403182510000.0,,1275657.0,0.31829999999999997
2008-08-08,TATASTEEL,EQ,644.55,635.0,656.0,635.0,652.0,652.45,651.21,2048828,133421737425000.0,,289322.0,0.1412
2008-08-11,TATASTEEL,EQ,652.45,656.0,665.7,642.1,642.8,644.8,652.06,2067263,134797734400000.0,,681054.0,0.32939999999999997
2008-08-12,TATASTEEL,EQ,644.8,652.0,664.7,598.05,608.5,607.9,615.33,6062076,373020258845000.0,,2124889.0,0.3505
2008-08-13,TATASTEEL,EQ,607.9,604.9,624.8,600.0,611.25,610.4,613.61,3238937,198743983380000.0,,774266.0,0.239
2008-08-14,TATASTEEL,EQ,610.4,647.7,647.7,608.0,616.65,616.5,618.74,2478298,153342908005000.0,,503942.0,0.20329999999999998
2008-08-18,TATASTEEL,EQ,616.5,617.0,621.05,599.0,604.2,602.85,608.53,2153065,131021319890000.02,,419751.0,0.195
2008-08-19,TATASTEEL,EQ,602.85,619.0,619.0,592.3,600.55,598.0,598.43,2863019,171332341815000.0,,755638.0,0.2639
2008-08-20,TATASTEEL,EQ,598.0,603.0,616.0,602.0,605.25,605.7,609.07,2465383,150159020240000.0,,760945.0,0.30870000000000003
2008-08-21,TATASTEEL,EQ,605.7,607.8,613.0,582.0,585.85,587.65,597.68,3434125,205250137535000.0,,1087268.0,0.3166
2008-08-22,TATASTEEL,EQ,587.65,595.0,597.4,578.4,591.6,593.75,588.37,5814067,342080599090000.0,,2079894.0,0.3577
2008-08-25,TATASTEEL,EQ,593.75,601.0,604.5,580.0,580.45,585.2,594.97,3248159,193257312815000.0,,1233908.0,0.3799
2008-08-26,TATASTEEL,EQ,585.2,584.0,584.0,570.3,578.0,577.75,576.16,3105700,178936487595000.0,,897124.0,0.2889
2008-08-27,TATASTEEL,EQ,577.75,577.0,588.6,577.0,582.5,581.35,583.58,3068114,179048398595000.0,,1146494.0,0.3737
2008-08-28,TATASTEEL,EQ,581.35,589.0,589.0,567.15,568.9,571.95,575.83,3240544,186598648025000.0,,985848.0,0.3042
2008-08-29,TATASTEEL,EQ,571.95,676.0,676.0,581.0,600.0,600.7,594.53,4656970,276869006560000.0,,1446581.0,0.3106
2008-09-01,TATASTEEL,EQ,600.7,598.0,598.0,577.0,583.65,584.2,583.85,2123389,123973981980000.0,,529040.0,0.24910000000000002
2008-09-02,TATASTEEL,EQ,584.2,589.95,593.95,580.25,588.5,589.25,588.14,2064244,121405865395000.0,,250320.0,0.1213
2008-09-04,TATASTEEL,EQ,589.25,584.95,591.0,578.0,582.7,582.75,582.02,1214055,70660610970000.0,,256173.0,0.21100000000000002
2008-09-05,TATASTEEL,EQ,582.75,578.5,578.5,555.0,560.5,560.35,563.29,4525523,254918624790000.0,,2037200.0,0.45020000000000004
2008-09-08,TATASTEEL,EQ,560.35,574.75,579.4,567.15,569.0,569.0,571.58,1917362,109593348634999.98,,564789.0,0.29460000000000003
2008-09-09,TATASTEEL,EQ,569.0,568.0,571.95,560.0,564.4,563.6,565.85,1947925,110223808195000.0,,459759.0,0.23600000000000002
2008-09-10,TATASTEEL,EQ,563.6,560.5,565.75,530.0,535.0,535.15,543.02,4467405,242590637140000.0,,2036656.0,0.4559
2008-09-11,TATASTEEL,EQ,535.15,537.0,537.0,522.5,525.85,526.35,526.98,3130816,164987729345000.0,,1088006.0,0.34750000000000003
2008-09-12,TATASTEEL,EQ,526.35,540.0,540.0,520.5,522.35,523.65,527.96,2609266,137759909350000.0,,752247.0,0.2883
2008-09-15,TATASTEEL,EQ,523.65,518.0,518.0,487.45,498.9,500.45,499.0,2889632,144192088225000.0,,1060958.0,0.36719999999999997
2008-09-16,TATASTEEL,EQ,500.45,488.0,489.0,476.0,486.15,486.55,483.5,2941451,142218278880000.0,,1240636.0,0.4218
2008-09-17,TATASTEEL,EQ,486.55,490.0,494.9,467.1,470.0,473.75,479.64,3999542,191834097370000.0,,1000200.0,0.25010000000000004
2008-09-18,TATASTEEL,EQ,473.75,464.1,467.4,438.65,460.5,459.75,454.28,6395877,290549724000000.0,,3049652.0,0.4768
2008-09-19,TATASTEEL,EQ,459.75,465.0,485.0,452.25,483.0,479.5,476.89,3079619,146862609835000.0,,910662.0,0.2957
2008-09-22,TATASTEEL,EQ,479.5,489.8,503.4,479.15,491.1,494.0,493.82,3056348,150929115850000.0,,646001.0,0.2114
2008-09-23,TATASTEEL,EQ,494.0,482.1,490.25,468.55,470.0,470.25,481.05,2443382,117539429759999.98,,807978.0,0.3307
2008-09-24,TATASTEEL,EQ,470.25,470.0,488.0,470.0,487.0,486.05,481.25,1980783,95325830900000.0,,374577.0,0.18910000000000002
2008-09-25,TATASTEEL,EQ,486.05,500.0,500.0,471.0,485.0,484.7,485.8,3346334,162563825990000.0,,1147498.0,0.3429
2008-09-26,TATASTEEL,EQ,484.7,480.0,484.9,458.05,458.8,461.85,470.62,1999791,94113536595000.0,,561237.0,0.2806
2008-09-29,TATASTEEL,EQ,461.85,462.0,466.95,435.3,447.45,445.95,446.08,1851183,82577587035000.0,,472518.0,0.2553
2008-09-30,TATASTEEL,EQ,445.95,440.0,442.0,412.65,426.0,427.15,425.91,4314595,183764150890000.0,,1687948.0,0.3912
2008-10-01,TATASTEEL,EQ,427.15,430.0,446.9,425.15,439.0,438.35,436.69,2547387,111240900259999.98,,372657.0,0.1463
2008-10-03,TATASTEEL,EQ,438.35,438.35,438.35,390.05,392.0,393.0,404.44,5797927,234493575255000.03,,2617051.0,0.4514
2008-10-06,TATASTEEL,EQ,393.0,384.7,384.7,339.5,361.0,350.0,355.49,8152538,289816864875000.0,,4013760.0,0.49229999999999996
2008-10-07,TATASTEEL,EQ,350.0,400.0,400.0,340.55,358.65,357.75,354.64,5660293,200739187335000.0,,1684457.0,0.29760000000000003
2008-10-08,TATASTEEL,EQ,357.75,347.0,349.0,316.05,340.3,338.3,329.05,5347911,175975058545000.0,,1591848.0,0.2977
2008-10-10,TATASTEEL,EQ,338.3,317.4,319.7,280.1,281.5,287.4,300.36,6026879,181023031360000.0,,2759798.0,0.4579
2008-10-13,TATASTEEL,EQ,287.4,290.05,314.85,290.05,302.5,304.0,306.24,3969181,121551758634999.98,,1199730.0,0.3023
2008-10-14,TATASTEEL,EQ,304.0,318.45,328.5,301.75,302.6,304.95,316.47,3898530,123376001765000.02,,1107869.0,0.2842
2008-10-15,TATASTEEL,EQ,304.95,298.05,298.05,270.0,272.0,272.7,279.28,5133731,143373608965000.0,,1686536.0,0.3285
2008-10-16,TATASTEEL,EQ,272.7,258.95,284.7,250.0,269.0,269.1,270.18,5986689,161745622295000.0,,2160616.0,0.36090000000000005
2008-10-17,TATASTEEL,EQ,269.1,270.1,279.0,243.15,244.2,247.6,264.23,6153590,162594037560000.0,,2184714.0,0.355
2008-10-20,TATASTEEL,EQ,247.6,254.95,269.4,246.0,251.7,252.1,257.05,6606951,169832984335000.0,,1870644.0,0.2831
2008-10-21,TATASTEEL,EQ,252.1,254.9,281.75,254.5,278.55,278.05,268.26,6186403,165955326860000.0,,1911692.0,0.309
2008-10-22,TATASTEEL,EQ,278.05,266.85,274.5,238.05,239.0,245.05,255.5,4829680,123399919665000.02,,1781683.0,0.3689
2008-10-23,TATASTEEL,EQ,245.05,230.0,235.0,205.0,208.4,208.0,218.41,9650203,210766299195000.0,,2597653.0,0.26920000000000005
2008-10-24,TATASTEEL,EQ,208.0,201.0,204.0,173.15,177.0,178.0,185.22,9590961,177648266925000.0,,3318866.0,0.34600000000000003
2008-10-27,TATASTEEL,EQ,178.0,175.1,182.0,150.0,169.3,168.3,162.81,7841775,127668968555000.0,,2373751.0,0.3027
2008-10-28,TATASTEEL,EQ,168.3,180.0,192.0,175.0,182.5,182.45,182.32,1924824,35093002895000.0,,764811.0,0.3973
2008-10-29,TATASTEEL,EQ,182.45,187.8,193.0,177.25,187.8,186.85,185.24,6462878,119719682615000.02,,1455449.0,0.2252
2008-10-31,TATASTEEL,EQ,186.85,192.15,214.9,192.15,213.65,209.75,205.37,7991094,164113641760000.0,,2459321.0,0.3078
2008-11-03,TATASTEEL,EQ,209.75,223.0,229.9,218.0,224.65,225.6,223.47,5740502,128281643620000.0,,1215303.0,0.21170000000000003
2008-11-04,TATASTEEL,EQ,225.6,224.5,245.5,215.6,239.25,239.7,230.78,7743698,178705357620000.0,,1472614.0,0.1902
2008-11-05,TATASTEEL,EQ,239.7,244.95,254.8,212.2,213.0,215.85,227.47,6859421,156030038605000.0,,1408655.0,0.2054
2008-11-06,TATASTEEL,EQ,215.85,209.0,209.0,183.35,188.0,186.05,191.54,11881586,227579562785000.0,,3460122.0,0.2912
2008-11-07,TATASTEEL,EQ,186.05,184.0,195.35,176.05,191.15,189.5,185.65,12510935,232271125930000.03,,2568293.0,0.2053
2008-11-10,TATASTEEL,EQ,189.5,192.1,216.4,192.1,214.25,214.3,209.31,10341800,216464267240000.0,,2317857.0,0.2241
2008-11-11,TATASTEEL,EQ,214.3,211.3,212.0,190.0,191.75,191.1,198.42,9472056,187941089210000.0,,2007915.0,0.212
2008-11-12,TATASTEEL,EQ,191.1,190.0,193.45,180.1,185.7,185.05,187.19,10053303,188191871310000.0,,992877.0,0.09880000000000001
2008-11-14,TATASTEEL,EQ,185.05,190.0,196.0,170.0,173.55,171.9,178.96,11718435,209716289115000.0,,3418556.0,0.2917
2008-11-17,TATASTEEL,EQ,171.9,173.6,176.9,157.3,165.0,166.3,164.48,13005386,213910498280000.0,,3717114.0,0.2858
2008-11-18,TATASTEEL,EQ,166.3,163.0,171.5,158.1,164.35,164.75,165.82,9029127,149723827170000.0,,805141.0,0.0892
2008-11-19,TATASTEEL,EQ,164.75,168.0,172.9,160.0,161.4,161.9,166.97,9083038,151658733765000.0,,1140299.0,0.1255
2008-11-20,TATASTEEL,EQ,161.9,155.0,160.0,152.1,157.5,157.2,156.85,7298073,114473847830000.0,,2047322.0,0.2805
2008-11-21,TATASTEEL,EQ,157.2,156.0,164.5,151.25,161.7,159.7,158.56,9120756,144616339535000.0,,2691995.0,0.2952
2008-11-24,TATASTEEL,EQ,159.7,137.5,164.0,137.5,153.75,155.95,155.98,8945403,139530173550000.0,,2278511.0,0.2547
2008-11-25,TATASTEEL,EQ,155.95,163.0,163.0,149.55,150.0,150.7,154.95,6573502,101855521750000.0,,1761742.0,0.268
2008-11-26,TATASTEEL,EQ,150.7,152.0,157.8,146.05,154.15,155.5,150.52,8391877,126313032550000.0,,1817415.0,0.21660000000000001
2008-11-28,TATASTEEL,EQ,155.5,151.6,153.9,148.05,150.6,151.4,150.73,6413985,96676365315000.0,,2192053.0,0.3418
2008-12-01,TATASTEEL,EQ,151.4,154.8,158.8,151.55,153.2,153.4,155.36,7541278,117164376790000.02,,1978230.0,0.26230000000000003
2008-12-02,TATASTEEL,EQ,153.4,150.0,150.4,146.5,148.9,148.8,148.39,3541408,52551428565000.0,,717109.0,0.2025
2008-12-03,TATASTEEL,EQ,148.8,150.0,166.2,150.0,165.0,164.7,161.35,17730080,286071248780000.0,,4874952.0,0.275
2008-12-04,TATASTEEL,EQ,164.7,165.0,193.25,162.0,185.5,187.2,174.1,12974753,225896754610000.0,,2508713.0,0.19340000000000002
2008-12-05,TATASTEEL,EQ,187.2,185.0,188.45,177.4,183.85,182.5,182.72,11358917,207546823675000.0,,1504755.0,0.1325
2008-12-08,TATASTEEL,EQ,182.5,187.6,204.95,187.6,194.0,196.0,196.53,16184726,318078846720000.0,,3330694.0,0.20579999999999998
2008-12-10,TATASTEEL,EQ,196.0,198.0,223.0,197.0,222.2,217.85,208.88,15661932,327140694385000.0,,3301945.0,0.2108
2008-12-11,TATASTEEL,EQ,217.85,220.6,225.9,208.55,217.2,217.7,218.2,12736672,277918779625000.0,,2063670.0,0.162
2008-12-12,TATASTEEL,EQ,217.7,214.0,221.9,204.25,218.7,218.85,212.12,9280654,196861094195000.0,,1197365.0,0.129
2008-12-15,TATASTEEL,EQ,218.85,223.0,237.4,222.0,226.7,227.2,231.55,9868964,228513178755000.03,,2745055.0,0.2782
2008-12-16,TATASTEEL,EQ,227.2,225.6,229.8,217.8,225.4,224.95,224.42,8024689,180092501745000.0,,690886.0,0.0861
2008-12-17,TATASTEEL,EQ,224.95,232.9,232.9,214.6,215.9,219.35,224.71,8189389,184027272645000.0,,1733370.0,0.21170000000000003
2008-12-18,TATASTEEL,EQ,219.35,215.45,227.95,205.25,227.1,222.45,213.89,11746147,251242876260000.0,,3518247.0,0.2995
2008-12-19,TATASTEEL,EQ,222.45,222.0,234.4,220.85,229.0,229.1,229.65,8366598,192138324030000.0,,1957798.0,0.23399999999999999
2008-12-22,TATASTEEL,EQ,229.1,226.8,236.75,222.1,225.05,224.15,230.17,6266499,144238228585000.0,,998738.0,0.1594
2008-12-23,TATASTEEL,EQ,224.15,222.7,225.9,214.4,219.5,221.5,219.99,5824109,128123076645000.0,,1003205.0,0.1723
2008-12-24,TATASTEEL,EQ,221.5,220.0,221.0,211.1,219.3,218.25,216.41,5839634,126373679715000.02,,1496054.0,0.25620000000000004
2008-12-26,TATASTEEL,EQ,218.25,219.0,225.9,210.0,212.55,212.0,218.3,5831015,127289171965000.02,,1190507.0,0.20420000000000002
2008-12-29,TATASTEEL,EQ,212.0,213.9,216.85,202.4,215.0,214.8,209.61,7880473,165185602625000.0,,1309065.0,0.1661
2008-12-30,TATASTEEL,EQ,214.8,216.0,220.6,211.55,213.05,215.1,215.94,5474932,118226589265000.02,,634150.0,0.1158
2008-12-31,TATASTEEL,EQ,215.1,217.0,223.0,214.2,216.55,217.2,219.12,6190296,135642606580000.0,,773481.0,0.125
2009-01-01,TATASTEEL,EQ,217.2,218.0,229.7,218.0,229.0,228.7,225.51,5173496,116668665100000.0,,1131851.0,0.2188
2009-01-02,TATASTEEL,EQ,228.7,229.55,235.7,227.0,230.2,229.6,232.32,5315809,123498032434999.98,,945631.0,0.1779
2009-01-05,TATASTEEL,EQ,229.6,232.8,248.0,232.6,247.5,245.6,239.7,7528128,180447425210000.0,,1637007.0,0.2175
2009-01-06,TATASTEEL,EQ,245.6,245.0,255.0,238.2,248.5,247.05,246.77,7485590,184720332785000.0,,935736.0,0.125
2009-01-07,TATASTEEL,EQ,247.05,250.1,260.7,230.0,234.5,233.75,248.0,10024540,248608599435000.0,,2265860.0,0.226
2009-01-09,TATASTEEL,EQ,233.75,230.0,236.0,208.2,212.0,215.0,217.85,8390925,182792697405000.0,,2649053.0,0.31570000000000004
2009-01-12,TATASTEEL,EQ,215.0,212.8,216.45,198.35,199.1,200.15,204.36,7017646,143412110860000.0,,1840815.0,0.26230000000000003
2009-01-13,TATASTEEL,EQ,200.15,196.1,208.0,191.0,205.8,202.5,199.25,8430437,167973094545000.0,,1759675.0,0.20870000000000002
2009-01-14,TATASTEEL,EQ,202.5,207.0,215.7,205.5,214.8,213.1,211.73,5089710,107764731659999.98,,817945.0,0.1607
2009-01-15,TATASTEEL,EQ,213.1,206.0,206.0,195.35,197.6,197.7,199.52,7538632,150411300255000.0,,2174193.0,0.2884
2009-01-16,TATASTEEL,EQ,197.7,200.0,208.0,191.6,202.75,204.05,200.19,9292832,186035700505000.0,,1480620.0,0.1593
2009-01-19,TATASTEEL,EQ,204.05,204.0,211.4,202.1,207.15,208.55,208.36,5212062,108601030445000.0,,713413.0,0.1369
2009-01-20,TATASTEEL,EQ,208.55,204.05,204.4,193.0,195.05,195.05,197.44,8297189,163823623430000.0,,1688302.0,0.20350000000000001
2009-01-21,TATASTEEL,EQ,195.05,192.15,193.9,188.0,188.3,188.9,190.41,6197136,118002532745000.0,,961106.0,0.1551
2009-01-22,TATASTEEL,EQ,188.9,192.9,194.0,177.15,178.75,179.25,183.69,7433374,136546656945000.0,,2140732.0,0.28800000000000003
2009-01-23,TATASTEEL,EQ,179.25,179.0,180.0,165.05,166.45,166.3,171.82,7424256,127561586930000.0,,2414583.0,0.32520000000000004
2009-01-27,TATASTEEL,EQ,166.3,170.0,176.65,169.0,172.05,171.95,173.33,6373963,110479519020000.0,,1749800.0,0.2745
2009-01-28,TATASTEEL,EQ,171.95,175.0,180.7,167.05,177.4,177.2,173.66,15780317,274044124569999.97,,3655623.0,0.23170000000000002
2009-01-29,TATASTEEL,EQ,177.2,177.0,186.5,177.0,181.7,183.7,182.55,11982716,218744669925000.0,,3791251.0,0.3164
2009-01-30,TATASTEEL,EQ,183.7,184.9,188.35,176.0,184.0,184.6,181.63,8606352,156316593345000.0,,1933026.0,0.22460000000000002
2009-02-02,TATASTEEL,EQ,184.6,182.9,183.0,171.15,171.8,172.5,175.84,4752997,83576108320000.0,,1143899.0,0.2407
2009-02-03,TATASTEEL,EQ,172.5,175.95,177.4,167.6,170.5,170.75,172.39,5724965,98692978710000.0,,694055.0,0.12119999999999999
2009-02-04,TATASTEEL,EQ,170.75,172.0,181.0,172.0,179.5,179.55,178.05,6819539,121425063130000.0,,1473170.0,0.21600000000000003
2009-02-05,TATASTEEL,EQ,179.55,180.6,188.4,180.15,182.5,181.8,184.22,8187008,150822269225000.0,,2581746.0,0.3153
2009-02-06,TATASTEEL,EQ,181.8,184.0,187.8,182.0,187.0,186.5,186.09,4065868,75660421625000.0,,942361.0,0.2318
2009-02-09,TATASTEEL,EQ,186.5,187.8,200.85,187.75,200.2,199.65,196.47,8103373,159203448505000.0,,2052157.0,0.2532
2009-02-10,TATASTEEL,EQ,199.65,199.5,203.85,194.3,195.0,196.85,198.79,9518529,189222633205000.0,,1506604.0,0.1583
2009-02-11,TATASTEEL,EQ,196.85,192.05,193.65,187.1,190.95,190.15,190.03,7145379,135785136915000.02,,1143791.0,0.16010000000000002
2009-02-12,TATASTEEL,EQ,190.15,188.5,193.0,184.35,184.55,185.6,187.78,5405726,101511093935000.0,,1236988.0,0.2288
2009-02-13,TATASTEEL,EQ,185.6,187.0,196.0,187.0,194.0,194.15,193.25,6152973,118906927380000.0,,1295707.0,0.21059999999999998
2009-02-16,TATASTEEL,EQ,194.15,190.55,196.9,183.0,183.2,184.15,189.21,6131478,116011736315000.02,,1539896.0,0.2511
2009-02-17,TATASTEEL,EQ,184.15,182.0,182.4,170.2,172.2,171.65,174.15,6006620,104606115295000.0,,1734445.0,0.2888
2009-02-18,TATASTEEL,EQ,171.65,170.9,174.95,168.05,170.35,170.75,172.11,6243864,107464847484999.98,,1254727.0,0.201
2009-02-19,TATASTEEL,EQ,170.75,173.0,175.2,168.4,172.7,172.45,172.09,5008508,86189788690000.0,,1003481.0,0.2004
2009-02-20,TATASTEEL,EQ,172.45,169.95,171.7,166.05,168.3,168.1,167.99,4128712,69359024895000.01,,920064.0,0.22280000000000003
2009-02-24,TATASTEEL,EQ,168.1,165.0,166.0,158.4,159.7,160.75,160.64,8172599,131286337784999.98,,2329632.0,0.2851
2009-02-25,TATASTEEL,EQ,160.75,168.0,168.0,159.7,159.9,162.4,164.91,4999831,82454313490000.0,,961047.0,0.19219999999999998
2009-02-26,TATASTEEL,EQ,162.4,164.0,165.5,159.05,163.35,163.05,162.29,5228649,84854745080000.0,,997094.0,0.1907
2009-02-27,TATASTEEL,EQ,163.05,163.5,175.3,156.15,173.1,172.8,166.41,14548491,242094840710000.0,,1879256.0,0.1292
2009-03-02,TATASTEEL,EQ,172.8,170.2,170.75,157.1,157.6,159.05,163.02,8773642,143024161060000.0,,1850190.0,0.2109
2009-03-03,TATASTEEL,EQ,159.05,159.5,162.35,154.05,154.7,155.25,159.03,7218190,114791027095000.0,,1268114.0,0.1757
2009-03-04,TATASTEEL,EQ,155.25,158.65,162.9,154.05,156.85,156.65,158.55,12273535,194600043730000.0,,1064001.0,0.0867
2009-03-05,TATASTEEL,EQ,156.65,162.9,162.9,150.65,151.75,151.8,154.93,10073114,156058836295000.0,,1569794.0,0.1558
2009-03-06,TATASTEEL,EQ,151.8,150.0,159.85,148.7,158.65,156.75,154.23,6914458,106639499195000.0,,1136114.0,0.1643
2009-03-09,TATASTEEL,EQ,156.75,155.05,159.15,151.15,151.7,152.35,154.12,5828602,89830274150000.0,,783745.0,0.1345
2009-03-12,TATASTEEL,EQ,152.35,158.85,158.85,154.0,154.35,155.9,156.12,5452823,85131536645000.0,,1250768.0,0.22940000000000002
2009-03-13,TATASTEEL,EQ,155.9,159.7,167.75,158.0,166.6,167.0,164.04,9029802,148120853185000.0,,2552262.0,0.2826
2009-03-16,TATASTEEL,EQ,167.0,168.9,171.45,162.4,169.25,168.7,167.68,6656189,111611094795000.0,,894778.0,0.1344
2009-03-17,TATASTEEL,EQ,168.7,174.9,175.45,167.0,168.0,168.6,171.59,8310822,142608969425000.0,,1285666.0,0.1547
2009-03-18,TATASTEEL,EQ,168.6,174.25,180.35,170.7,176.9,176.5,176.75,8643890,152779871045000.0,,2070540.0,0.2395
2009-03-19,TATASTEEL,EQ,176.5,177.8,181.5,169.65,172.0,172.95,173.84,8842484,153716834820000.0,,1822710.0,0.2061
2009-03-20,TATASTEEL,EQ,172.95,170.0,178.9,169.0,176.1,176.25,175.74,8545125,150171615600000.0,,2176387.0,0.2547
2009-03-23,TATASTEEL,EQ,176.25,181.8,195.95,178.4,195.8,194.4,188.82,12928331,244108808035000.0,,3411092.0,0.2638
2009-03-24,TATASTEEL,EQ,194.4,198.0,203.35,186.05,186.45,187.35,195.93,14527263,284639856105000.0,,3106572.0,0.2138
2009-03-25,TATASTEEL,EQ,187.35,187.8,196.95,181.75,196.25,194.75,188.95,14981825,283084050555000.0,,2540582.0,0.1696
2009-03-26,TATASTEEL,EQ,194.75,198.0,206.95,197.0,205.7,205.45,201.5,13929308,280674958044999.97,,3589150.0,0.2577
2009-03-27,TATASTEEL,EQ,205.45,206.35,227.3,206.0,226.0,223.2,217.77,18856245,410623876385000.0,,2616830.0,0.1388
2009-03-30,TATASTEEL,EQ,223.2,215.0,221.0,192.35,195.75,196.35,205.16,15968262,327607838465000.0,,3650199.0,0.2286
2009-03-31,TATASTEEL,EQ,196.35,199.0,212.0,195.65,206.9,205.9,205.14,16448852,337429976015000.0,,2042119.0,0.1241
2009-04-01,TATASTEEL,EQ,205.9,207.05,213.4,202.95,210.15,209.8,209.14,11916303,249220987355000.03,,1300139.0,0.1091
2009-04-02,TATASTEEL,EQ,209.8,215.0,230.35,214.5,225.4,225.1,224.16,13657541,306146971560000.0,,2845681.0,0.2084
2009-04-06,TATASTEEL,EQ,225.1,229.95,239.65,228.0,236.0,235.65,235.15,13530867,318178289420000.0,,2900983.0,0.2144
2009-04-08,TATASTEEL,EQ,235.65,225.1,245.5,221.15,243.1,243.05,234.32,12109497,283751076135000.0,,1572132.0,0.1298
2009-04-09,TATASTEEL,EQ,243.05,247.95,265.8,240.0,265.0,261.1,253.28,18560977,470110657139999.94,,3607948.0,0.19440000000000002
2009-04-13,TATASTEEL,EQ,261.1,268.1,289.45,266.0,282.0,283.15,281.33,17672347,497170385164999.94,,5083417.0,0.2876
2009-04-15,TATASTEEL,EQ,283.15,290.0,297.75,265.1,292.5,293.0,289.45,18133981,524884735525000.0,,4019786.0,0.2217
2009-04-16,TATASTEEL,EQ,293.0,299.0,299.0,265.0,268.5,269.1,282.11,19043580,537242800364999.94,,4361666.0,0.22899999999999998
2009-04-17,TATASTEEL,EQ,269.1,279.85,287.5,253.55,260.85,258.2,272.38,19126388,520966509705000.0,,3036026.0,0.1587
2009-04-20,TATASTEEL,EQ,258.2,264.0,268.65,256.1,262.75,262.65,263.57,11828589,311766128640000.0,,1389578.0,0.11750000000000001
2009-04-21,TATASTEEL,EQ,262.65,252.0,258.95,242.2,245.0,244.2,250.14,16088732,402440626225000.0,,3829240.0,0.23800000000000002
2009-04-22,TATASTEEL,EQ,244.2,238.1,257.75,237.25,242.4,240.9,244.67,11429174,279641818950000.0,,1428788.0,0.125
2009-04-23,TATASTEEL,EQ,240.9,244.0,266.35,238.65,266.0,262.85,252.71,16624083,420112878595000.0,,2713746.0,0.1632
2009-04-24,TATASTEEL,EQ,262.85,264.2,272.0,256.65,258.95,261.15,262.24,15293220,401048989600000.0,,2476669.0,0.16190000000000002
2009-04-27,TATASTEEL,EQ,261.15,259.0,268.5,251.05,253.9,253.75,258.8,13582726,351525161480000.0,,2632441.0,0.1938
2009-04-28,TATASTEEL,EQ,253.75,255.2,257.4,232.0,235.0,234.35,243.91,11926830,290906789210000.0,,2502814.0,0.20980000000000001
2009-04-29,TATASTEEL,EQ,234.35,237.0,243.6,229.5,238.5,238.1,236.05,16859539,397971931030000.0,,4091970.0,0.2427
2009-05-04,TATASTEEL,EQ,238.1,245.0,264.35,244.0,264.15,263.2,259.13,12599807,326493415795000.0,,3212689.0,0.255
2009-05-05,TATASTEEL,EQ,263.2,266.9,288.85,264.5,284.7,286.15,278.87,16763994,467493005739999.94,,3611462.0,0.2154
2009-05-06,TATASTEEL,EQ,286.15,287.0,289.5,268.2,271.85,270.7,279.03,13896301,387745889780000.0,,3143637.0,0.2262
2009-05-07,TATASTEEL,EQ,270.7,275.0,298.0,272.0,297.65,294.35,284.92,20781163,592086584630000.0,,4262804.0,0.20510000000000003
2009-05-08,TATASTEEL,EQ,294.35,299.7,302.85,280.15,282.5,282.4,290.12,18226785,528792755555000.0,,2767519.0,0.1518
2009-05-11,TATASTEEL,EQ,282.4,285.2,288.8,267.2,268.5,270.65,275.86,16987368,468619363360000.06,,2994204.0,0.17629999999999998
2009-05-12,TATASTEEL,EQ,270.65,267.1,277.45,258.1,274.95,275.55,266.87,14930588,398452184950000.0,,2087896.0,0.1398
2009-05-13,TATASTEEL,EQ,275.55,277.5,277.8,262.3,264.05,264.35,268.43,15241445,409126662300000.0,,3925035.0,0.2575
2009-05-14,TATASTEEL,EQ,264.35,258.0,268.75,251.4,264.0,264.45,263.09,14345839,377423108030000.0,,1559186.0,0.10869999999999999
2009-05-15,TATASTEEL,EQ,264.45,267.0,275.4,266.2,271.2,272.0,272.21,10100010,274933089760000.0,,1669465.0,0.1653
2009-05-18,TATASTEEL,EQ,272.0,320.0,325.0,301.0,315.0,318.25,313.47,66051,2070519030000.0,,64073.0,0.9701000000000001
2009-05-19,TATASTEEL,EQ,318.25,330.0,351.0,300.0,329.1,329.5,326.36,22722905,741589353375000.0,,7731302.0,0.34020000000000006
2009-05-20,TATASTEEL,EQ,329.5,325.0,379.0,325.0,370.1,371.5,360.94,24893214,898501658035000.0,,5868168.0,0.23570000000000002
2009-05-21,TATASTEEL,EQ,371.5,366.0,387.55,357.2,367.35,365.65,374.72,18097895,678158788795000.0,,3849825.0,0.2127
2009-05-22,TATASTEEL,EQ,365.65,361.0,374.0,352.15,364.8,363.65,362.8,12279198,445484776145000.0,,2762906.0,0.225
2009-05-25,TATASTEEL,EQ,363.65,363.5,376.7,361.5,366.4,368.75,370.43,8014257,296872124045000.0,,1108022.0,0.1383
2009-05-26,TATASTEEL,EQ,368.75,376.8,377.7,357.15,365.95,361.85,367.27,8428218,309543960875000.0,,1526840.0,0.1812
2009-05-27,TATASTEEL,EQ,361.85,372.95,378.8,366.2,372.0,373.5,373.01,8657249,322921051825000.0,,1739963.0,0.201
2009-05-28,TATASTEEL,EQ,373.5,378.8,389.9,368.55,385.0,384.8,382.68,14215942,544013168650000.0,,3607831.0,0.25379999999999997
2009-05-29,TATASTEEL,EQ,384.8,389.9,412.7,385.0,403.5,405.35,401.57,12137052,487388478030000.0,,2273533.0,0.18730000000000002
2009-06-01,TATASTEEL,EQ,405.35,420.0,446.8,410.2,433.6,439.3,430.81,12392546,533887505130000.0,,2556558.0,0.20629999999999998
2009-06-02,TATASTEEL,EQ,439.3,444.9,483.8,436.0,480.0,474.5,454.92,17612634,801233397690000.0,,3926778.0,0.223
2009-06-03,TATASTEEL,EQ,474.5,498.8,498.8,478.35,482.0,488.1,488.64,15299244,747584615450000.0,,2844694.0,0.1859
2009-06-04,TATASTEEL,EQ,488.1,487.0,487.0,462.7,471.5,470.65,469.93,11247592,528558908685000.06,,3368987.0,0.2995
2009-06-05,TATASTEEL,EQ,470.65,475.0,481.5,460.25,463.95,463.9,473.29,10270771,486107839510000.06,,2865899.0,0.27899999999999997
2009-06-08,TATASTEEL,EQ,463.9,468.0,470.0,409.2,412.5,416.45,438.71,13929255,611086408755000.0,,4083089.0,0.29309999999999997
2009-06-09,TATASTEEL,EQ,416.45,398.0,448.6,398.0,441.5,438.2,429.27,12564263,539343391564999.94,,3025229.0,0.2408
2009-06-10,TATASTEEL,EQ,438.2,449.75,463.75,433.85,442.65,439.3,449.71,11322226,509175340105000.0,,3490561.0,0.30829999999999996
2009-06-11,TATASTEEL,EQ,439.3,445.0,458.8,437.5,450.65,452.5,451.14,9538513,430320003635000.06,,1467078.0,0.15380000000000002
2009-06-12,TATASTEEL,EQ,452.5,459.25,472.0,452.25,455.75,457.75,462.18,14190125,655846230210000.0,,2519022.0,0.1775
2009-06-15,TATASTEEL,EQ,457.75,450.95,455.0,430.1,436.0,433.8,441.37,8063132,355881007385000.0,,1357213.0,0.16829999999999998
2009-06-16,TATASTEEL,EQ,433.8,424.0,455.8,410.15,447.45,450.7,433.22,13330713,577512656895000.0,,2512244.0,0.18850000000000003
2009-06-17,TATASTEEL,EQ,450.7,447.65,451.9,411.15,414.9,417.0,431.99,12438094,537312312480000.0,,3442009.0,0.2767
2009-06-18,TATASTEEL,EQ,417.0,415.0,420.4,379.3,390.0,388.3,397.17,16089838,639032720480000.0,,3416879.0,0.21239999999999998
2009-06-19,TATASTEEL,EQ,388.3,393.0,414.95,392.15,414.0,412.55,404.52,14341568,580144563220000.0,,1342568.0,0.0936
2009-06-22,TATASTEEL,EQ,412.55,420.0,421.9,400.35,400.6,402.75,411.05,10699371,439793636600000.0,,1405466.0,0.13140000000000002
2009-06-23,TATASTEEL,EQ,402.75,390.0,405.0,383.5,395.0,400.4,392.51,12448555,488620363850000.0,,1928365.0,0.1549
2009-06-24,TATASTEEL,EQ,400.4,402.8,409.4,392.15,406.8,407.0,401.89,8871581,356540913835000.0,,1073124.0,0.121
2009-06-25,TATASTEEL,EQ,407.0,409.0,414.0,393.55,399.3,399.85,399.62,13603963,543638962755000.0,,2511815.0,0.18460000000000001
2009-06-26,TATASTEEL,EQ,399.85,400.0,403.0,380.05,387.0,388.55,389.36,17427623,678564729310000.0,,3589229.0,0.20600000000000002
2009-06-29,TATASTEEL,EQ,388.55,392.0,404.4,382.5,397.15,397.75,397.7,9111023,362348103795000.0,,1637888.0,0.17980000000000002
2009-06-30,TATASTEEL,EQ,397.75,400.0,411.9,386.75,391.45,390.65,400.81,12941718,518721163139999.94,,2316560.0,0.179
2009-07-01,TATASTEEL,EQ,390.65,392.0,398.4,381.05,397.5,395.95,390.68,8754069,342004217280000.0,,633080.0,0.0723
2009-07-02,TATASTEEL,EQ,395.95,405.0,428.7,397.45,419.15,420.4,412.69,17134163,707110299925000.0,,3873882.0,0.2261
2009-07-03,TATASTEEL,EQ,420.4,405.0,443.0,401.0,439.25,437.95,427.52,18143006,775641438225000.0,,3580528.0,0.1974
2009-07-06,TATASTEEL,EQ,437.95,432.0,436.75,391.0,391.95,396.55,412.76,12944149,534276822230000.0,,3231129.0,0.24960000000000002
2009-07-07,TATASTEEL,EQ,396.55,400.25,405.0,385.0,395.4,396.5,393.55,10760760,423487496635000.0,,2147070.0,0.1995
2009-07-08,TATASTEEL,EQ,396.5,389.1,392.95,360.0,360.35,362.5,371.33,12824737,476222516505000.0,,3342941.0,0.2607
2009-07-09,TATASTEEL,EQ,362.5,361.9,370.0,352.5,363.9,364.05,363.47,11099393,403431384080000.0,,2235604.0,0.20140000000000002
2009-07-10,TATASTEEL,EQ,364.05,369.8,376.35,343.8,346.7,352.9,366.45,9799915,359116904730000.0,,1722901.0,0.17579999999999998
2009-07-13,TATASTEEL,EQ,352.9,344.5,346.0,330.1,338.2,339.0,337.62,9085426,306744890015000.0,,1815393.0,0.1998
2009-07-14,TATASTEEL,EQ,339.0,346.0,360.0,344.3,359.85,357.8,355.64,7166741,254878887625000.0,,1319381.0,0.1841
2009-07-15,TATASTEEL,EQ,357.8,364.5,383.4,362.0,381.05,380.9,374.82,8283624,310482729455000.0,,1676632.0,0.2024
2009-07-16,TATASTEEL,EQ,380.9,399.9,403.8,379.0,387.2,384.2,393.07,17033930,669555913770000.0,,4439262.0,0.2606
2009-07-17,TATASTEEL,EQ,384.2,399.0,399.0,385.5,391.2,392.35,391.81,7822276,306485427575000.0,,978916.0,0.1251
2009-07-20,TATASTEEL,EQ,392.35,398.7,401.05,387.0,390.5,391.2,392.41,9683199,379983169465000.0,,2842804.0,0.2936
2009-07-21,TATASTEEL,EQ,391.2,387.0,414.9,376.75,410.5,412.15,398.31,26418889,1052278939110000.0,,5332281.0,0.2018
2009-07-22,TATASTEEL,EQ,412.15,413.0,424.4,394.5,402.5,399.35,410.38,19648825,806349011270000.0,,3126093.0,0.1591
2009-07-23,TATASTEEL,EQ,399.35,403.0,418.8,403.0,416.05,415.75,411.88,12062809,496846722595000.0,,1942574.0,0.161
2009-07-24,TATASTEEL,EQ,415.75,420.0,445.0,419.1,444.0,442.5,431.82,14808972,639483329030000.0,,3297129.0,0.22260000000000002
2009-07-27,TATASTEEL,EQ,442.5,445.8,460.85,442.2,459.1,458.8,452.54,12102960,547706001260000.06,,1930247.0,0.1595
2009-07-28,TATASTEEL,EQ,458.8,462.5,474.8,448.65,469.1,471.2,461.82,14546661,671797319520000.0,,2233027.0,0.1535
2009-07-29,TATASTEEL,EQ,471.2,467.3,470.9,426.2,440.0,442.35,447.49,21829286,976841387775000.0,,3906963.0,0.179
2009-07-30,TATASTEEL,EQ,442.35,435.0,457.0,421.4,451.15,452.15,442.86,19407942,859493278545000.1,,3552465.0,0.18300000000000002
2009-07-31,TATASTEEL,EQ,452.15,464.95,470.8,455.35,463.4,462.35,464.06,12756154,591967724740000.0,,3489623.0,0.2736
2009-08-03,TATASTEEL,EQ,462.35,465.15,487.0,465.0,486.0,485.2,476.75,11066283,527590262685000.06,,2542670.0,0.2298
2009-08-04,TATASTEEL,EQ,485.2,487.8,492.0,469.0,473.25,475.35,479.77,12799149,614069290900000.0,,3724866.0,0.29100000000000004
2009-08-05,TATASTEEL,EQ,475.35,477.0,481.5,462.75,469.55,473.3,469.83,10985206,516120603085000.06,,3397749.0,0.3093
2009-08-06,TATASTEEL,EQ,473.3,467.8,478.4,449.5,450.85,454.4,467.8,13354186,624710297525000.0,,3148574.0,0.23579999999999998
2009-08-07,TATASTEEL,EQ,454.4,446.9,463.5,445.1,454.1,456.5,456.52,17035801,777720118270000.0,,4303503.0,0.25260000000000005
2009-08-10,TATASTEEL,EQ,456.5,466.0,469.6,447.0,449.5,456.05,460.0,11816809,543576110860000.06,,1955227.0,0.1655
2009-08-11,TATASTEEL,EQ,456.05,456.0,467.0,449.6,466.0,463.1,461.68,9559571,441350836485000.06,,1936455.0,0.20260000000000003
2009-08-12,TATASTEEL,EQ,463.1,456.5,461.0,433.0,444.3,443.7,443.0,15207451,673688282925000.0,,4315814.0,0.2838
2009-08-13,TATASTEEL,EQ,443.7,450.0,472.0,449.8,470.15,470.25,461.15,10466794,482672668205000.0,,2901295.0,0.2772
2009-08-14,TATASTEEL,EQ,470.25,473.0,482.65,466.55,467.8,469.95,475.53,11908731,566291389250000.0,,2150028.0,0.18050000000000002
2009-08-17,TATASTEEL,EQ,469.95,451.0,463.7,436.1,437.0,437.95,446.69,9396975,419751358860000.0,,2682905.0,0.28550000000000003
2009-08-18,TATASTEEL,EQ,437.95,439.0,457.3,430.15,452.2,451.7,448.25,11771197,527647885760000.06,,2813890.0,0.239
2009-08-19,TATASTEEL,EQ,451.7,452.0,456.0,430.0,435.0,433.75,440.42,10231579,450617655235000.06,,1797537.0,0.1757
2009-08-20,TATASTEEL,EQ,433.75,435.0,449.4,435.0,440.5,442.05,444.72,5980742,265973739919999.97,,1126908.0,0.1884
2009-08-21,TATASTEEL,EQ,442.05,442.0,447.7,434.1,444.0,444.95,440.67,7080655,312022126395000.0,,1330016.0,0.18780000000000002
2009-08-24,TATASTEEL,EQ,444.95,452.0,460.0,452.0,456.25,458.15,456.72,5999591,274015874635000.0,,1880415.0,0.3134
2009-08-25,TATASTEEL,EQ,458.15,452.0,465.4,450.25,456.0,457.85,457.84,7741797,354453889455000.0,,948301.0,0.1225
2009-08-26,TATASTEEL,EQ,457.85,461.4,466.9,458.0,459.0,460.2,462.25,6678606,308719324575000.0,,1410067.0,0.2111
2009-08-27,TATASTEEL,EQ,460.2,457.0,458.0,425.0,430.0,435.7,444.19,17018692,755947355600000.0,,6786886.0,0.39880000000000004
2009-08-28,TATASTEEL,EQ,435.7,433.0,444.0,422.0,437.8,438.65,435.19,15833142,689036928260000.0,,2121346.0,0.134
2009-08-31,TATASTEEL,EQ,438.65,430.0,437.9,418.65,424.1,424.25,427.99,13974491,598089905400000.0,,4427774.0,0.3168
2009-09-01,TATASTEEL,EQ,424.25,429.0,434.0,413.05,414.0,417.1,425.1,10560515,448932529014999.94,,3382421.0,0.32030000000000003
2009-09-02,TATASTEEL,EQ,417.1,412.0,421.0,407.5,416.0,415.1,415.95,10591265,440545384650000.0,,2252469.0,0.2127
2009-09-03,TATASTEEL,EQ,415.1,427.4,427.4,417.05,417.95,420.65,421.18,7407734,311995834365000.0,,1288686.0,0.174
2009-09-04,TATASTEEL,EQ,420.65,421.8,432.3,420.2,430.5,430.25,427.82,8611396,368415504450000.0,,2429659.0,0.2821
2009-09-07,TATASTEEL,EQ,430.25,434.8,443.25,434.55,441.0,441.9,438.95,6581011,288876164860000.0,,1861267.0,0.2828
2009-09-08,TATASTEEL,EQ,441.9,448.8,465.0,444.3,456.55,456.5,456.09,13208864,602442018230000.0,,3036885.0,0.2299
2009-09-09,TATASTEEL,EQ,456.5,455.0,464.8,453.2,461.7,460.65,461.19,8776694,404773178860000.0,,2431762.0,0.2771
2009-09-10,TATASTEEL,EQ,460.65,467.9,475.0,461.25,468.65,469.9,469.07,11365036,533097105100000.0,,2848530.0,0.2506
2009-09-11,TATASTEEL,EQ,469.9,478.0,499.0,461.55,469.65,469.0,470.08,8265290,388532610265000.0,,1691935.0,0.2047
2009-09-14,TATASTEEL,EQ,469.0,465.8,480.7,465.45,478.2,478.85,475.89,9189386,437314903210000.06,,2342313.0,0.2549
2009-09-15,TATASTEEL,EQ,478.85,477.8,493.5,477.8,492.55,492.45,489.14,8276122,404815010880000.0,,2249221.0,0.2718
2009-09-16,TATASTEEL,EQ,492.45,500.0,533.9,496.55,533.9,530.1,521.17,19209821,1001167134990000.0,,5058127.0,0.2633
2009-09-17,TATASTEEL,EQ,530.1,538.0,542.2,518.1,519.05,520.95,526.72,12448005,655666431990000.0,,3524287.0,0.2831
2009-09-18,TATASTEEL,EQ,520.95,515.15,533.8,515.0,517.6,517.85,522.63,11142570,582344163840000.0,,3758131.0,0.3373
2009-09-22,TATASTEEL,EQ,517.85,516.0,526.6,510.0,521.4,522.4,519.38,8399475,436249589975000.0,,2188736.0,0.2606
2009-09-23,TATASTEEL,EQ,522.4,523.0,530.9,518.1,520.75,520.6,525.41,7530923,395682567645000.0,,1559312.0,0.2071
2009-09-24,TATASTEEL,EQ,520.6,510.15,517.25,503.55,514.35,512.65,510.37,9768403,498552942585000.06,,3632488.0,0.3719
2009-09-25,TATASTEEL,EQ,512.65,508.0,514.35,493.35,499.1,498.35,503.56,11152901,561612758160000.06,,2793019.0,0.2504
2009-09-29,TATASTEEL,EQ,498.35,510.0,510.0,502.1,504.0,504.05,505.75,6358739,321595346045000.0,,1935699.0,0.3044
2009-09-30,TATASTEEL,EQ,504.05,503.0,514.8,503.0,509.1,509.45,510.33,5572630,284389598735000.0,,1720018.0,0.30870000000000003
2009-10-01,TATASTEEL,EQ,509.45,508.45,514.9,502.05,510.6,510.8,508.63,8658154,440377143330000.0,,3265210.0,0.3771
2009-10-05,TATASTEEL,EQ,510.8,503.15,507.8,494.4,498.5,497.0,501.29,7002810,351045989460000.0,,2172758.0,0.3103
2009-10-06,TATASTEEL,EQ,497.0,507.75,513.5,492.6,513.0,510.4,502.58,8224494,413345569665000.0,,2472411.0,0.3006
2009-10-07,TATASTEEL,EQ,510.4,517.05,526.6,511.6,520.0,516.9,521.33,8606953,448710440870000.0,,2656380.0,0.3086
2009-10-08,TATASTEEL,EQ,516.9,522.0,538.4,521.1,536.1,534.95,532.8,9198067,490070984314999.94,,3107175.0,0.33780000000000004
2009-10-09,TATASTEEL,EQ,534.95,539.7,545.35,529.0,529.4,532.55,537.28,9948448,534506111775000.0,,3587086.0,0.36060000000000003
2009-10-12,TATASTEEL,EQ,532.55,533.7,549.4,532.7,546.3,545.6,540.33,7329884,396057858825000.0,,2659743.0,0.3629
2009-10-14,TATASTEEL,EQ,545.6,549.0,575.7,549.0,571.3,571.3,564.18,8813734,497252348450000.0,,2757439.0,0.3129
2009-10-15,TATASTEEL,EQ,571.3,578.9,585.4,570.2,573.7,574.65,578.05,8202665,474151737125000.0,,2858189.0,0.34840000000000004
2009-10-16,TATASTEEL,EQ,574.65,573.7,574.45,562.3,566.45,566.65,566.95,5308294,300952745215000.0,,1609129.0,0.3031
2009-10-17,TATASTEEL,EQ,566.65,570.0,570.95,560.0,561.0,563.2,564.02,902059,50878163000000.0,,276517.0,0.3065
2009-10-20,TATASTEEL,EQ,563.2,568.35,580.65,565.5,574.9,575.15,576.0,5988597,344940392550000.0,,2454010.0,0.4098
2009-10-21,TATASTEEL,EQ,575.15,573.9,575.2,550.85,554.5,553.15,563.41,5125126,288754415445000.0,,1754045.0,0.3422
2009-10-22,TATASTEEL,EQ,553.15,552.0,556.0,539.35,543.55,542.4,547.46,6308023,345338990705000.0,,1718435.0,0.2724
2009-10-23,TATASTEEL,EQ,542.4,551.0,553.8,527.3,530.6,529.65,539.87,6100596,329352843185000.0,,1508972.0,0.24730000000000002
2009-10-26,TATASTEEL,EQ,529.65,529.0,553.35,526.6,539.9,539.85,540.19,6863578,370764326945000.0,,1385179.0,0.2018
2009-10-27,TATASTEEL,EQ,539.85,538.0,538.0,494.65,502.9,500.8,515.67,10340373,533226344145000.0,,2911566.0,0.2816
2009-10-28,TATASTEEL,EQ,500.8,500.0,503.7,477.25,482.6,481.3,487.6,12594206,614099149220000.0,,3753607.0,0.298
2009-10-29,TATASTEEL,EQ,481.3,470.0,477.1,462.2,469.0,467.65,469.58,11129689,522630720400000.0,,4194518.0,0.3769
2009-10-30,TATASTEEL,EQ,467.65,480.0,493.0,465.0,471.5,471.55,479.31,6865710,329080185610000.0,,1434336.0,0.2089
2009-11-03,TATASTEEL,EQ,471.55,466.0,475.25,440.05,441.05,445.3,457.61,6751058,308935783095000.0,,1631974.0,0.24170000000000003
2009-11-04,TATASTEEL,EQ,445.3,457.0,472.0,433.2,471.4,469.0,453.98,12326538,559596516220000.0,,2578960.0,0.20920000000000002
2009-11-05,TATASTEEL,EQ,469.0,468.5,488.0,458.1,485.0,485.75,473.17,9770555,462315422355000.0,,1405182.0,0.1438
2009-11-06,TATASTEEL,EQ,485.75,493.4,507.0,490.0,500.5,499.8,501.18,8343962,418185027795000.0,,2312986.0,0.2772
2009-11-09,TATASTEEL,EQ,499.8,502.0,513.0,501.15,508.05,509.2,507.31,6678530,338805442765000.0,,1348133.0,0.20190000000000002
2009-11-10,TATASTEEL,EQ,509.2,514.9,516.7,500.0,504.0,504.65,506.65,7627565,386454131490000.0,,1528449.0,0.2004
2009-11-11,TATASTEEL,EQ,504.65,508.0,529.5,503.85,527.9,526.55,518.69,7116168,369111434455000.0,,2089462.0,0.2936
2009-11-12,TATASTEEL,EQ,526.55,524.0,524.0,507.3,512.45,512.05,512.62,9179338,470548988239999.94,,3010602.0,0.32799999999999996
2009-11-13,TATASTEEL,EQ,512.05,512.0,525.0,505.0,521.0,520.75,519.29,7009699,364008360020000.0,,1268502.0,0.18100000000000002
2009-11-16,TATASTEEL,EQ,520.75,526.2,544.2,526.2,535.9,536.55,536.99,7261189,389916080975000.0,,1954324.0,0.2691
2009-11-17,TATASTEEL,EQ,536.55,540.0,544.8,530.5,538.5,538.8,536.92,6608881,354845004635000.0,,1586916.0,0.2401
2009-11-18,TATASTEEL,EQ,538.8,542.0,550.7,525.05,546.0,547.4,542.46,9652594,523612095864999.94,,2417368.0,0.2504
2009-11-19,TATASTEEL,EQ,547.4,545.0,555.7,532.5,537.55,537.15,546.37,10571023,577563988775000.0,,3408859.0,0.3225
2009-11-20,TATASTEEL,EQ,537.15,532.0,555.0,524.0,554.2,552.95,537.47,9239764,496613690139999.94,,2437620.0,0.2638
2009-11-23,TATASTEEL,EQ,552.95,552.0,576.95,550.0,575.95,573.05,564.8,9541497,538903724885000.06,,2980615.0,0.3124
2009-11-24,TATASTEEL,EQ,573.05,578.0,578.95,555.85,557.0,558.7,565.99,10712390,606308732555000.0,,3381103.0,0.3156
2009-11-25,TATASTEEL,EQ,558.7,562.0,570.95,557.0,562.1,563.1,564.65,5527484,312109639345000.0,,1074273.0,0.19440000000000002
2009-11-26,TATASTEEL,EQ,563.1,564.0,567.9,528.35,542.2,543.7,545.19,17943404,978250008300000.0,,4694867.0,0.2616
2009-11-27,TATASTEEL,EQ,543.7,525.0,553.6,517.0,543.4,544.85,532.99,12931402,689232059185000.0,,2584341.0,0.1999
2009-11-30,TATASTEEL,EQ,544.85,550.0,582.0,531.65,578.0,579.2,570.98,14212273,811491335410000.0,,5182805.0,0.36469999999999997
2009-12-01,TATASTEEL,EQ,579.2,589.4,590.8,574.05,582.0,581.65,583.39,9386312,547586469930000.0,,2302783.0,0.24530000000000002
2009-12-02,TATASTEEL,EQ,581.65,586.0,591.4,572.2,574.2,574.8,579.97,8612246,499485702439999.94,,2455158.0,0.2851
2009-12-03,TATASTEEL,EQ,574.8,577.1,590.0,574.1,582.35,583.6,583.66,7635721,445669913975000.0,,1350903.0,0.17690000000000003
2009-12-04,TATASTEEL,EQ,583.6,576.0,584.0,571.65,575.05,575.95,577.87,7333245,423765777150000.0,,1351186.0,0.1843
2009-12-07,TATASTEEL,EQ,575.95,570.0,574.9,553.3,555.6,555.85,560.29,6806618,381367965945000.0,,1907139.0,0.2802
2009-12-08,TATASTEEL,EQ,555.85,550.0,570.9,550.0,567.5,568.2,567.16,7831437,444171649545000.0,,3023931.0,0.3861
2009-12-09,TATASTEEL,EQ,568.2,564.0,564.0,541.55,546.0,544.9,550.36,10837271,596436906510000.0,,3707375.0,0.3421
2009-12-10,TATASTEEL,EQ,544.9,550.0,556.55,541.2,548.05,548.95,550.55,8901650,490080114200000.0,,3018612.0,0.33909999999999996
2009-12-11,TATASTEEL,EQ,548.95,559.7,559.7,536.45,546.35,546.55,548.93,9360250,513813180530000.0,,2663337.0,0.2845
2009-12-14,TATASTEEL,EQ,546.55,546.55,553.0,539.25,543.65,544.5,547.11,6548575,358280038690000.0,,1169007.0,0.17850000000000002
2009-12-15,TATASTEEL,EQ,544.5,550.0,557.0,544.0,544.5,546.5,551.65,6628905,365683406645000.0,,1229481.0,0.1855
2009-12-16,TATASTEEL,EQ,546.5,547.0,560.35,542.65,560.0,557.65,550.78,9122902,502467394545000.0,,2552619.0,0.2798
2009-12-17,TATASTEEL,EQ,557.65,556.0,568.9,556.0,563.3,564.2,564.2,8455208,477046338555000.0,,2539374.0,0.3003
2009-12-18,TATASTEEL,EQ,564.2,562.0,572.5,558.85,562.4,563.25,567.01,8162541,462823778939999.94,,2867749.0,0.35130000000000006
2009-12-21,TATASTEEL,EQ,563.25,567.0,571.25,553.0,556.05,555.9,563.65,6794820,382991261260000.0,,1828376.0,0.2691
2009-12-22,TATASTEEL,EQ,555.9,568.0,580.4,558.5,579.5,577.2,571.74,7552969,431831451014999.94,,2015893.0,0.2669
2009-12-23,TATASTEEL,EQ,577.2,581.0,606.4,577.0,604.7,604.05,593.44,10387819,616453353910000.0,,2984143.0,0.2873
2009-12-24,TATASTEEL,EQ,604.05,608.3,618.35,598.0,615.5,615.6,609.05,9737947,593088317235000.0,,1705282.0,0.1751
2009-12-29,TATASTEEL,EQ,615.6,616.45,627.9,616.45,621.3,622.05,623.5,7639331,476315396125000.0,,2509622.0,0.3285
2009-12-30,TATASTEEL,EQ,622.05,620.0,626.7,612.6,615.05,614.8,617.57,7309265,451397856680000.0,,2183100.0,0.2987
2009-12-31,TATASTEEL,EQ,614.8,617.65,623.9,612.65,617.0,617.7,617.7,7667402,473614608905000.0,,2948782.0,0.3846
2010-01-04,TATASTEEL,EQ,617.7,622.0,636.5,616.9,636.25,633.75,628.71,5569757,350178757685000.0,,1107657.0,0.19890000000000002
2010-01-05,TATASTEEL,EQ,633.75,638.55,654.8,638.55,647.6,649.1,648.67,7801935,506091593175000.0,,2824636.0,0.36200000000000004
2010-01-06,TATASTEEL,EQ,649.1,660.0,660.0,637.0,643.2,642.05,645.32,7350435,474334897114999.94,,2285424.0,0.3109
2010-01-07,TATASTEEL,EQ,642.05,644.9,652.8,640.1,647.2,649.8,646.56,7635704,493694938114999.94,,2342356.0,0.3068
2010-01-08,TATASTEEL,EQ,649.8,651.0,661.5,640.9,648.6,648.45,650.67,8199586,533520912335000.06,,2545487.0,0.3104
2010-01-11,TATASTEEL,EQ,648.45,650.0,655.9,645.2,647.9,648.5,651.02,6640749,432326765710000.06,,2785052.0,0.4194
2010-01-12,TATASTEEL,EQ,648.5,641.5,648.75,623.85,625.0,625.55,634.91,6832387,433797676535000.06,,2371750.0,0.3471
2010-01-13,TATASTEEL,EQ,625.55,615.0,641.8,615.0,641.4,639.25,631.76,10315049,651662093745000.0,,3529470.0,0.3422
2010-01-14,TATASTEEL,EQ,639.25,644.75,651.2,641.55,647.0,647.7,646.09,6642444,429163732570000.0,,2828008.0,0.4257
2010-01-15,TATASTEEL,EQ,647.7,650.0,650.95,640.0,644.95,645.15,644.55,4292540,276677669355000.03,,1480116.0,0.3448
2010-01-18,TATASTEEL,EQ,645.15,642.0,642.0,630.75,639.05,637.5,635.83,5948930,378250734560000.0,,2466135.0,0.4146
2010-01-19,TATASTEEL,EQ,637.5,636.0,645.6,632.0,636.25,637.65,639.4,5015647,320700688535000.0,,2112435.0,0.42119999999999996
2010-01-20,TATASTEEL,EQ,637.65,638.0,657.4,638.0,652.0,653.7,648.89,7929039,514510438225000.0,,3270629.0,0.41250000000000003
2010-01-21,TATASTEEL,EQ,653.7,649.5,659.5,642.25,649.0,648.0,651.14,10916900,710848368270000.0,,5247846.0,0.4807
2010-01-22,TATASTEEL,EQ,648.0,641.1,641.1,617.0,621.1,624.55,626.05,8780340,549690231725000.0,,3581752.0,0.4079
2010-01-25,TATASTEEL,EQ,624.55,620.0,625.7,606.9,610.0,609.9,613.68,5328645,327005882720000.0,,1537882.0,0.2886
2010-01-27,TATASTEEL,EQ,609.9,599.9,605.7,553.25,555.8,559.65,578.03,10905233,630350371375000.0,,4277179.0,0.3922
2010-01-28,TATASTEEL,EQ,559.65,566.0,589.4,565.0,587.85,585.4,576.27,12582874,725118653045000.0,,2889782.0,0.2297
2010-01-29,TATASTEEL,EQ,585.4,578.0,581.0,551.7,568.95,569.1,566.01,11590124,656017843615000.0,,3599214.0,0.3105
2010-02-01,TATASTEEL,EQ,569.1,560.0,584.8,557.95,581.95,579.85,575.74,6917219,398252823255000.0,,1475356.0,0.2133
2010-02-02,TATASTEEL,EQ,579.85,585.0,594.6,570.65,573.0,573.3,583.55,9193208,536466491464999.94,,3256655.0,0.3542
2010-02-03,TATASTEEL,EQ,573.3,578.0,603.6,577.1,601.0,600.4,594.66,9026480,536768506970000.0,,2600924.0,0.28809999999999997
2010-02-04,TATASTEEL,EQ,600.4,596.0,596.0,574.0,575.8,577.7,585.23,6958982,407259500775000.0,,2316558.0,0.3329
2010-02-05,TATASTEEL,EQ,577.7,540.0,561.5,540.0,549.95,550.2,550.87,8789441,484183791620000.0,,2412778.0,0.2745
2010-02-06,TATASTEEL,EQ,550.2,555.0,563.0,551.2,558.95,558.95,557.85,819942,45740664955000.0,,113370.0,0.1383
2010-02-08,TATASTEEL,EQ,558.95,550.0,565.9,528.1,533.6,533.85,540.12,14263921,770425027405000.0,,5115557.0,0.3586
2010-02-09,TATASTEEL,EQ,533.85,531.0,542.2,530.0,533.6,533.55,536.54,7347298,394208311550000.0,,1698583.0,0.23120000000000002
2010-02-10,TATASTEEL,EQ,533.55,536.0,544.7,519.3,520.55,522.45,535.21,6927734,370776207915000.0,,1292791.0,0.18660000000000002
2010-02-11,TATASTEEL,EQ,522.45,524.85,538.35,524.85,534.1,533.95,532.5,6424782,342118613660000.0,,1411837.0,0.2197
2010-02-15,TATASTEEL,EQ,533.95,537.5,544.5,530.6,539.0,539.9,537.95,7261457,390633058820000.0,,2752649.0,0.3791
2010-02-16,TATASTEEL,EQ,539.9,542.0,552.0,540.05,550.0,550.1,547.47,6424900,351744528940000.0,,1737376.0,0.2704
2010-02-17,TATASTEEL,EQ,550.1,545.1,586.3,545.1,583.6,584.35,578.68,9588185,554852365655000.0,,2425800.0,0.253
2010-02-18,TATASTEEL,EQ,584.35,584.0,587.0,570.1,578.55,577.15,575.39,4882515,280933695494999.97,,662786.0,0.13570000000000002
2010-02-19,TATASTEEL,EQ,577.15,568.0,572.4,556.55,560.05,560.75,563.56,7575148,426906875765000.0,,2724154.0,0.35960000000000003
2010-02-22,TATASTEEL,EQ,560.75,568.0,580.4,567.0,573.0,572.75,573.99,5758609,330540348460000.0,,2155130.0,0.37420000000000003
2010-02-23,TATASTEEL,EQ,572.75,567.1,580.4,565.1,576.95,575.5,573.72,5695239,326747224580000.0,,1675195.0,0.29410000000000003
2010-02-24,TATASTEEL,EQ,575.5,572.0,574.8,563.55,567.15,567.3,569.42,5146093,293031309280000.0,,1081911.0,0.2102
2010-02-25,TATASTEEL,EQ,567.3,569.0,574.0,560.05,571.0,569.25,565.9,4366133,247080699615000.0,,993959.0,0.2277
2010-02-26,TATASTEEL,EQ,569.25,570.0,592.3,564.0,574.6,574.35,578.22,5474152,316525125720000.0,,1297331.0,0.237
2010-03-02,TATASTEEL,EQ,574.35,581.15,610.75,581.15,610.0,608.9,601.22,6672759,401177517975000.0,,1993994.0,0.2988
2010-03-03,TATASTEEL,EQ,608.9,610.0,617.3,604.3,607.7,608.2,611.66,6214107,380093974260000.0,,1816303.0,0.2923
2010-03-04,TATASTEEL,EQ,608.2,610.0,620.6,603.1,617.0,617.55,611.99,7308328,447261919295000.0,,1954153.0,0.26739999999999997
2010-03-05,TATASTEEL,EQ,617.55,620.0,627.5,616.0,617.0,618.1,621.81,4629661,287878039945000.0,,1068886.0,0.2309
2010-03-08,TATASTEEL,EQ,618.1,623.65,628.0,616.75,620.65,621.75,622.37,4379701,272578784585000.0,,1413817.0,0.32280000000000003
2010-03-09,TATASTEEL,EQ,621.75,620.0,622.35,611.0,615.15,614.7,615.57,3760466,231483247125000.0,,887626.0,0.23600000000000002
2010-03-10,TATASTEEL,EQ,614.7,616.05,619.7,602.5,612.0,612.2,611.49,3534798,216150376505000.03,,499697.0,0.1414
2010-03-11,TATASTEEL,EQ,612.2,612.0,615.0,602.4,611.5,608.3,607.22,3344042,203058497255000.0,,746288.0,0.2232
2010-03-12,TATASTEEL,EQ,608.3,610.0,613.9,603.65,606.4,607.55,608.51,4003456,243615969725000.0,,1442073.0,0.3602
2010-03-15,TATASTEEL,EQ,607.55,605.2,616.9,604.15,610.5,610.05,612.67,3397854,208175957320000.0,,750999.0,0.22100000000000003
2010-03-16,TATASTEEL,EQ,610.05,610.9,631.0,608.25,629.95,627.2,618.7,4462541,276095642594999.97,,1238724.0,0.2776
2010-03-17,TATASTEEL,EQ,627.2,536.0,643.5,536.0,631.1,632.1,636.97,5722422,364498855510000.0,,1609447.0,0.2813
2010-03-18,TATASTEEL,EQ,632.1,635.0,641.65,630.1,640.5,639.2,635.7,4070479,258758560115000.0,,1319185.0,0.3241
2010-03-19,TATASTEEL,EQ,639.2,640.5,645.5,636.35,642.65,644.25,641.61,3444527,221005956619999.97,,1172987.0,0.34049999999999997
2010-03-22,TATASTEEL,EQ,644.25,636.15,643.7,626.65,627.8,629.05,636.01,3846658,244652930140000.0,,1214040.0,0.3156
2010-03-23,TATASTEEL,EQ,629.05,632.0,640.25,628.6,637.0,637.95,635.86,3779833,240343271490000.0,,922457.0,0.244
2010-03-25,TATASTEEL,EQ,637.95,637.0,640.9,624.55,638.8,638.2,633.84,4284271,271556035769999.97,,2005299.0,0.4681
2010-03-26,TATASTEEL,EQ,638.2,640.0,650.0,636.3,642.55,644.1,645.53,3672833,237092312860000.0,,847195.0,0.23070000000000002
2010-03-29,TATASTEEL,EQ,644.1,639.8,650.85,636.4,645.7,643.55,646.5,2553963,165114644805000.0,,673473.0,0.2637
2010-03-30,TATASTEEL,EQ,643.55,645.0,650.0,632.1,633.25,634.75,643.33,3017309,194111189570000.0,,746994.0,0.24760000000000001
2010-03-31,TATASTEEL,EQ,634.75,635.0,639.6,626.1,632.25,632.05,632.65,3943798,249503531260000.0,,815200.0,0.20670000000000002
2010-04-01,TATASTEEL,EQ,632.05,636.0,654.0,635.2,652.6,652.2,645.98,4256033,274933282635000.0,,1172096.0,0.2754
2010-04-05,TATASTEEL,EQ,652.2,655.2,679.8,655.2,674.1,678.5,670.64,6019755,403706157405000.0,,1936273.0,0.32170000000000004
2010-04-06,TATASTEEL,EQ,678.5,681.5,694.9,673.0,689.1,687.6,684.26,5850879,400351343115000.0,,1440419.0,0.2462
2010-04-07,TATASTEEL,EQ,687.6,690.0,692.8,677.5,687.0,685.65,685.38,3908562,267886205580000.03,,869849.0,0.2225
2010-04-08,TATASTEEL,EQ,685.65,680.0,739.0,668.2,669.5,671.25,676.67,3890652,263267889810000.0,,1079238.0,0.2774
2010-04-09,TATASTEEL,EQ,671.25,674.0,686.0,671.2,676.2,676.2,679.04,3158059,214443416495000.0,,853075.0,0.2701
2010-04-12,TATASTEEL,EQ,676.2,678.0,688.4,670.5,684.25,684.25,682.28,4104603,280048939390000.0,,961145.0,0.23420000000000002
2010-04-13,TATASTEEL,EQ,684.25,682.45,693.5,675.55,691.0,691.95,685.43,5211657,357221891775000.0,,1584237.0,0.304
2010-04-15,TATASTEEL,EQ,691.95,695.9,701.3,678.1,684.0,686.1,693.95,5249737,364307097520000.0,,1329372.0,0.2532
2010-04-16,TATASTEEL,EQ,686.1,684.0,698.3,676.0,695.05,695.7,687.02,4318168,296667207095000.0,,691992.0,0.16030000000000003
2010-04-19,TATASTEEL,EQ,695.7,682.7,688.0,662.45,669.35,669.8,671.13,6370332,427530056545000.0,,2040547.0,0.32030000000000003
2010-04-20,TATASTEEL,EQ,669.8,673.0,685.0,665.5,670.95,670.85,671.65,4387411,294678931285000.0,,811468.0,0.185
2010-04-21,TATASTEEL,EQ,670.85,673.1,679.8,665.7,667.5,668.85,671.85,3137485,210790617625000.0,,603693.0,0.1924
2010-04-22,TATASTEEL,EQ,668.85,665.1,673.45,649.7,652.0,655.3,662.24,6551436,433861602600000.0,,2065864.0,0.3153
2010-04-23,TATASTEEL,EQ,655.3,656.0,662.7,643.05,648.05,648.35,650.53,6395052,416020464830000.0,,1792466.0,0.2803
2010-04-26,TATASTEEL,EQ,648.35,650.0,664.7,650.0,656.0,656.85,659.51,4236696,279416192675000.0,,781724.0,0.1845
2010-04-27,TATASTEEL,EQ,656.85,655.1,657.7,646.35,646.95,647.5,651.78,3649476,237865741265000.0,,1237997.0,0.3392
2010-04-28,TATASTEEL,EQ,647.5,644.0,644.0,622.35,624.7,624.35,630.91,5097550,321611363725000.0,,1861085.0,0.3651
2010-04-29,TATASTEEL,EQ,624.35,628.0,640.6,626.3,634.55,632.65,634.65,5230105,331929117145000.0,,1752478.0,0.3351
2010-04-30,TATASTEEL,EQ,632.65,640.5,644.0,615.0,619.0,618.85,627.15,7474309,468753922005000.0,,3254711.0,0.4355
2010-05-03,TATASTEEL,EQ,618.85,610.0,617.85,604.0,608.0,607.05,610.77,5477207,334528782220000.0,,1429654.0,0.261
2010-05-04,TATASTEEL,EQ,607.05,607.0,629.85,572.15,572.9,577.85,593.11,8712154,516730038475000.0,,2839848.0,0.326
2010-05-05,TATASTEEL,EQ,577.85,570.0,577.4,555.7,577.0,573.1,565.62,11731479,663558337730000.0,,3452622.0,0.2943
2010-05-06,TATASTEEL,EQ,573.1,573.0,579.9,561.2,576.4,575.9,571.75,8053523,460458165189999.94,,1041814.0,0.1294
2010-05-07,TATASTEEL,EQ,575.9,560.0,569.0,552.45,558.7,558.35,560.5,7095954,397724780860000.0,,1947655.0,0.2745
2010-05-10,TATASTEEL,EQ,558.35,598.9,606.0,564.0,605.65,601.45,588.28,7652080,450154795939999.94,,2218830.0,0.29
2010-05-11,TATASTEEL,EQ,601.45,605.0,608.8,579.0,579.5,582.05,592.59,9110721,539888360370000.0,,1777595.0,0.19510000000000002
2010-05-12,TATASTEEL,EQ,582.05,582.0,588.0,572.0,583.7,584.45,580.91,6387978,371082666130000.0,,705952.0,0.11050000000000001
2010-05-13,TATASTEEL,EQ,584.45,585.0,593.65,571.55,576.4,575.1,582.3,5536496,322392885220000.0,,1032484.0,0.1865
2010-05-14,TATASTEEL,EQ,575.1,574.0,574.0,545.5,547.0,547.95,558.54,8098780,452349545580000.0,,2950294.0,0.3643
2010-05-17,TATASTEEL,EQ,547.95,532.55,540.8,523.0,535.8,536.35,530.89,10980267,582934653435000.0,,3313883.0,0.3018
2010-05-18,TATASTEEL,EQ,536.35,538.8,541.3,527.5,529.65,530.3,533.56,9404348,501773965589999.94,,2120253.0,0.2255
2010-05-19,TATASTEEL,EQ,530.3,525.0,529.5,510.35,513.0,512.5,520.45,10840352,564191312280000.0,,3263638.0,0.3011
2010-05-20,TATASTEEL,EQ,512.5,515.0,522.0,504.0,509.1,508.15,513.1,8859344,454568655695000.0,,1766791.0,0.19940000000000002
2010-05-21,TATASTEEL,EQ,508.15,497.5,513.0,487.3,510.15,509.25,499.44,12330468,615827652250000.0,,3275025.0,0.2656
2010-05-24,TATASTEEL,EQ,509.25,516.0,524.0,495.1,495.8,501.05,513.03,6739616,345762516455000.0,,1521152.0,0.2257
2010-05-25,TATASTEEL,EQ,501.05,495.0,495.0,474.25,477.3,476.65,484.24,10992461,532301234580000.0,,3166819.0,0.28809999999999997
2010-05-26,TATASTEEL,EQ,476.65,478.0,498.15,477.1,483.9,484.45,484.76,12786725,619849076575000.0,,4170107.0,0.3261
2010-05-27,TATASTEEL,EQ,484.45,483.0,497.4,473.55,496.5,492.35,486.08,18578867,903077829585000.0,,5846596.0,0.3147
2010-05-28,TATASTEEL,EQ,492.35,500.0,508.5,490.05,491.95,496.85,500.84,14624253,732439018885000.0,,4754479.0,0.3251
2010-05-31,TATASTEEL,EQ,496.85,496.85,502.85,486.25,499.75,500.7,493.84,9130421,450899504950000.0,,2037152.0,0.2231
2010-06-01,TATASTEEL,EQ,500.7,500.0,507.8,477.0,478.0,480.0,493.14,11520743,568135695755000.0,,2233758.0,0.19390000000000002
2010-06-02,TATASTEEL,EQ,480.0,485.0,486.9,476.4,483.5,484.3,481.18,9941561,478370018760000.06,,1885598.0,0.18969999999999998
2010-06-03,TATASTEEL,EQ,484.3,490.1,494.7,483.25,485.4,485.8,489.89,9458420,463358452995000.0,,2996140.0,0.3168
2010-06-04,TATASTEEL,EQ,485.8,484.5,490.0,478.55,483.6,485.25,484.41,8232769,398804178780000.0,,2399629.0,0.2915
2010-06-07,TATASTEEL,EQ,485.25,471.0,471.0,457.5,464.25,462.15,464.38,8345442,387544972750000.0,,2473629.0,0.2964
2010-06-08,TATASTEEL,EQ,462.15,464.25,466.9,449.1,451.25,451.4,458.87,9002301,413093009695000.0,,1852982.0,0.20579999999999998
2010-06-09,TATASTEEL,EQ,451.4,453.0,466.3,450.55,463.5,463.05,459.86,11085765,509788498900000.0,,1836533.0,0.16570000000000001
2010-06-10,TATASTEEL,EQ,463.05,468.8,473.35,457.7,472.95,471.45,465.4,7726186,359576904085000.0,,1369934.0,0.1773
2010-06-11,TATASTEEL,EQ,471.45,475.0,478.4,470.65,473.9,473.6,474.74,6951140,329998171345000.0,,2066736.0,0.2973
2010-06-14,TATASTEEL,EQ,473.6,476.1,486.4,475.55,484.4,484.2,482.43,5379899,259540395480000.03,,912311.0,0.1696
2010-06-15,TATASTEEL,EQ,484.2,484.2,493.75,480.65,491.5,491.9,487.63,6009094,293018465410000.0,,1089727.0,0.1813
2010-06-16,TATASTEEL,EQ,491.9,495.1,498.0,483.8,484.0,485.55,490.9,6699682,328890477915000.0,,1513040.0,0.2258
2010-06-17,TATASTEEL,EQ,485.55,486.0,486.95,476.45,480.9,480.95,481.74,7688313,370380154945000.0,,2716632.0,0.3533
2010-06-18,TATASTEEL,EQ,480.95,482.6,486.4,471.2,474.0,473.75,478.13,6006502,287187111305000.0,,1797545.0,0.2993
2010-06-21,TATASTEEL,EQ,473.75,480.1,506.45,480.1,503.65,504.8,498.99,10355747,516739657155000.0,,2887832.0,0.27890000000000004
2010-06-22,TATASTEEL,EQ,504.8,508.0,508.0,492.3,493.9,494.05,497.26,7213946,358721124075000.0,,1353486.0,0.18760000000000002
2010-06-23,TATASTEEL,EQ,494.05,491.0,501.8,489.45,498.3,497.6,495.46,8072678,399967092985000.0,,1817704.0,0.2252
2010-06-24,TATASTEEL,EQ,497.6,498.0,506.5,495.0,498.25,498.4,501.12,8992919,450656512839999.94,,2958679.0,0.329
2010-06-25,TATASTEEL,EQ,498.4,498.0,501.9,488.3,490.45,490.05,495.45,5992416,296896091815000.0,,1057780.0,0.1765
2010-06-28,TATASTEEL,EQ,490.05,490.3,501.65,490.3,499.65,500.1,496.71,4142000,205738099670000.0,,666594.0,0.16090000000000002
2010-06-29,TATASTEEL,EQ,500.1,499.8,500.0,480.0,481.25,481.6,487.37,6807542,331780852510000.0,,2170936.0,0.3189
2010-06-30,TATASTEEL,EQ,481.6,470.1,487.45,470.1,486.45,485.65,480.26,5948659,285688586065000.0,,962405.0,0.1618
2010-07-01,TATASTEEL,EQ,485.65,483.7,486.0,472.25,475.0,475.0,475.57,4968836,236301199769999.97,,1499191.0,0.3017
2010-07-02,TATASTEEL,EQ,475.0,475.1,481.0,471.15,473.75,474.95,476.29,5373611,255939421850000.0,,1224515.0,0.2279
2010-07-05,TATASTEEL,EQ,474.95,476.0,476.1,470.0,471.8,471.75,473.21,2536063,120009633155000.0,,542808.0,0.214
2010-07-06,TATASTEEL,EQ,471.75,473.0,481.95,468.1,479.2,480.4,477.2,5299286,252879798715000.0,,1352926.0,0.2553
2010-07-07,TATASTEEL,EQ,480.4,484.0,484.0,473.5,474.0,474.9,478.46,7573571,362362557410000.0,,2139974.0,0.2826
2010-07-08,TATASTEEL,EQ,474.9,484.0,488.9,478.1,484.25,484.75,485.63,5308383,257791867180000.03,,1658828.0,0.3125
2010-07-09,TATASTEEL,EQ,484.75,488.75,497.9,486.5,495.5,495.95,493.76,6379763,315006128215000.0,,2674644.0,0.4192
2010-07-12,TATASTEEL,EQ,495.95,495.0,506.0,491.5,497.0,497.75,500.16,7715948,385921455085000.0,,3438386.0,0.44560000000000005
2010-07-13,TATASTEEL,EQ,497.75,495.2,512.35,495.0,511.3,508.8,503.04,7772001,390960196445000.0,,2463844.0,0.317
2010-07-14,TATASTEEL,EQ,508.8,515.0,519.5,504.0,504.7,505.9,512.43,6797980,348347094800000.0,,2105555.0,0.3097
2010-07-15,TATASTEEL,EQ,505.9,507.0,517.0,506.1,513.95,512.75,512.45,7499677,384322204640000.0,,1884294.0,0.25129999999999997
2010-07-16,TATASTEEL,EQ,512.75,514.0,518.0,507.0,507.5,508.75,511.4,4081144,208707719310000.0,,974855.0,0.2389
2010-07-19,TATASTEEL,EQ,508.75,502.0,514.2,502.0,511.8,511.3,510.83,4053992,207090815135000.0,,736413.0,0.18170000000000003
2010-07-20,TATASTEEL,EQ,511.3,515.0,519.4,505.25,505.95,509.35,514.7,5124470,263757900069999.97,,1041170.0,0.20320000000000002
2010-07-21,TATASTEEL,EQ,509.35,518.0,532.35,511.15,531.55,530.85,524.44,11085224,581352242055000.0,,3927187.0,0.3543
2010-07-22,TATASTEEL,EQ,530.85,530.0,542.4,522.25,539.0,540.85,534.51,10655323,569538631735000.0,,2858664.0,0.2683
2010-07-23,TATASTEEL,EQ,540.85,541.0,548.9,533.5,534.25,535.65,539.05,6695803,360938025375000.0,,1805032.0,0.2696
2010-07-26,TATASTEEL,EQ,535.65,536.2,540.95,460.0,531.05,532.4,534.45,4554548,243416790890000.0,,1087081.0,0.23870000000000002
2010-07-27,TATASTEEL,EQ,532.4,540.0,542.0,526.2,529.3,529.85,531.94,5288075,281293416644999.97,,1841277.0,0.3482
2010-07-28,TATASTEEL,EQ,529.85,530.1,539.4,529.25,532.8,532.6,534.6,4876698,260708888360000.0,,1669243.0,0.3423
2010-07-29,TATASTEEL,EQ,532.6,531.0,536.5,527.4,535.35,533.1,532.17,4028848,214402495930000.0,,1432384.0,0.3555
2010-07-30,TATASTEEL,EQ,533.1,530.0,543.8,530.0,535.5,537.0,538.79,5611981,302365716635000.0,,1571075.0,0.28
2010-08-02,TATASTEEL,EQ,537.0,450.0,548.8,450.0,546.95,547.25,544.46,3862477,210295966270000.0,,1251125.0,0.3239
2010-08-03,TATASTEEL,EQ,547.25,550.0,551.25,543.2,546.6,547.0,547.56,4208880,230463283525000.0,,1513414.0,0.35960000000000003
2010-08-04,TATASTEEL,EQ,547.0,547.0,549.9,537.1,541.0,540.55,540.87,2497803,135098110434999.98,,614076.0,0.2458
2010-08-05,TATASTEEL,EQ,540.55,544.45,547.0,537.05,539.5,538.25,541.64,2789059,151066242710000.0,,771060.0,0.27649999999999997
2010-08-06,TATASTEEL,EQ,538.25,537.9,544.65,529.5,532.0,531.5,537.09,3267770,175509041430000.0,,926743.0,0.2836
2010-08-09,TATASTEEL,EQ,531.5,534.0,542.0,531.15,539.3,540.1,537.89,2521632,135636704790000.02,,529955.0,0.2102
2010-08-10,TATASTEEL,EQ,540.1,541.0,553.3,533.65,536.0,536.35,543.32,7274694,395249631800000.0,,2324038.0,0.3195
2010-08-11,TATASTEEL,EQ,536.35,538.0,547.8,518.65,519.0,520.25,529.03,8385139,443601843455000.0,,3229263.0,0.3851
2010-08-12,TATASTEEL,EQ,520.25,518.0,531.0,507.5,520.0,519.95,518.5,12127388,628800286455000.0,,2145621.0,0.17690000000000003
2010-08-13,TATASTEEL,EQ,519.95,540.0,540.0,523.8,527.55,527.2,531.06,7841941,416453257095000.0,,1951809.0,0.2489
2010-08-16,TATASTEEL,EQ,527.2,528.15,536.85,515.0,520.0,517.8,525.45,7548837,396650103195000.0,,2727237.0,0.3613
2010-08-17,TATASTEEL,EQ,517.8,518.8,523.8,511.2,514.5,513.6,515.11,7239774,372926299965000.0,,2963367.0,0.4093
2010-08-18,TATASTEEL,EQ,513.6,515.0,522.95,514.35,521.85,521.85,519.21,5582769,289863244410000.0,,1720964.0,0.30829999999999996
2010-08-19,TATASTEEL,EQ,521.85,521.85,529.45,518.4,522.0,522.3,524.83,4673138,245260865694999.97,,1114618.0,0.23850000000000002
2010-08-20,TATASTEEL,EQ,522.3,520.0,522.9,517.05,518.0,518.9,519.8,4428386,230187383765000.0,,1465150.0,0.3309
2010-08-23,TATASTEEL,EQ,518.9,520.0,526.8,519.65,520.55,521.55,523.21,4469905,233869149640000.0,,1755102.0,0.3926
2010-08-24,TATASTEEL,EQ,521.55,521.55,525.9,510.4,514.05,513.75,516.12,4371835,225639136135000.0,,1675428.0,0.3832
2010-08-25,TATASTEEL,EQ,513.75,511.0,513.0,493.0,496.0,497.0,499.13,9143833,456396816870000.0,,3720967.0,0.4069
2010-08-26,TATASTEEL,EQ,497.0,500.0,504.8,497.0,500.75,501.85,501.72,5944864,298263667175000.0,,2329576.0,0.39189999999999997
2010-08-27,TATASTEEL,EQ,501.85,505.0,522.0,502.0,509.0,510.15,513.98,9449492,485683410989999.94,,2772013.0,0.2934
2010-08-30,TATASTEEL,EQ,510.15,521.0,529.4,520.15,527.3,527.9,525.36,7636592,401192994045000.0,,1986443.0,0.2601
2010-08-31,TATASTEEL,EQ,527.9,524.1,527.65,515.55,522.4,522.7,521.27,7258494,378364360365000.0,,2580750.0,0.3555
2010-09-01,TATASTEEL,EQ,522.7,526.0,539.0,525.7,538.9,537.95,534.74,7598717,406333194030000.0,,2357553.0,0.3103
2010-09-02,TATASTEEL,EQ,537.95,542.0,547.0,540.1,543.45,544.05,544.12,5960422,324317624245000.0,,2205823.0,0.3701
2010-09-03,TATASTEEL,EQ,544.05,545.0,546.0,536.35,541.05,540.95,540.85,3572009,193192364305000.0,,740134.0,0.2072
2010-09-06,TATASTEEL,EQ,540.95,544.0,577.65,543.1,576.0,575.7,564.38,15839067,893932987070000.1,,7940177.0,0.5013000000000001
2010-09-07,TATASTEEL,EQ,575.7,573.2,584.45,570.25,573.15,576.4,578.77,8773703,507795379310000.06,,3038709.0,0.34630000000000005
2010-09-08,TATASTEEL,EQ,576.4,572.0,586.55,567.9,582.5,580.6,577.91,8155578,471318829520000.0,,1663565.0,0.204
2010-09-09,TATASTEEL,EQ,580.6,583.0,596.65,575.05,593.3,593.65,586.95,8488801,498248929230000.0,,2113505.0,0.249
2010-09-13,TATASTEEL,EQ,593.65,599.0,606.7,595.4,601.4,601.5,602.1,7502395,451715728089999.94,,2365317.0,0.3153
2010-09-14,TATASTEEL,EQ,601.5,604.4,615.85,595.1,597.0,596.9,605.55,7826248,473915979395000.0,,1648854.0,0.2107
2010-09-15,TATASTEEL,EQ,596.9,600.0,609.75,598.4,604.45,603.7,604.36,7214257,436000278664999.94,,1447714.0,0.20070000000000002
2010-09-16,TATASTEEL,EQ,603.7,606.9,610.7,592.1,595.4,595.35,601.86,7029403,423070810695000.0,,1415673.0,0.20140000000000002
2010-09-17,TATASTEEL,EQ,595.35,597.35,614.25,597.35,607.8,604.8,606.52,9837840,596684133825000.0,,3010486.0,0.306
2010-09-20,TATASTEEL,EQ,604.8,606.95,621.9,605.6,618.0,618.0,615.32,8336195,512945047635000.06,,2942104.0,0.3529
2010-09-21,TATASTEEL,EQ,618.0,620.2,623.75,610.5,614.8,615.35,615.6,6881203,423603531420000.0,,2153147.0,0.3129
2010-09-22,TATASTEEL,EQ,615.35,619.0,628.3,613.4,617.65,618.85,620.76,7645842,474619924585000.06,,1997287.0,0.2612
2010-09-23,TATASTEEL,EQ,618.85,621.0,624.5,612.0,624.0,623.5,618.85,6741147,417174511590000.0,,1915260.0,0.2841
2010-09-24,TATASTEEL,EQ,623.5,625.0,633.9,624.0,629.95,629.95,629.22,5854931,368402872895000.0,,1799338.0,0.3073
2010-09-27,TATASTEEL,EQ,629.95,635.5,649.5,634.2,646.2,645.9,644.55,7181156,462862811114999.94,,2291088.0,0.319
2010-09-28,TATASTEEL,EQ,645.9,645.0,655.9,642.0,655.5,651.65,646.88,6858462,443661815580000.0,,2010404.0,0.29309999999999997
2010-09-29,TATASTEEL,EQ,651.65,650.2,664.7,650.2,651.95,653.1,657.24,7108846,467219163580000.0,,2122783.0,0.2986
2010-09-30,TATASTEEL,EQ,653.1,653.0,658.0,642.1,652.0,651.85,648.77,7579739,491747906005000.0,,2589209.0,0.34159999999999996
2010-10-01,TATASTEEL,EQ,651.85,653.5,674.25,653.5,669.0,667.8,666.06,8031126,534919404045000.0,,3179596.0,0.39590000000000003
2010-10-04,TATASTEEL,EQ,667.8,672.0,680.6,666.35,669.05,669.7,672.37,5318060,357569465740000.0,,1880152.0,0.35350000000000004
2010-10-05,TATASTEEL,EQ,669.7,672.0,677.5,666.2,667.8,668.35,671.54,3989613,267916996544999.97,,1188200.0,0.2978
2010-10-06,TATASTEEL,EQ,668.35,673.95,685.0,671.1,676.55,678.25,678.61,5549970,376627424250000.0,,2148414.0,0.3871
2010-10-07,TATASTEEL,EQ,678.25,680.0,682.0,647.1,648.7,649.7,661.73,7710573,510233938289999.94,,3415360.0,0.4429
2010-10-08,TATASTEEL,EQ,649.7,654.95,658.95,619.3,629.0,626.6,633.59,15657736,992065888800000.0,,6389900.0,0.4081
2010-10-11,TATASTEEL,EQ,626.6,644.75,644.75,631.25,639.0,640.1,638.89,4675599,298717465305000.0,,1344493.0,0.2876
2010-10-12,TATASTEEL,EQ,640.1,641.0,642.0,625.0,633.1,633.35,630.7,4604571,290409150875000.0,,1348438.0,0.2928
2010-10-13,TATASTEEL,EQ,633.35,636.6,640.0,631.5,639.8,637.85,636.56,7070501,450082944055000.0,,3479435.0,0.49210000000000004
2010-10-14,TATASTEEL,EQ,637.85,640.65,659.4,640.65,651.4,652.5,652.54,7999536,522002596410000.06,,2302071.0,0.2878
2010-10-15,TATASTEEL,EQ,652.5,645.6,658.6,631.1,633.0,635.85,647.1,4569540,295695650270000.0,,1280611.0,0.2802
2010-10-18,TATASTEEL,EQ,635.85,652.9,652.9,625.0,647.65,646.05,635.39,4662900,296276228555000.0,,1263235.0,0.27090000000000003
2010-10-19,TATASTEEL,EQ,646.05,650.05,652.55,630.5,632.15,633.15,642.03,4659777,299173953635000.0,,1197615.0,0.257
2010-10-20,TATASTEEL,EQ,633.15,625.0,629.5,614.1,617.25,615.7,620.07,7034978,436215228810000.06,,2461048.0,0.3498
2010-10-21,TATASTEEL,EQ,615.7,619.05,631.8,617.85,627.8,628.4,625.48,4654563,291134561970000.0,,1096319.0,0.23550000000000001
2010-10-22,TATASTEEL,EQ,628.4,632.0,633.0,616.0,616.3,617.5,622.66,5741070,357475653200000.0,,2205370.0,0.3841
2010-10-25,TATASTEEL,EQ,617.5,624.4,630.8,619.1,620.05,620.25,625.05,5557203,347355083520000.0,,2233692.0,0.4019
2010-10-26,TATASTEEL,EQ,620.25,621.6,624.95,602.8,605.95,605.65,612.94,8082818,495429092455000.0,,3125165.0,0.3866
2010-10-27,TATASTEEL,EQ,605.65,602.25,616.9,601.9,613.5,614.9,610.24,6989113,426503593920000.0,,1700510.0,0.2433
2010-10-28,TATASTEEL,EQ,614.9,617.5,619.4,601.1,606.25,603.85,608.74,7831172,476715726200000.0,,2901421.0,0.3705
2010-10-29,TATASTEEL,EQ,603.85,605.1,605.45,581.0,588.0,589.4,591.47,7345044,434435401730000.0,,2817274.0,0.3836
2010-11-01,TATASTEEL,EQ,589.4,600.25,602.95,590.6,592.2,591.9,596.17,5511066,328552057490000.0,,2521157.0,0.4575
2010-11-02,TATASTEEL,EQ,591.9,594.45,601.7,588.0,596.8,599.05,596.75,6050590,361070037020000.0,,1950186.0,0.3223
2010-11-03,TATASTEEL,EQ,599.05,603.2,613.4,601.65,611.25,609.6,609.6,4992288,304327870030000.0,,1674355.0,0.3354
2010-11-04,TATASTEEL,EQ,609.6,617.5,622.6,615.1,622.05,621.5,619.51,4223325,261639057905000.03,,1810820.0,0.4288
2010-11-05,TATASTEEL,EQ,621.5,627.3,629.0,621.25,622.2,623.55,624.92,1078802,67416554800000.0,,460020.0,0.4264
2010-11-08,TATASTEEL,EQ,623.55,626.0,638.65,620.8,633.3,633.2,632.43,5703252,360691363810000.0,,2733456.0,0.4793
2010-11-09,TATASTEEL,EQ,633.2,635.4,644.85,632.9,642.55,641.3,640.32,5576576,357080509215000.0,,2351812.0,0.4217
2010-11-10,TATASTEEL,EQ,641.3,641.9,647.5,636.0,636.5,637.4,641.86,3410366,218898679369999.97,,924785.0,0.2712
2010-11-11,TATASTEEL,EQ,637.4,638.6,648.4,627.35,632.15,631.05,639.89,4895910,313285285600000.0,,1277388.0,0.2609
2010-11-12,TATASTEEL,EQ,631.05,628.6,630.8,603.5,605.95,606.95,615.81,6890023,424295657990000.0,,2259918.0,0.32799999999999996
2010-11-15,TATASTEEL,EQ,606.95,621.9,623.9,608.1,619.5,618.3,616.48,7086783,436886354445000.0,,1569916.0,0.2215
2010-11-16,TATASTEEL,EQ,618.3,620.9,623.95,594.4,605.2,605.95,607.57,8892872,540307741375000.0,,3102965.0,0.3489
2010-11-18,TATASTEEL,EQ,605.95,609.45,626.5,596.55,623.3,623.45,614.59,7427944,456516330585000.06,,1907988.0,0.2569
2010-11-19,TATASTEEL,EQ,623.45,623.9,624.35,601.25,604.9,606.05,614.09,5985869,367586843840000.0,,1645069.0,0.2748
2010-11-22,TATASTEEL,EQ,606.05,610.55,627.05,608.7,623.55,624.85,618.61,4906765,303536569180000.0,,1483440.0,0.3023
2010-11-23,TATASTEEL,EQ,624.85,616.0,622.8,602.85,611.05,612.15,613.93,5884331,361258536475000.0,,1238068.0,0.2104
2010-11-24,TATASTEEL,EQ,612.15,613.5,625.6,612.5,617.45,616.6,619.04,6368751,394254175710000.0,,1718874.0,0.2699
2010-11-25,TATASTEEL,EQ,616.6,620.4,623.6,600.1,604.0,602.7,611.18,5886194,359751924810000.0,,1735782.0,0.2949
2010-11-26,TATASTEEL,EQ,602.7,606.4,608.15,581.7,598.3,598.8,595.94,8551701,509632378620000.0,,2803014.0,0.32780000000000004
2010-11-29,TATASTEEL,EQ,598.8,600.2,605.0,585.8,591.5,591.85,592.62,5725583,339312283805000.0,,1815702.0,0.3171
2010-11-30,TATASTEEL,EQ,591.85,589.0,589.0,574.1,586.05,584.8,582.26,7829179,455859862614999.94,,1990536.0,0.25420000000000004
2010-12-01,TATASTEEL,EQ,584.8,587.9,614.8,587.0,612.0,613.55,606.3,6227503,377570556010000.0,,1860219.0,0.2987
2010-12-02,TATASTEEL,EQ,613.55,621.9,630.3,616.55,622.7,622.75,622.85,5541163,345132770650000.0,,1761106.0,0.3178
2010-12-03,TATASTEEL,EQ,622.75,623.5,624.8,606.4,615.15,614.55,614.51,4493647,276136856410000.0,,1085914.0,0.24170000000000003
2010-12-06,TATASTEEL,EQ,614.55,621.9,639.9,620.0,633.1,635.05,634.44,8358442,530289511360000.06,,2893998.0,0.3462
2010-12-07,TATASTEEL,EQ,635.05,639.4,644.35,633.1,641.2,639.35,639.04,6892610,440468201210000.06,,2203990.0,0.31980000000000003
2010-12-08,TATASTEEL,EQ,639.35,635.4,636.3,621.2,624.55,624.25,627.32,4842778,303798231795000.0,,1234336.0,0.2549
2010-12-09,TATASTEEL,EQ,624.25,628.5,630.0,600.1,607.95,604.55,613.41,5908934,362459998775000.0,,1565870.0,0.265
2010-12-10,TATASTEEL,EQ,604.55,602.75,621.0,594.45,614.0,619.0,611.81,5080436,310823923580000.0,,1128341.0,0.22210000000000002
2010-12-13,TATASTEEL,EQ,619.0,620.0,634.0,616.8,631.65,631.0,626.73,5208415,326424624365000.0,,1052343.0,0.20199999999999999
2010-12-14,TATASTEEL,EQ,631.0,633.0,649.0,632.0,644.9,646.6,642.07,5697913,365848652975000.0,,1898579.0,0.3332
2010-12-15,TATASTEEL,EQ,646.6,644.85,652.65,636.75,640.45,642.75,644.22,5868371,378052846810000.0,,1243941.0,0.212
2010-12-16,TATASTEEL,EQ,642.75,645.0,662.65,641.8,660.5,660.4,652.35,9004384,587405241540000.0,,3533671.0,0.3924
2010-12-20,TATASTEEL,EQ,660.4,654.1,671.8,653.3,664.3,666.4,665.5,6483762,431497148200000.0,,1964955.0,0.3031
2010-12-21,TATASTEEL,EQ,666.4,667.1,678.75,666.3,673.0,676.2,674.32,4329791,291965233625000.0,,1428170.0,0.3298
2010-12-22,TATASTEEL,EQ,676.2,677.3,682.7,666.8,674.0,672.9,674.8,6263393,422656818580000.0,,2420122.0,0.3864
2010-12-23,TATASTEEL,EQ,672.9,675.05,677.8,659.25,662.0,661.35,664.51,5126417,340656239370000.0,,1586948.0,0.30960000000000004
2010-12-24,TATASTEEL,EQ,661.35,659.8,675.7,655.05,672.9,672.85,668.21,3964660,264922484019999.97,,669276.0,0.1688
2010-12-27,TATASTEEL,EQ,672.85,672.15,678.0,661.55,662.6,662.55,667.15,2795912,186529377385000.0,,500495.0,0.179
2010-12-28,TATASTEEL,EQ,662.55,665.0,669.75,662.7,664.2,665.0,666.15,2142095,142696452380000.0,,270366.0,0.1262
2010-12-29,TATASTEEL,EQ,665.0,667.25,672.0,666.0,668.45,668.05,669.47,2184895,146273053190000.0,,577257.0,0.26420000000000005
2010-12-30,TATASTEEL,EQ,668.05,670.6,676.6,670.0,671.2,672.75,673.03,3546859,238715199565000.0,,1323494.0,0.37310000000000004
2010-12-31,TATASTEEL,EQ,672.75,675.2,684.3,672.0,680.6,680.4,679.4,3986647,270852283975000.0,,1388693.0,0.3483
2011-01-03,TATASTEEL,EQ,680.4,685.2,707.5,685.1,703.65,704.05,699.76,6654183,465631051135000.06,,2089318.0,0.314
2011-01-04,TATASTEEL,EQ,704.05,708.6,713.9,693.25,695.0,694.7,700.98,7941862,556705720139999.94,,2694055.0,0.3392
2011-01-05,TATASTEEL,EQ,694.7,696.5,696.65,677.25,681.8,680.95,685.21,4927314,337622596405000.0,,1678115.0,0.3406
2011-01-06,TATASTEEL,EQ,680.95,687.75,690.85,681.5,682.5,683.3,684.78,3796821,259999620415000.0,,960747.0,0.253
2011-01-07,TATASTEEL,EQ,683.3,684.5,687.95,656.15,657.75,661.25,671.72,5833137,391825192560000.0,,1812924.0,0.31079999999999997
2011-01-10,TATASTEEL,EQ,661.25,660.0,665.7,645.0,647.0,650.7,657.13,6248386,410599708950000.0,,1369310.0,0.21910000000000002
2011-01-11,TATASTEEL,EQ,650.7,649.0,660.4,640.75,651.0,646.55,652.64,5881549,383852426145000.0,,1311360.0,0.223
2011-01-12,TATASTEEL,EQ,646.55,648.1,658.6,626.25,647.7,648.9,641.13,8540118,547533796760000.06,,2190492.0,0.2565
2011-01-13,TATASTEEL,EQ,648.9,651.8,656.0,635.0,635.55,637.55,642.59,6814063,437863440310000.06,,2560317.0,0.37570000000000003
2011-01-14,TATASTEEL,EQ,637.55,635.0,636.6,617.5,618.2,622.45,627.79,6774083,425272479640000.0,,1721227.0,0.2541
2011-01-17,TATASTEEL,EQ,622.45,617.15,628.0,613.2,626.85,625.65,622.75,5086554,316765111405000.0,,1511144.0,0.29710000000000003
2011-01-18,TATASTEEL,EQ,625.65,627.0,638.8,627.0,632.5,632.6,633.68,5859522,371309089570000.0,,2593638.0,0.4426
2011-01-19,TATASTEEL,EQ,632.6,633.9,644.5,633.05,640.3,639.6,639.86,5766370,368968858650000.0,,3443586.0,0.5972
2011-01-20,TATASTEEL,EQ,639.6,633.9,643.25,630.6,634.05,634.2,636.3,6370340,405347019050000.0,,3682097.0,0.578
2011-01-21,TATASTEEL,EQ,634.2,630.25,635.0,627.0,630.0,629.55,630.43,3699447,233224954765000.0,,2160481.0,0.584
2011-01-24,TATASTEEL,EQ,629.55,628.9,652.3,625.0,647.25,649.25,642.46,6239754,400878078200000.0,,2776235.0,0.4449
2011-01-25,TATASTEEL,EQ,649.25,650.4,664.5,650.3,655.0,655.35,657.51,5957137,391687875485000.0,,2421567.0,0.4065
2011-01-27,TATASTEEL,EQ,655.35,657.2,660.4,647.3,650.0,650.1,653.23,5277240,344722578680000.0,,2223560.0,0.4213
2011-01-28,TATASTEEL,EQ,650.1,647.0,654.5,630.2,635.0,637.45,641.57,4677143,300071410030000.0,,1457845.0,0.31170000000000003
2011-01-31,TATASTEEL,EQ,637.45,621.0,641.95,618.0,639.0,639.7,629.83,6847368,431266487975000.0,,2795544.0,0.4083
2011-02-01,TATASTEEL,EQ,639.7,637.45,642.8,627.1,631.55,631.75,634.24,6381790,404761381780000.0,,2372642.0,0.3718
2011-02-02,TATASTEEL,EQ,631.75,631.1,634.95,615.8,626.4,626.25,627.7,15400454,966689366700000.0,,7569833.0,0.4915
2011-02-03,TATASTEEL,EQ,626.25,625.7,640.9,625.7,639.0,638.1,635.79,5446815,346303097580000.0,,2077254.0,0.3814
2011-02-04,TATASTEEL,EQ,638.1,637.75,652.0,632.0,632.55,635.9,644.18,7009139,451514477975000.0,,2561334.0,0.3654
2011-02-07,TATASTEEL,EQ,635.9,639.7,645.5,634.1,642.6,640.4,640.49,5215202,334029804390000.0,,2312266.0,0.4434
2011-02-08,TATASTEEL,EQ,640.4,645.1,645.1,616.3,620.0,619.7,627.3,6296400,394973801640000.0,,2686314.0,0.4266
2011-02-09,TATASTEEL,EQ,619.7,618.9,620.7,595.15,601.0,599.15,609.37,8262906,503514516489999.94,,3383023.0,0.4094
2011-02-10,TATASTEEL,EQ,599.15,599.0,604.5,581.15,600.3,600.55,592.65,8597850,509549390160000.06,,3030010.0,0.35240000000000005
2011-02-11,TATASTEEL,EQ,600.55,602.0,602.9,575.1,591.7,595.3,586.36,8848231,518824993330000.0,,3064713.0,0.3464
2011-02-14,TATASTEEL,EQ,595.3,607.3,623.0,599.5,622.55,620.25,613.65,5332188,327209571605000.0,,1455927.0,0.273
2011-02-15,TATASTEEL,EQ,620.25,624.0,627.0,612.0,615.5,616.6,618.53,5880897,363749006830000.0,,1092949.0,0.1858
2011-02-16,TATASTEEL,EQ,616.6,610.0,644.5,605.8,644.15,641.4,633.69,10190332,645752892935000.0,,2146278.0,0.21059999999999998
2011-02-17,TATASTEEL,EQ,641.4,644.0,657.0,641.55,656.85,655.1,650.06,6194671,402688496800000.0,,2256733.0,0.3643
2011-02-18,TATASTEEL,EQ,655.1,656.6,661.4,634.15,640.0,638.35,647.92,5729230,371208055140000.0,,1484735.0,0.25920000000000004
2011-02-21,TATASTEEL,EQ,638.35,641.4,641.4,622.35,637.6,637.45,632.44,5239382,331358022880000.0,,1487740.0,0.284
2011-02-22,TATASTEEL,EQ,637.45,630.9,631.0,620.3,623.0,624.35,625.21,5021610,313956847375000.0,,1611337.0,0.3209
2011-02-23,TATASTEEL,EQ,624.35,622.9,737.0,614.45,621.95,627.0,623.16,4404726,274483322794999.97,,1438341.0,0.3265
2011-02-24,TATASTEEL,EQ,627.0,624.0,625.95,595.1,604.45,602.65,608.97,7626749,464447512375000.0,,3466408.0,0.4545
2011-02-25,TATASTEEL,EQ,602.65,608.1,611.4,591.2,609.55,606.85,600.84,7746202,465425153945000.0,,2520676.0,0.3254
2011-02-28,TATASTEEL,EQ,606.85,614.0,616.6,599.3,608.6,607.15,607.89,6454629,392371752940000.0,,1984589.0,0.3075
2011-03-01,TATASTEEL,EQ,607.15,611.15,635.8,609.2,634.95,634.45,625.3,5463087,341604820935000.0,,2003113.0,0.3667
2011-03-03,TATASTEEL,EQ,634.45,630.0,632.4,618.1,623.0,624.4,625.56,5210791,325968157335000.0,,1450248.0,0.2783
2011-03-04,TATASTEEL,EQ,624.4,630.2,633.15,616.2,617.75,618.2,621.82,4024382,250243174030000.03,,1061111.0,0.2637
2011-03-07,TATASTEEL,EQ,618.2,613.45,613.65,595.1,602.55,602.75,602.44,4484370,270156446860000.0,,1102250.0,0.2458
2011-03-08,TATASTEEL,EQ,602.75,607.0,618.6,603.1,615.85,616.0,613.07,4271352,261864636235000.0,,1308869.0,0.3064
2011-03-09,TATASTEEL,EQ,616.0,618.0,620.55,607.0,612.0,612.95,613.05,3493731,214184776230000.0,,617056.0,0.1766
2011-03-10,TATASTEEL,EQ,612.95,611.0,611.0,595.2,596.55,596.55,601.14,6225753,374257877935000.0,,2473860.0,0.39740000000000003
2011-03-11,TATASTEEL,EQ,596.55,594.45,594.45,577.15,580.1,581.3,585.15,7305090,427460411625000.0,,2609109.0,0.3572
2011-03-14,TATASTEEL,EQ,581.3,582.1,602.8,582.1,601.9,601.1,594.95,5321900,316628171720000.0,,1773156.0,0.3332
2011-03-15,TATASTEEL,EQ,601.1,585.0,599.9,575.0,595.2,593.3,589.68,7669829,452275357230000.0,,2230322.0,0.2908
2011-03-16,TATASTEEL,EQ,593.3,596.5,607.5,596.5,597.75,599.55,602.35,5277132,317870125955000.0,,1768121.0,0.3351
2011-03-17,TATASTEEL,EQ,599.55,590.55,599.7,590.0,594.15,592.7,595.0,3754502,223394183950000.0,,1230793.0,0.32780000000000004
2011-03-18,TATASTEEL,EQ,592.7,599.05,603.45,593.1,595.55,597.15,598.11,4236594,253395037640000.0,,1272662.0,0.3004
2011-03-21,TATASTEEL,EQ,597.15,601.0,606.0,596.55,600.0,601.45,601.87,3517966,211735648750000.0,,804499.0,0.22870000000000001
2011-03-22,TATASTEEL,EQ,601.45,605.0,610.5,603.15,603.5,604.8,606.68,2966204,179953434245000.0,,799724.0,0.2696
2011-03-23,TATASTEEL,EQ,604.8,604.85,611.8,603.9,610.45,610.4,608.98,2767019,168507193840000.0,,786116.0,0.2841
2011-03-24,TATASTEEL,EQ,610.4,615.0,616.4,605.65,609.35,609.75,610.3,3390629,206929281575000.0,,1518880.0,0.44799999999999995
2011-03-25,TATASTEEL,EQ,609.75,616.9,616.9,608.3,615.25,615.45,612.75,3961423,242736385555000.03,,2052902.0,0.5182
2011-03-28,TATASTEEL,EQ,615.45,614.7,620.15,610.05,611.0,613.4,615.41,2865839,176367488755000.0,,1212573.0,0.42310000000000003
2011-03-29,TATASTEEL,EQ,613.4,612.5,618.45,608.4,613.0,612.9,613.05,4818001,295368715125000.0,,2250413.0,0.4671
2011-03-30,TATASTEEL,EQ,612.9,616.0,622.95,614.7,616.15,615.8,618.83,3326517,205855598715000.0,,1317243.0,0.396
2011-03-31,TATASTEEL,EQ,615.8,617.2,626.85,614.0,622.0,622.25,619.48,4877861,302172924480000.0,,2314034.0,0.4744
2011-04-01,TATASTEEL,EQ,622.25,623.0,629.95,620.25,625.0,626.6,626.38,2507074,157038150065000.0,,514160.0,0.20510000000000003
2011-04-04,TATASTEEL,EQ,626.6,627.1,634.2,625.7,631.0,631.15,630.94,2221178,140143818555000.0,,670702.0,0.302
2011-04-05,TATASTEEL,EQ,631.15,633.6,637.9,623.25,634.7,635.2,630.45,3142374,198110817385000.0,,839245.0,0.2671
2011-04-06,TATASTEEL,EQ,635.2,636.0,640.55,631.15,634.5,634.4,635.92,2526191,160644716195000.0,,592150.0,0.23440000000000003
2011-04-07,TATASTEEL,EQ,634.4,636.0,642.0,634.0,639.0,638.35,638.96,2501434,159832139930000.0,,734710.0,0.2937
2011-04-08,TATASTEEL,EQ,638.35,638.5,641.9,625.7,629.35,629.85,632.19,2243840,141853159440000.0,,801707.0,0.35729999999999995
2011-04-11,TATASTEEL,EQ,629.85,629.0,634.9,623.1,623.9,624.95,627.98,1955256,122785533520000.0,,532458.0,0.2723
2011-04-13,TATASTEEL,EQ,624.95,621.55,640.0,619.4,639.0,636.4,631.1,2095836,132268008434999.98,,704206.0,0.336
2011-04-15,TATASTEEL,EQ,636.4,634.4,638.0,628.2,629.05,630.6,632.76,2490098,157564425820000.0,,1078699.0,0.43320000000000003
2011-04-18,TATASTEEL,EQ,630.6,631.9,636.3,609.5,612.3,612.1,620.75,3364494,208852190395000.0,,1337496.0,0.3975
2011-04-19,TATASTEEL,EQ,612.1,608.0,617.0,605.05,609.85,609.4,611.25,3180718,194420133590000.0,,1354090.0,0.4257
2011-04-20,TATASTEEL,EQ,609.4,616.0,626.5,615.8,626.5,624.5,621.74,2674520,166285053460000.0,,914951.0,0.3421
2011-04-21,TATASTEEL,EQ,624.5,628.25,633.0,626.55,629.5,630.05,630.09,2184463,137641002959999.98,,683831.0,0.313
2011-04-25,TATASTEEL,EQ,630.05,629.75,634.7,625.35,625.75,626.7,630.74,2208210,139279730434999.98,,924339.0,0.4186
2011-04-26,TATASTEEL,EQ,626.7,628.0,628.95,615.6,628.95,627.4,622.73,2661521,165740211215000.0,,789383.0,0.29660000000000003
2011-04-27,TATASTEEL,EQ,627.4,630.0,632.9,619.05,620.5,620.05,625.44,2197869,137464378170000.0,,644420.0,0.2932
2011-04-28,TATASTEEL,EQ,620.05,623.1,624.3,612.0,612.6,613.45,616.91,2911765,179628929345000.0,,1184083.0,0.4067
2011-04-29,TATASTEEL,EQ,613.45,614.1,619.4,610.5,615.9,616.5,615.5,1881743,115821700845000.0,,473078.0,0.2514
2011-05-02,TATASTEEL,EQ,616.5,616.0,619.0,607.05,611.95,614.65,612.18,2062758,126278048250000.0,,736749.0,0.3572
2011-05-03,TATASTEEL,EQ,614.65,612.6,614.8,600.0,600.8,603.25,608.38,2407590,146472205015000.0,,1067096.0,0.44320000000000004
2011-05-04,TATASTEEL,EQ,603.25,601.15,603.95,588.2,589.25,589.75,595.66,3839020,228675995405000.03,,1615221.0,0.4207
2011-05-05,TATASTEEL,EQ,589.75,590.0,594.35,581.0,581.35,583.05,588.11,2414378,141992531850000.0,,925153.0,0.3832
2011-05-06,TATASTEEL,EQ,583.05,584.7,596.5,583.0,593.95,594.5,589.07,2472304,145634785260000.0,,714946.0,0.2892
2011-05-06,TATASTEEL,EQ,583.05,584.7,596.5,583.0,593.95,594.5,589.07,2472304,145634785260000.0,,714946.0,0.2892
2011-05-09,TATASTEEL,EQ,594.5,598.0,600.8,590.1,592.75,595.1,595.99,1943396,115823847609999.98,,474603.0,0.24420000000000003
2011-05-10,TATASTEEL,EQ,595.1,594.0,596.7,583.0,589.0,588.4,590.49,2785346,164470915425000.0,,1009946.0,0.3626
2011-05-11,TATASTEEL,EQ,588.4,590.0,597.4,588.5,593.55,594.2,593.47,2008733,119212205780000.0,,513302.0,0.2555
2011-05-12,TATASTEEL,EQ,594.2,592.0,592.95,583.1,584.45,584.7,587.6,2498455,146809427990000.0,,831718.0,0.3329
2011-05-13,TATASTEEL,EQ,584.7,586.1,602.0,584.8,594.9,594.0,595.05,2509669,149337201095000.0,,728343.0,0.2902
2011-05-16,TATASTEEL,EQ,594.0,593.0,593.0,576.4,577.8,577.8,582.78,2748259,160162614300000.0,,1063482.0,0.387
2011-05-17,TATASTEEL,EQ,577.8,580.2,585.0,566.7,576.0,573.95,576.79,3323791,191711609775000.0,,922897.0,0.2777
2011-05-18,TATASTEEL,EQ,573.95,576.0,578.9,566.25,571.25,571.7,571.3,2530819,144586672525000.0,,669131.0,0.2644
2011-05-19,TATASTEEL,EQ,571.7,569.05,574.85,560.65,563.2,562.75,566.46,2980177,168815999635000.0,,984640.0,0.33039999999999997
2011-05-20,TATASTEEL,EQ,562.75,564.7,583.7,563.0,580.0,579.55,574.56,3184165,182949042845000.0,,707026.0,0.222
2011-05-23,TATASTEEL,EQ,579.55,574.55,574.55,557.55,558.3,559.4,563.32,2338773,131746729934999.98,,728267.0,0.3114
2011-05-24,TATASTEEL,EQ,559.4,557.25,568.9,553.55,565.45,566.5,561.28,4884222,274139759394999.97,,2072959.0,0.4244
2011-05-25,TATASTEEL,EQ,566.5,567.7,570.25,558.25,561.1,561.2,563.45,4416265,248835636725000.0,,1577101.0,0.35710000000000003
2011-05-26,TATASTEEL,EQ,561.2,575.0,579.9,566.0,575.4,574.15,574.4,6208448,356613739705000.0,,1931404.0,0.3111
2011-05-27,TATASTEEL,EQ,574.15,578.0,588.4,565.7,584.3,585.2,578.17,4853821,280635563405000.03,,1532362.0,0.31570000000000004
2011-05-30,TATASTEEL,EQ,585.2,586.9,586.9,577.1,578.8,579.3,580.78,2396211,139166881990000.02,,712850.0,0.2975
2011-05-31,TATASTEEL,EQ,579.3,585.45,590.0,579.3,590.0,589.0,586.12,2664902,156195883045000.0,,846294.0,0.31760000000000005
2011-06-01,TATASTEEL,EQ,589.0,592.0,597.45,580.1,582.25,582.3,585.53,4662509,273002494550000.0,95551.0,1978228.0,0.4243
2011-06-02,TATASTEEL,EQ,582.3,577.0,577.0,571.5,574.75,574.9,574.48,2134221,122607027880000.0,50465.0,662647.0,0.3105
2011-06-03,TATASTEEL,EQ,574.9,577.3,583.3,571.0,572.5,573.25,576.51,2429921,140087516845000.0,51294.0,757115.0,0.3116
2011-06-06,TATASTEEL,EQ,573.25,573.0,573.0,564.3,568.2,567.9,567.81,2756340,156506864630000.0,59233.0,1080643.0,0.3921
2011-06-07,TATASTEEL,EQ,567.9,567.0,580.0,566.0,579.55,577.95,574.22,2098576,120504378275000.0,52727.0,651178.0,0.3103
2011-06-08,TATASTEEL,EQ,577.95,575.1,581.3,574.5,577.55,577.7,577.72,2500898,144482386055000.0,58381.0,1121310.0,0.4484
2011-06-09,TATASTEEL,EQ,577.7,577.0,581.7,574.4,577.05,577.05,578.12,2345636,135605423009999.98,58120.0,1028597.0,0.4385
2011-06-10,TATASTEEL,EQ,577.05,577.5,578.8,566.2,568.6,569.45,571.99,3511665,200863271650000.0,68745.0,1885997.0,0.5371
2011-06-13,TATASTEEL,EQ,569.45,568.0,568.0,560.55,562.9,562.95,564.28,4827155,272385925500000.0,83694.0,2932974.0,0.6076
2011-06-14,TATASTEEL,EQ,562.95,566.0,566.95,558.45,562.75,561.0,562.19,3238731,182076873200000.0,74256.0,1558188.0,0.4811
2011-06-15,TATASTEEL,EQ,561.0,562.0,566.35,560.25,561.0,561.4,563.16,2875961,161963110940000.0,60938.0,1456694.0,0.5065
2011-06-16,TATASTEEL,EQ,561.4,558.7,562.1,551.4,554.0,553.25,556.69,4047708,225330734194999.97,63796.0,2014080.0,0.4976
2011-06-17,TATASTEEL,EQ,553.25,564.0,575.3,563.0,571.25,573.05,569.4,4274031,243362539285000.0,86026.0,1433469.0,0.3354
2011-06-20,TATASTEEL,EQ,573.05,574.6,574.95,548.5,560.15,561.15,563.05,3432312,193254800365000.0,81220.0,1385347.0,0.4036
2011-06-21,TATASTEEL,EQ,561.15,565.9,568.5,556.75,557.1,558.2,562.42,2687660,151158857200000.0,60570.0,838962.0,0.3122
2011-06-22,TATASTEEL,EQ,558.2,561.25,565.0,556.25,557.0,558.1,559.76,2375104,132948585770000.0,59043.0,1019196.0,0.4291
2011-06-23,TATASTEEL,EQ,558.1,559.7,561.9,553.3,557.0,556.55,557.29,2046848,114067796059999.98,50307.0,667057.0,0.3259
2011-06-24,TATASTEEL,EQ,556.55,560.9,580.25,559.25,579.0,578.95,571.24,3039989,173655422960000.0,78018.0,1225816.0,0.4032
2011-06-27,TATASTEEL,EQ,578.95,576.4,593.45,574.8,589.4,589.35,588.16,4078924,239905239900000.0,79388.0,2006390.0,0.4919
2011-06-28,TATASTEEL,EQ,589.35,590.95,592.5,583.0,586.8,587.25,587.56,2320823,136362764895000.0,59955.0,824575.0,0.3553
2011-06-29,TATASTEEL,EQ,587.25,589.7,602.75,589.0,601.95,601.6,597.94,2835059,169519379860000.0,60421.0,1085911.0,0.383
2011-06-30,TATASTEEL,EQ,601.6,605.0,612.45,603.0,612.0,610.25,607.95,3701140,225011866025000.0,73206.0,2017077.0,0.545
2011-07-01,TATASTEEL,EQ,610.25,616.7,616.7,595.65,600.8,602.3,603.52,2487704,150137151205000.0,57151.0,761093.0,0.3059
2011-07-04,TATASTEEL,EQ,602.3,597.75,598.8,590.1,597.5,597.5,595.34,1873273,111523926875000.0,45081.0,464645.0,0.24800000000000003
2011-07-05,TATASTEEL,EQ,597.5,599.9,606.9,594.2,596.8,597.4,601.61,2963805,178306465180000.0,57182.0,1103120.0,0.3722
2011-07-06,TATASTEEL,EQ,597.4,597.5,602.9,593.9,599.0,597.85,598.47,2082519,124632007115000.02,50073.0,629283.0,0.30219999999999997
2011-07-07,TATASTEEL,EQ,597.85,599.0,608.0,598.5,606.1,606.7,604.72,2919421,176544656695000.0,61627.0,1360829.0,0.4661
2011-07-08,TATASTEEL,EQ,606.7,606.0,606.0,592.1,594.55,594.9,596.81,4050786,241753627255000.03,62286.0,1901097.0,0.4693
2011-07-11,TATASTEEL,EQ,594.9,595.5,595.85,586.05,587.55,587.8,589.98,1815934,107136257985000.0,41838.0,639049.0,0.3519
2011-07-12,TATASTEEL,EQ,587.8,580.65,585.0,570.0,570.8,572.0,576.3,4431951,255411430144999.97,99542.0,2528025.0,0.5704
2011-07-13,TATASTEEL,EQ,572.0,577.0,579.35,570.15,575.5,575.0,574.78,4031915,231747547040000.0,65701.0,2122039.0,0.5263
2011-07-14,TATASTEEL,EQ,575.0,573.75,583.6,571.0,575.3,576.55,577.65,2529457,146114282370000.0,57073.0,861642.0,0.3406
2011-07-15,TATASTEEL,EQ,576.55,578.0,581.3,569.05,573.2,572.95,573.58,2160353,123913587450000.0,48812.0,597542.0,0.2766
2011-07-18,TATASTEEL,EQ,572.95,573.55,577.0,570.25,571.2,571.6,573.16,1903223,109084686234999.98,43164.0,746406.0,0.3922
2011-07-19,TATASTEEL,EQ,571.6,572.0,578.25,568.8,577.0,576.4,573.84,2557131,146737998205000.0,58472.0,1221419.0,0.4777
2011-07-20,TATASTEEL,EQ,576.4,579.0,581.7,574.05,574.95,575.45,578.28,2421867,140052923170000.0,82304.0,1038242.0,0.42869999999999997
2011-07-21,TATASTEEL,EQ,575.45,575.45,578.25,571.8,573.45,573.35,574.77,1194381,68648895229999.99,32429.0,355998.0,0.2981
2011-07-22,TATASTEEL,EQ,573.35,580.0,586.4,575.65,583.55,584.25,582.57,2309684,134554769080000.0,62311.0,1004462.0,0.4349
2011-07-25,TATASTEEL,EQ,584.25,580.0,595.0,579.0,594.5,591.25,589.45,2555106,150610862375000.0,58162.0,1180996.0,0.4622
2011-07-26,TATASTEEL,EQ,591.25,592.7,595.7,580.6,583.0,583.35,586.05,2153162,126185783130000.0,42115.0,1160454.0,0.539
2011-07-27,TATASTEEL,EQ,583.35,583.0,590.75,576.5,579.9,579.85,582.7,2528550,147337417365000.0,41918.0,1059656.0,0.4191
2011-07-28,TATASTEEL,EQ,579.85,575.0,578.9,566.2,570.75,568.65,571.5,2664311,152266003120000.0,164603.0,1275493.0,0.47869999999999996
2011-07-29,TATASTEEL,EQ,568.65,570.0,572.0,562.4,563.15,564.0,567.09,2254747,127863964850000.0,51531.0,1010317.0,0.44810000000000005
2011-08-01,TATASTEEL,EQ,564.0,570.75,575.95,562.8,575.5,573.8,569.67,2403557,136922797505000.0,40099.0,961016.0,0.3998
2011-08-02,TATASTEEL,EQ,573.8,571.0,573.4,561.55,566.0,564.4,565.98,2040235,115474008370000.0,47961.0,890774.0,0.4366
2011-08-03,TATASTEEL,EQ,564.4,559.9,565.5,556.0,565.25,563.35,561.27,2350746,131940887105000.0,48673.0,964862.0,0.4104
2011-08-04,TATASTEEL,EQ,563.35,566.0,568.0,554.2,558.5,557.75,559.84,2455941,137494339665000.02,50042.0,1252946.0,0.5102
2011-08-05,TATASTEEL,EQ,557.75,546.5,546.5,527.0,532.5,532.95,533.56,4924321,262741288975000.0,107673.0,2221928.0,0.4512
2011-08-08,TATASTEEL,EQ,532.95,519.9,519.9,503.0,508.45,509.1,509.76,5526351,281713099130000.0,106905.0,2576343.0,0.4662
2011-08-09,TATASTEEL,EQ,509.1,495.0,504.85,477.75,486.0,485.15,491.09,8847337,434479886535000.06,196941.0,4251208.0,0.4805
2011-08-09,TATASTEEL,EQ,509.1,495.0,504.85,477.75,486.0,485.15,491.09,8847337,434479886535000.06,196941.0,4251208.0,0.4805
2011-08-10,TATASTEEL,EQ,485.15,503.05,505.0,480.65,483.8,484.95,489.28,5973600,292277001085000.0,109010.0,2837109.0,0.47490000000000004
2011-08-11,TATASTEEL,EQ,484.95,481.5,490.0,480.1,483.7,484.4,485.64,3241709,157429952155000.0,67135.0,1075787.0,0.3319
2011-08-12,TATASTEEL,EQ,484.4,489.9,489.9,471.0,471.0,474.95,479.71,6886051,330329975505000.0,127572.0,2329907.0,0.33840000000000003
2011-08-16,TATASTEEL,EQ,474.95,480.0,481.9,466.25,469.9,469.0,472.44,4218314,199288717895000.0,75121.0,1680946.0,0.3985
2011-08-17,TATASTEEL,EQ,469.0,470.25,474.7,460.55,471.6,472.9,469.85,3977809,186898231085000.0,84297.0,1499869.0,0.3771
2011-08-18,TATASTEEL,EQ,472.9,472.65,472.65,458.6,460.2,462.6,465.84,3031279,141209772925000.0,69178.0,1421233.0,0.46890000000000004
2011-08-19,TATASTEEL,EQ,462.6,454.0,467.95,450.0,459.0,459.4,457.12,4263578,194898026580000.0,94492.0,1698887.0,0.3985
2011-08-22,TATASTEEL,EQ,459.4,461.35,472.4,456.1,470.0,469.95,463.33,2634379,122057918234999.98,56804.0,816907.0,0.31010000000000004
2011-08-23,TATASTEEL,EQ,469.95,473.0,478.25,464.1,476.5,475.5,471.88,2680782,126501984230000.0,51901.0,983446.0,0.3669
2011-08-24,TATASTEEL,EQ,475.5,474.0,479.9,452.15,453.55,454.5,465.57,5489631,255582911594999.97,96532.0,2603942.0,0.4743
2011-08-25,TATASTEEL,EQ,454.5,456.7,460.95,441.05,442.0,443.7,445.41,9748370,434206388155000.0,116701.0,4576835.0,0.46950000000000003
2011-08-26,TATASTEEL,EQ,443.7,441.9,444.8,418.3,421.0,422.3,430.94,4940687,212912981070000.0,95330.0,1659761.0,0.33590000000000003
2011-08-29,TATASTEEL,EQ,422.3,428.85,450.0,426.7,449.65,447.4,438.1,5191420,227438489644999.97,83895.0,2506476.0,0.4828
2011-08-30,TATASTEEL,EQ,447.4,455.0,472.9,455.0,468.0,468.55,466.5,7560514,352694436220000.0,112218.0,3529020.0,0.4668
2011-09-02,TATASTEEL,EQ,468.55,470.0,492.7,461.0,492.5,490.1,482.3,7465853,360074617920000.0,116397.0,3271488.0,0.43820000000000003
2011-09-05,TATASTEEL,EQ,490.1,486.0,495.95,480.2,494.65,494.7,489.86,6126203,300098788860000.0,88972.0,2544438.0,0.4153
2011-09-06,TATASTEEL,EQ,494.7,490.0,497.6,478.1,496.8,495.45,487.87,4795962,233978328910000.0,90687.0,1530035.0,0.319
2011-09-07,TATASTEEL,EQ,495.45,495.0,503.5,494.9,496.0,498.5,499.74,3219888,160911384905000.0,71105.0,824793.0,0.25620000000000004
2011-09-08,TATASTEEL,EQ,498.5,499.75,502.05,489.0,491.0,491.35,493.89,3352401,165570739615000.0,66679.0,830556.0,0.2477
2011-09-09,TATASTEEL,EQ,491.35,490.0,490.8,475.1,475.35,476.9,481.52,4584623,220758316044999.97,84344.0,2310772.0,0.504
2011-09-12,TATASTEEL,EQ,476.9,469.25,470.0,452.15,454.2,454.85,458.55,6087114,279122890875000.0,91745.0,3090463.0,0.5077
2011-09-13,TATASTEEL,EQ,454.85,460.4,467.8,450.8,458.5,457.35,460.89,4230991,195002542720000.0,83234.0,1265123.0,0.299
2011-09-14,TATASTEEL,EQ,457.35,460.0,473.6,454.1,473.0,469.5,463.89,3455706,160306559740000.0,72604.0,785791.0,0.2274
2011-09-15,TATASTEEL,EQ,469.5,475.0,477.0,460.1,464.8,465.65,465.56,5577374,259658945155000.03,99130.0,2158067.0,0.38689999999999997
2011-09-16,TATASTEEL,EQ,465.65,470.4,474.5,457.1,460.0,460.85,464.96,7348556,341679193920000.0,108453.0,3563042.0,0.48490000000000005
2011-09-19,TATASTEEL,EQ,460.85,458.85,458.85,451.6,453.75,453.75,454.36,2527668,114845872345000.0,69499.0,857164.0,0.33909999999999996
2011-09-20,TATASTEEL,EQ,453.75,453.75,462.6,452.2,462.6,461.1,458.99,3418596,156911509270000.0,75002.0,1431872.0,0.41880000000000006
2011-09-21,TATASTEEL,EQ,461.1,462.4,462.4,455.15,457.45,458.5,458.61,2302660,105603132495000.0,47192.0,596362.0,0.259
2011-09-22,TATASTEEL,EQ,458.5,451.0,451.0,440.0,440.4,442.4,443.66,4434618,196746693325000.0,93995.0,1926159.0,0.4343
2011-09-23,TATASTEEL,EQ,442.4,437.55,438.25,425.1,433.3,432.8,431.45,5374881,231899065465000.0,103963.0,2113227.0,0.3932
2011-09-26,TATASTEEL,EQ,432.8,432.0,439.7,420.2,434.7,435.45,428.69,3852137,165139096690000.0,80229.0,780952.0,0.2027
2011-09-27,TATASTEEL,EQ,435.45,441.6,445.4,435.5,439.35,438.95,441.22,3941832,173922701235000.0,66962.0,1715921.0,0.4353
2011-09-28,TATASTEEL,EQ,438.95,442.0,444.0,425.6,425.8,427.4,431.11,3487291,150340046705000.0,61358.0,1406832.0,0.40340000000000004
2011-09-29,TATASTEEL,EQ,427.4,424.0,438.0,417.0,437.4,433.8,426.29,5436403,231748405069999.97,106906.0,1900906.0,0.3497
2011-09-30,TATASTEEL,EQ,433.8,430.6,432.8,414.15,415.15,415.35,422.52,5203585,219860271615000.0,108029.0,2084463.0,0.4006
2011-10-03,TATASTEEL,EQ,415.35,408.75,408.75,392.85,395.05,394.65,397.63,5050576,200825803825000.0,118340.0,2200673.0,0.43570000000000003
2011-10-04,TATASTEEL,EQ,394.65,393.85,405.4,390.3,397.6,397.55,398.52,4738785,188852031690000.0,96843.0,1290473.0,0.2723
2011-10-05,TATASTEEL,EQ,397.55,400.8,406.8,398.0,401.75,400.6,402.29,4220159,169772209560000.0,76062.0,1326794.0,0.3144
2011-10-07,TATASTEEL,EQ,400.6,413.5,421.4,410.65,420.7,419.7,416.36,4394107,182952853675000.0,77526.0,2043620.0,0.4651
2011-10-10,TATASTEEL,EQ,419.7,419.7,436.4,416.65,435.0,434.95,429.9,5301040,227892448840000.0,104888.0,2190677.0,0.4133
2011-10-11,TATASTEEL,EQ,434.95,439.8,443.3,430.7,433.0,433.55,437.64,4898188,214364082635000.0,85413.0,2106182.0,0.43
2011-10-12,TATASTEEL,EQ,433.55,435.0,445.0,433.7,444.5,444.1,439.83,3202449,140852268590000.0,64645.0,896275.0,0.2799
2011-10-13,TATASTEEL,EQ,444.1,445.6,457.4,441.6,452.15,453.4,450.38,4733667,213194733920000.0,86995.0,1484597.0,0.3136
2011-10-14,TATASTEEL,EQ,453.4,450.0,451.0,434.2,437.2,437.85,439.55,4378886,192473027270000.0,79196.0,1315119.0,0.3003
2011-10-17,TATASTEEL,EQ,437.85,441.0,443.4,433.4,440.05,440.05,438.87,2791086,122492800134999.98,50601.0,833657.0,0.2987
2011-10-18,TATASTEEL,EQ,440.05,430.3,434.8,423.05,427.5,429.25,427.99,3376522,144512638715000.0,53993.0,1221296.0,0.3617
2011-10-19,TATASTEEL,EQ,429.25,431.7,437.4,429.5,433.95,434.0,433.94,2370363,102860332865000.0,45058.0,625955.0,0.2641
2011-10-20,TATASTEEL,EQ,434.0,429.4,443.9,423.5,440.35,441.6,433.24,5657598,245111977615000.0,88074.0,2169883.0,0.3835
2011-10-21,TATASTEEL,EQ,441.6,443.6,445.0,431.05,433.1,433.0,436.55,3329204,145337281555000.0,60229.0,928238.0,0.2788
2011-10-24,TATASTEEL,EQ,433.0,439.1,443.95,434.8,435.8,436.55,439.53,2478458,108934680230000.0,46642.0,651178.0,0.2627
2011-10-24,TATASTEEL,EQ,433.0,439.1,443.95,434.8,435.8,436.55,439.53,2478458,108934680230000.0,46642.0,651178.0,0.2627
2011-10-25,TATASTEEL,EQ,436.55,439.8,455.9,437.0,451.2,452.05,446.64,4935830,220451839505000.03,82819.0,2050637.0,0.4155
2011-10-26,TATASTEEL,EQ,452.05,454.0,455.0,449.0,450.05,451.3,452.73,649045,29383970230000.0,15578.0,205729.0,0.317
2011-10-28,TATASTEEL,EQ,451.3,468.0,491.65,467.1,481.1,483.7,481.76,5438156,261990731505000.03,99846.0,2368349.0,0.4355
2011-10-31,TATASTEEL,EQ,483.7,479.95,488.65,475.05,480.0,482.8,483.03,4924535,237869999925000.0,89440.0,2244771.0,0.4558
2011-11-01,TATASTEEL,EQ,482.8,477.0,480.5,465.65,472.0,472.0,473.21,3003339,142121411270000.0,53121.0,1011751.0,0.3369
2011-11-02,TATASTEEL,EQ,472.0,463.55,472.5,459.1,466.0,467.85,466.9,3715573,173479704985000.0,60676.0,907420.0,0.24420000000000003
2011-11-03,TATASTEEL,EQ,467.85,465.3,469.75,455.3,462.8,461.7,461.22,3872434,178605498705000.0,73134.0,967803.0,0.24989999999999998
2011-11-04,TATASTEEL,EQ,461.7,467.6,476.25,465.1,467.0,467.15,470.48,4318570,203179861975000.0,72685.0,1565637.0,0.3625
2011-11-08,TATASTEEL,EQ,467.15,470.35,472.0,464.0,466.3,467.4,468.14,2152106,100747770470000.0,37698.0,544923.0,0.2532
2011-11-09,TATASTEEL,EQ,467.4,470.8,475.3,444.1,446.85,447.6,461.29,5927140,273413577160000.0,81026.0,2572743.0,0.4341
2011-11-11,TATASTEEL,EQ,447.6,429.9,433.85,423.15,430.55,429.85,429.39,6098511,261863398955000.03,103059.0,1853736.0,0.304
2011-11-14,TATASTEEL,EQ,429.85,435.0,437.95,409.55,413.5,412.5,420.8,5102520,214713230615000.0,94203.0,1753215.0,0.3436
2011-11-15,TATASTEEL,EQ,412.5,413.5,415.0,396.1,399.85,400.45,405.3,8112522,328797722730000.0,132404.0,3360031.0,0.4142
2011-11-16,TATASTEEL,EQ,400.45,400.1,417.4,393.65,411.45,405.95,404.84,7857318,318094875880000.0,134946.0,2093963.0,0.2665
2011-11-17,TATASTEEL,EQ,405.95,406.9,415.5,398.0,399.15,400.1,407.89,5515558,224972713105000.03,91993.0,1554237.0,0.2818
2011-11-18,TATASTEEL,EQ,400.1,398.3,398.3,385.05,391.25,391.4,390.52,6077729,237350283000000.0,119596.0,1961506.0,0.32270000000000004
2011-11-21,TATASTEEL,EQ,391.4,388.9,391.3,376.85,379.5,379.7,384.61,4898295,188395768915000.0,85523.0,1657921.0,0.3385
2011-11-22,TATASTEEL,EQ,379.7,382.5,399.45,380.65,393.0,391.7,389.8,6250297,243637038544999.97,96938.0,1844619.0,0.29510000000000003
2011-11-23,TATASTEEL,EQ,391.7,387.9,388.4,377.65,383.0,382.65,382.13,5008919,191403645860000.0,77877.0,1621235.0,0.3237
2011-11-24,TATASTEEL,EQ,382.65,381.0,389.0,367.0,384.6,385.6,378.23,7136300,269917698535000.0,103380.0,2060119.0,0.2887
2011-11-25,TATASTEEL,EQ,385.6,379.7,381.0,372.15,373.0,374.95,376.07,4847082,182284391465000.0,93978.0,1432497.0,0.29550000000000004
2011-11-28,TATASTEEL,EQ,374.95,378.8,389.1,378.0,388.45,386.95,383.45,4715172,180803731005000.0,81602.0,1512906.0,0.3209
2011-11-29,TATASTEEL,EQ,386.95,389.0,398.0,384.1,386.1,387.15,391.71,5443031,213210392795000.0,103265.0,1427579.0,0.26230000000000003
2011-11-30,TATASTEEL,EQ,387.15,384.0,388.5,381.5,382.75,385.2,385.19,3483242,134171088100000.0,58036.0,962479.0,0.2763
2011-12-01,TATASTEEL,EQ,385.2,401.4,410.2,398.0,401.1,402.65,404.84,7266237,294167164525000.0,97035.0,3595638.0,0.49479999999999996
2011-12-02,TATASTEEL,EQ,402.65,400.0,422.85,397.1,419.1,419.1,412.61,6993853,288570005665000.0,120159.0,1951417.0,0.27899999999999997
2011-12-05,TATASTEEL,EQ,419.1,416.8,417.4,409.0,409.95,411.15,412.1,4595223,189370262365000.0,75239.0,1105887.0,0.2407
2011-12-07,TATASTEEL,EQ,411.15,412.75,421.0,409.0,415.6,417.55,417.45,4710904,196655280200000.0,81306.0,1634716.0,0.34700000000000003
2011-12-08,TATASTEEL,EQ,417.55,413.9,416.85,402.0,402.0,404.05,408.47,3765182,153794658665000.0,69034.0,791957.0,0.21030000000000001
2011-12-09,TATASTEEL,EQ,404.05,395.0,404.4,391.05,398.05,397.55,397.88,4673869,185965058730000.0,85306.0,973021.0,0.2082
2011-12-12,TATASTEEL,EQ,397.55,402.8,405.5,383.95,384.0,385.45,393.16,3701881,145541988030000.0,70164.0,804743.0,0.21739999999999998
2011-12-13,TATASTEEL,EQ,385.45,380.95,395.0,373.2,395.0,392.6,384.18,6545611,251468583455000.03,125062.0,1586756.0,0.24239999999999998
2011-12-14,TATASTEEL,EQ,392.6,391.95,392.5,374.5,375.1,375.75,384.06,5505860,211455768910000.0,107979.0,1721203.0,0.31260000000000004
2011-12-15,TATASTEEL,EQ,375.75,370.05,379.9,367.4,375.9,375.25,373.7,5837407,218145220365000.0,97189.0,1628558.0,0.27899999999999997
2011-12-16,TATASTEEL,EQ,375.25,378.0,381.8,362.45,364.1,364.95,373.04,5053231,188504656345000.0,91391.0,1282119.0,0.25370000000000004
2011-12-19,TATASTEEL,EQ,364.95,364.0,364.95,354.0,363.0,363.6,359.76,4154096,149448134870000.0,88815.0,1000897.0,0.2409
2011-12-20,TATASTEEL,EQ,363.6,365.3,366.55,340.6,342.8,342.75,350.53,6536826,229133886250000.0,119412.0,2047254.0,0.31320000000000003
2011-12-21,TATASTEEL,EQ,342.75,352.0,353.4,341.25,350.75,349.45,347.95,8415259,292811510830000.0,112318.0,3419948.0,0.40640000000000004
2011-12-22,TATASTEEL,EQ,349.45,347.0,356.95,341.65,352.3,353.9,348.9,7167554,250075262035000.0,92457.0,2587089.0,0.36090000000000005
2011-12-23,TATASTEEL,EQ,353.9,355.9,358.6,345.0,347.45,347.3,352.82,6554397,231254278019999.97,99703.0,2286075.0,0.34880000000000005
2011-12-26,TATASTEEL,EQ,347.3,349.5,359.7,348.1,357.75,357.65,354.68,4553518,161505303800000.0,79658.0,1266954.0,0.2782
2011-12-27,TATASTEEL,EQ,357.65,358.0,359.35,347.15,349.6,349.15,352.23,3106343,109416074184999.98,51276.0,687542.0,0.2213
2011-12-28,TATASTEEL,EQ,349.15,347.65,350.7,343.0,346.15,346.85,346.22,3236326,112047999595000.0,54248.0,771370.0,0.23829999999999998
2011-12-29,TATASTEEL,EQ,346.85,344.9,348.75,341.1,341.4,341.9,344.22,4850549,166964695310000.0,65141.0,2091124.0,0.4311
2011-12-30,TATASTEEL,EQ,341.9,344.55,346.9,334.0,334.25,335.35,339.56,4128724,140193721605000.0,72983.0,1338862.0,0.3243
2012-01-02,TATASTEEL,EQ,335.35,337.9,346.0,332.1,342.45,341.1,337.84,3845860,129928652659999.98,71222.0,676313.0,0.1759
2012-01-03,TATASTEEL,EQ,341.1,345.0,363.8,344.2,360.65,361.85,355.41,5823147,206958323895000.0,98636.0,1692367.0,0.29059999999999997
2012-01-04,TATASTEEL,EQ,361.85,364.0,367.5,356.3,364.0,363.95,362.3,5451263,197496834690000.0,91203.0,568525.0,0.1043
2012-01-05,TATASTEEL,EQ,363.95,365.0,371.5,359.4,361.85,362.6,366.15,4174382,152844269255000.0,70019.0,526494.0,0.1261
2012-01-06,TATASTEEL,EQ,362.6,359.0,367.8,350.2,364.7,363.65,357.9,4553174,162959403835000.0,72371.0,643950.0,0.1414
2012-01-07,TATASTEEL,EQ,363.65,363.95,363.95,361.0,362.75,362.75,362.76,269207,9765787760000.0,5397.0,55907.0,0.2077
2012-01-09,TATASTEEL,EQ,362.75,362.5,365.8,354.55,362.85,361.75,360.22,3858964,139009197634999.98,74019.0,855521.0,0.2217
2012-01-10,TATASTEEL,EQ,361.75,361.2,373.4,361.2,372.85,371.75,369.32,5218794,192739490870000.0,104392.0,1576463.0,0.30210000000000004
2012-01-11,TATASTEEL,EQ,371.75,373.65,384.4,371.3,384.05,383.0,379.33,5621721,213247713605000.0,85313.0,2036839.0,0.36229999999999996
2012-01-12,TATASTEEL,EQ,383.0,383.0,392.5,380.8,392.0,388.85,387.65,4843756,187766402030000.0,89535.0,1603824.0,0.3311
2012-01-13,TATASTEEL,EQ,388.85,392.0,424.9,391.9,415.95,415.7,412.88,12172110,502564722175000.0,183208.0,3947932.0,0.3243
2012-01-16,TATASTEEL,EQ,415.7,412.5,429.4,408.2,421.0,421.75,419.35,7948867,333333606040000.0,132537.0,1985184.0,0.2497
2012-01-17,TATASTEEL,EQ,421.75,423.5,448.4,423.05,442.75,442.75,438.18,8204447,359501362095000.0,141613.0,2631834.0,0.3208
2012-01-18,TATASTEEL,EQ,442.75,443.6,445.05,421.35,422.75,424.9,429.91,7276468,312819570660000.0,120006.0,2219388.0,0.305
2012-01-19,TATASTEEL,EQ,424.9,430.0,441.9,430.0,434.6,435.85,436.52,6538305,285407763675000.0,120827.0,2240065.0,0.34259999999999996
2012-01-20,TATASTEEL,EQ,435.85,438.0,444.5,430.5,437.55,436.55,438.31,5911515,259107306740000.0,110934.0,1383748.0,0.2341
2012-01-23,TATASTEEL,EQ,436.55,435.0,437.95,423.1,426.95,426.55,428.22,4509958,193125990695000.0,82595.0,1100813.0,0.2441
2012-01-24,TATASTEEL,EQ,426.55,428.0,440.0,421.7,430.55,432.35,431.61,5801166,250385971500000.0,88863.0,1437677.0,0.24780000000000002
2012-01-25,TATASTEEL,EQ,432.35,435.0,446.9,434.0,442.95,444.85,442.84,7374323,326563480600000.0,101729.0,2520064.0,0.3417
2012-01-27,TATASTEEL,EQ,444.85,450.0,462.6,447.5,458.0,458.75,456.83,5780814,264084632360000.0,132645.0,1757966.0,0.3041
2012-01-30,TATASTEEL,EQ,458.75,456.0,456.4,437.0,438.5,442.3,449.49,4650423,209030372605000.0,108001.0,1397480.0,0.3005
2012-01-31,TATASTEEL,EQ,442.3,444.8,453.45,432.1,452.65,450.8,443.52,6603556,292878783410000.0,115123.0,1347408.0,0.204
2012-02-01,TATASTEEL,EQ,450.8,452.0,474.0,450.85,473.9,470.95,461.02,8208490,378427891785000.0,124749.0,3204497.0,0.3904
2012-02-02,TATASTEEL,EQ,470.95,476.0,480.8,464.3,474.8,475.9,474.17,7992797,378998135055000.0,122800.0,2739740.0,0.3428
2012-02-03,TATASTEEL,EQ,475.9,474.0,474.0,460.2,464.6,467.5,465.29,5885841,273862542225000.0,110897.0,1804064.0,0.3065
2012-02-06,TATASTEEL,EQ,467.5,474.7,478.0,463.05,465.7,467.25,471.27,5221753,246087615580000.03,90899.0,1176057.0,0.2252
2012-02-07,TATASTEEL,EQ,467.25,470.0,472.0,449.25,449.7,451.35,461.66,7493579,345945065510000.0,121596.0,2438793.0,0.32549999999999996
2012-02-08,TATASTEEL,EQ,451.35,454.0,461.8,442.35,451.4,450.65,451.48,9581104,432569032545000.0,143772.0,2529474.0,0.264
2012-02-09,TATASTEEL,EQ,450.65,447.9,454.35,440.0,453.55,452.15,447.31,9325947,417158733505000.0,153972.0,1946747.0,0.20870000000000002
2012-02-10,TATASTEEL,EQ,452.15,434.0,478.4,432.6,475.3,475.05,466.87,20927927,977061002100000.0,292741.0,4445966.0,0.21239999999999998
2012-02-13,TATASTEEL,EQ,475.05,476.0,488.85,466.5,485.3,485.2,477.57,6517584,311262179925000.0,120691.0,810830.0,0.1244
2012-02-14,TATASTEEL,EQ,485.2,483.0,491.8,481.35,487.1,487.95,486.89,6195320,301642875715000.0,104670.0,1440883.0,0.23260000000000003
2012-02-15,TATASTEEL,EQ,487.95,491.0,496.75,487.0,495.35,495.15,493.0,6471227,319032139120000.0,99169.0,1754635.0,0.2711
2012-02-16,TATASTEEL,EQ,495.15,491.65,493.2,474.65,476.5,479.1,482.41,5391863,260111368769999.97,97346.0,1890914.0,0.3507
2012-02-17,TATASTEEL,EQ,479.1,484.0,489.0,470.5,478.2,478.0,481.6,5733302,276113718060000.0,111371.0,2196137.0,0.383
2012-02-21,TATASTEEL,EQ,478.0,480.2,500.95,480.2,489.75,491.5,493.45,7654997,377738836785000.0,115883.0,2236309.0,0.2921
2012-02-22,TATASTEEL,EQ,491.5,492.6,496.8,468.0,471.7,470.5,482.22,4506517,217313590569999.97,66832.0,1240825.0,0.27530000000000004
2012-02-23,TATASTEEL,EQ,470.5,470.0,478.9,460.4,469.7,471.4,470.17,6701785,315096866695000.0,95525.0,2421921.0,0.3614
2012-02-24,TATASTEEL,EQ,471.4,473.15,480.9,466.35,475.95,475.5,474.1,5976561,283345912305000.0,93581.0,1549783.0,0.2593
2012-02-27,TATASTEEL,EQ,475.5,477.95,477.95,438.6,443.0,442.4,453.37,6643678,301206364580000.0,109987.0,2361914.0,0.3555
2012-02-28,TATASTEEL,EQ,442.4,446.7,462.0,446.4,459.8,459.8,456.83,5189903,237090540325000.0,90315.0,1905257.0,0.36710000000000004
2012-02-29,TATASTEEL,EQ,459.8,465.0,475.2,459.3,473.85,472.55,468.23,5538665,259334926765000.0,98234.0,1262658.0,0.228
2012-03-01,TATASTEEL,EQ,472.55,471.85,471.85,456.6,461.0,462.8,464.34,5010746,232669184975000.0,74875.0,1166212.0,0.2327
2012-03-02,TATASTEEL,EQ,462.8,465.9,472.5,460.25,467.0,465.9,467.06,3770619,176110681110000.0,66730.0,806234.0,0.2138
2012-03-03,TATASTEEL,EQ,465.9,467.65,469.5,466.0,467.0,467.6,467.66,260163,12166828155000.0,4623.0,60118.0,0.2311
2012-03-05,TATASTEEL,EQ,467.6,465.0,465.0,448.6,450.0,450.7,455.45,3487338,158829947110000.0,66053.0,988004.0,0.2833
2012-03-06,TATASTEEL,EQ,450.7,448.9,457.0,422.5,423.3,424.95,440.32,7319531,322291168095000.0,126070.0,2062384.0,0.2818
2012-03-07,TATASTEEL,EQ,424.95,422.1,429.8,415.95,423.0,423.8,423.31,7545596,319413688560000.0,121314.0,2431042.0,0.3222
2012-03-09,TATASTEEL,EQ,423.8,432.0,457.45,432.0,455.6,455.2,446.72,6535082,291935561040000.0,137110.0,2837813.0,0.43420000000000003
2012-03-12,TATASTEEL,EQ,455.2,460.1,463.3,449.35,454.7,456.4,456.07,4644795,211833876750000.0,87960.0,956611.0,0.20600000000000002
2012-03-13,TATASTEEL,EQ,456.4,459.55,469.8,459.55,469.2,468.1,465.98,4056266,189013178715000.0,78491.0,1166937.0,0.2877
2012-03-14,TATASTEEL,EQ,468.1,475.0,475.8,458.65,461.5,460.85,466.18,5732646,267241863655000.03,85848.0,2418540.0,0.4219
2012-03-15,TATASTEEL,EQ,460.85,461.5,466.9,455.0,462.05,462.75,461.48,4959710,228879572175000.0,76406.0,1194976.0,0.2409
2012-03-16,TATASTEEL,EQ,462.75,463.0,473.85,449.85,451.5,454.6,464.77,5610638,260767251855000.03,95707.0,1437656.0,0.25620000000000004
2012-03-19,TATASTEEL,EQ,454.6,455.0,463.5,446.2,447.75,448.2,454.3,3355194,152424982015000.0,68309.0,598665.0,0.1784
2012-03-20,TATASTEEL,EQ,448.2,449.0,457.0,445.15,454.8,454.8,452.55,4406875,199431273070000.0,82124.0,952007.0,0.21600000000000003
2012-03-21,TATASTEEL,EQ,454.8,452.85,474.15,448.05,473.6,472.4,461.46,4988133,230184719294999.97,111985.0,1462150.0,0.29309999999999997
2012-03-22,TATASTEEL,EQ,472.4,469.5,475.7,447.0,447.4,449.9,464.79,6844373,318118656400000.0,124721.0,1249212.0,0.1825
2012-03-23,TATASTEEL,EQ,449.9,449.15,455.4,442.75,449.4,448.5,449.73,4716615,212120446330000.0,88995.0,568900.0,0.12060000000000001
2012-03-26,TATASTEEL,EQ,448.5,448.1,451.6,438.0,440.0,440.15,444.76,4441888,197558584820000.0,76436.0,943585.0,0.21239999999999998
2012-03-27,TATASTEEL,EQ,440.15,449.9,450.65,438.6,447.4,447.0,444.64,4883742,217151427940000.0,76329.0,1166107.0,0.23879999999999998
2012-03-28,TATASTEEL,EQ,447.0,444.9,457.9,441.4,456.0,455.1,451.93,5106345,230773012169999.97,94915.0,1107703.0,0.2169
2012-03-29,TATASTEEL,EQ,455.1,450.1,455.0,445.4,452.0,453.1,450.53,4082448,183927370410000.0,63496.0,1146965.0,0.281
2012-03-30,TATASTEEL,EQ,453.1,453.7,474.65,453.2,469.0,471.75,466.9,4957066,231446891694999.97,90372.0,1742618.0,0.3515
2012-04-02,TATASTEEL,EQ,471.75,470.85,477.3,467.1,470.9,471.75,472.95,3277978,155033074850000.0,56632.0,713109.0,0.2175
2012-04-03,TATASTEEL,EQ,471.75,475.55,482.25,474.15,477.7,478.2,478.48,4199230,200923120610000.0,72712.0,1107814.0,0.2638
2012-04-04,TATASTEEL,EQ,478.2,474.4,479.2,471.25,476.45,475.55,475.31,3122788,148429441950000.0,48990.0,696620.0,0.2231
2012-04-09,TATASTEEL,EQ,475.55,472.4,472.4,455.75,456.8,459.75,463.18,2679445,124105416990000.02,45903.0,680403.0,0.2539
2012-04-10,TATASTEEL,EQ,459.75,459.45,459.95,449.4,453.05,452.8,453.55,4369089,198160993995000.0,75421.0,1617192.0,0.3701
2012-04-11,TATASTEEL,EQ,452.8,448.3,454.8,443.6,446.85,446.35,448.04,4201765,188254646115000.0,82878.0,851765.0,0.2027
2012-04-12,TATASTEEL,EQ,446.35,450.65,456.4,448.1,452.1,453.3,452.93,3096497,140248440950000.0,65547.0,544434.0,0.17579999999999998
2012-04-13,TATASTEEL,EQ,453.3,458.0,462.5,447.05,447.7,449.8,455.79,3106058,141569630900000.0,54187.0,498653.0,0.1605
2012-04-16,TATASTEEL,EQ,449.8,447.3,456.9,445.0,456.6,455.15,451.46,2604087,117564722055000.0,44985.0,594007.0,0.2281
2012-04-17,TATASTEEL,EQ,455.15,464.9,464.9,451.4,462.25,461.55,458.0,2884347,132103874920000.0,51854.0,531679.0,0.1843
2012-04-18,TATASTEEL,EQ,461.55,464.45,471.5,462.8,465.75,465.2,467.91,4028956,188518680415000.0,63749.0,1520610.0,0.3774
2012-04-19,TATASTEEL,EQ,465.2,466.65,469.65,461.55,468.5,467.15,465.59,2781913,129522962000000.0,56090.0,1110132.0,0.39909999999999995
2012-04-20,TATASTEEL,EQ,467.15,465.6,474.5,464.05,470.55,470.3,470.15,3850481,181031513830000.0,67729.0,837110.0,0.21739999999999998
2012-04-23,TATASTEEL,EQ,470.3,470.0,479.3,459.65,459.65,462.85,472.03,4785538,225892320790000.0,102822.0,1526797.0,0.319
2012-04-24,TATASTEEL,EQ,462.85,464.0,473.35,460.1,473.0,470.25,466.13,2345532,109331146105000.0,44504.0,464149.0,0.1979
2012-04-25,TATASTEEL,EQ,470.25,472.0,475.25,459.3,465.4,465.5,466.56,3057398,142644704655000.0,51241.0,429662.0,0.1405
2012-04-26,TATASTEEL,EQ,465.5,466.0,474.45,463.5,464.95,466.8,469.75,3916457,183976042920000.0,66091.0,1653367.0,0.4222
2012-04-27,TATASTEEL,EQ,466.8,466.7,468.7,454.35,461.05,461.15,461.0,2567061,118341842084999.98,50865.0,469303.0,0.18280000000000002
2012-04-28,TATASTEEL,EQ,461.15,462.15,464.8,461.45,463.95,463.25,462.79,161547,7476299820000.0,3293.0,24158.0,0.1495
2012-04-30,TATASTEEL,EQ,463.25,462.5,469.3,460.2,463.6,463.65,464.42,2697385,125271160295000.0,46736.0,972201.0,0.3604
2012-05-02,TATASTEEL,EQ,463.65,464.95,469.4,460.1,460.65,461.85,463.99,1654764,76779819385000.0,34445.0,258414.0,0.1562
2012-05-03,TATASTEEL,EQ,461.85,459.0,459.8,446.0,448.55,448.1,452.1,3162930,142995905970000.0,57456.0,1044223.0,0.3301
2012-05-04,TATASTEEL,EQ,448.1,444.1,445.95,428.7,432.4,432.5,435.17,4205200,182998690695000.0,72746.0,1642393.0,0.39060000000000006
2012-05-07,TATASTEEL,EQ,432.5,422.2,443.9,421.1,442.3,441.6,429.85,3997765,171845717285000.0,74788.0,808841.0,0.2023
2012-05-08,TATASTEEL,EQ,441.6,444.5,444.7,424.0,425.0,427.2,434.03,3329911,144527314295000.0,55349.0,936254.0,0.2812
2012-05-09,TATASTEEL,EQ,427.2,421.6,432.4,414.25,416.3,417.45,424.27,4163540,176645096760000.0,82084.0,1166337.0,0.2801
2012-05-10,TATASTEEL,EQ,417.45,418.0,425.0,413.3,415.65,415.6,419.75,3855427,161830595655000.0,67649.0,905089.0,0.2348
2012-05-11,TATASTEEL,EQ,415.6,412.0,419.9,409.0,410.45,412.0,413.83,3506017,145089388090000.0,66097.0,745606.0,0.2127
2012-05-14,TATASTEEL,EQ,412.0,410.5,417.4,402.0,409.0,408.2,409.37,3250988,133084541825000.0,57569.0,931289.0,0.2865
2012-05-15,TATASTEEL,EQ,408.2,405.35,420.0,404.3,419.25,418.15,413.78,3890101,160965080915000.0,71206.0,764048.0,0.19640000000000002
2012-05-16,TATASTEEL,EQ,418.15,411.0,411.35,398.55,399.75,400.6,403.45,5110447,206178537005000.0,94942.0,1622944.0,0.31760000000000005
2012-05-17,TATASTEEL,EQ,400.6,403.4,409.8,402.0,406.9,405.85,406.09,3911870,158857263220000.0,72696.0,1342099.0,0.3431
2012-05-18,TATASTEEL,EQ,405.85,397.1,402.0,390.0,400.0,399.95,396.76,6198191,245919581365000.0,103792.0,1382500.0,0.223
2012-05-21,TATASTEEL,EQ,399.95,394.1,406.35,388.7,402.6,402.75,397.3,9588619,380956200950000.0,157865.0,1297970.0,0.1354
2012-05-22,TATASTEEL,EQ,402.75,407.35,409.9,396.9,400.0,399.3,404.25,4157170,168052585510000.0,76299.0,841496.0,0.2024
2012-05-23,TATASTEEL,EQ,399.3,397.0,401.4,394.35,394.4,396.25,397.6,3445761,137005159130000.0,59290.0,677532.0,0.1966
2012-05-24,TATASTEEL,EQ,396.25,398.7,402.5,391.4,398.0,398.65,397.34,3618122,143763229320000.0,64983.0,665407.0,0.1839
2012-05-25,TATASTEEL,EQ,398.65,397.65,410.5,396.0,409.25,408.6,405.73,4000538,162315717690000.0,72509.0,948302.0,0.237
2012-05-28,TATASTEEL,EQ,408.6,409.0,415.5,408.0,410.95,411.85,411.94,3182522,131100475450000.0,55728.0,931079.0,0.2926
2012-05-29,TATASTEEL,EQ,411.85,413.1,419.0,410.5,415.25,415.8,415.57,3229093,134191434855000.0,60093.0,872829.0,0.27030000000000004
2012-05-30,TATASTEEL,EQ,415.8,412.0,414.6,407.55,412.0,410.3,411.34,2420669,99571682560000.0,44451.0,700796.0,0.2895
2012-05-31,TATASTEEL,EQ,410.3,405.6,407.8,399.1,407.7,403.65,403.95,4218052,170390304100000.0,61788.0,2026230.0,0.4804
2012-06-01,TATASTEEL,EQ,403.65,404.0,407.4,395.1,398.6,397.9,402.21,3071835,123552169640000.02,45238.0,924671.0,0.30100000000000005
2012-06-04,TATASTEEL,EQ,397.9,392.95,406.2,389.1,406.1,404.0,397.27,3180971,126368877465000.02,60201.0,986226.0,0.31
2012-06-05,TATASTEEL,EQ,404.0,406.0,408.9,396.25,398.1,398.0,403.8,2389621,96493794175000.0,53056.0,573797.0,0.2401
2012-06-06,TATASTEEL,EQ,398.0,402.0,411.5,402.0,410.7,410.0,408.14,2952314,120495427765000.02,59661.0,961308.0,0.32560000000000006
2012-06-07,TATASTEEL,EQ,410.0,415.0,419.85,410.0,410.0,411.1,413.87,3836725,158789348075000.0,78697.0,1210120.0,0.3154
2012-06-08,TATASTEEL,EQ,411.1,411.9,416.25,405.5,411.0,410.4,410.98,3449717,141774923005000.0,64991.0,721788.0,0.20920000000000002
2012-06-11,TATASTEEL,EQ,410.4,416.0,419.0,406.75,407.4,409.9,414.91,2771223,114981117245000.0,48215.0,721174.0,0.2602
2012-06-12,TATASTEEL,EQ,409.9,406.95,414.4,405.3,412.85,412.9,410.03,3009631,123405187184999.98,52912.0,605796.0,0.2013
2012-06-13,TATASTEEL,EQ,412.9,414.7,416.5,410.35,411.95,411.95,413.4,2928215,121053296700000.0,53057.0,777610.0,0.2656
2012-06-14,TATASTEEL,EQ,411.95,412.0,416.75,406.0,406.0,406.95,411.37,2886127,118726486995000.0,57234.0,589910.0,0.20440000000000003
2012-06-15,TATASTEEL,EQ,406.95,408.1,415.9,407.2,413.9,414.55,412.22,2534482,104477089480000.0,54623.0,533849.0,0.21059999999999998
2012-06-18,TATASTEEL,EQ,414.55,419.0,425.2,413.6,419.5,419.75,420.12,5415812,227531481644999.97,91206.0,1113427.0,0.2056
2012-06-19,TATASTEEL,EQ,419.75,421.0,425.0,415.3,419.9,420.25,420.35,3774866,158676784440000.0,83720.0,768455.0,0.2036
2012-06-20,TATASTEEL,EQ,420.25,423.9,429.4,421.1,426.15,426.8,425.39,3875962,164878345295000.0,69290.0,1132657.0,0.2922
2012-06-21,TATASTEEL,EQ,426.8,424.35,431.95,422.8,430.95,430.15,426.71,2905568,123982214140000.02,55884.0,973969.0,0.33520000000000005
2012-06-22,TATASTEEL,EQ,430.15,424.9,426.9,416.5,418.8,418.6,420.54,3931215,165324366485000.0,64797.0,1666038.0,0.4238
2012-06-25,TATASTEEL,EQ,418.6,420.0,424.7,411.55,412.35,414.65,419.68,2514648,105534277860000.0,47867.0,641721.0,0.2552
2012-06-26,TATASTEEL,EQ,414.65,412.0,412.5,405.5,411.35,410.5,409.3,4218334,172657383495000.0,92777.0,1400773.0,0.3321
2012-06-27,TATASTEEL,EQ,410.5,412.1,422.0,412.1,420.9,420.7,417.9,3272599,136761486684999.98,69380.0,944766.0,0.2887
2012-06-28,TATASTEEL,EQ,420.7,421.1,430.95,420.15,426.95,429.05,425.9,4935431,210199273810000.0,73352.0,2300721.0,0.4662
2012-06-29,TATASTEEL,EQ,429.05,434.45,444.0,432.5,443.1,441.45,437.44,4369646,191147112950000.0,69068.0,2197472.0,0.5029
2012-07-02,TATASTEEL,EQ,441.45,444.0,454.5,441.65,444.4,446.95,447.03,4049142,181010566770000.0,83427.0,1314458.0,0.3246
2012-07-03,TATASTEEL,EQ,446.95,448.0,450.75,442.0,446.0,446.35,446.42,2438869,108877196255000.0,44140.0,338841.0,0.1389
2012-07-04,TATASTEEL,EQ,446.35,448.0,455.6,447.1,450.25,451.8,452.43,3127782,141509689230000.0,58130.0,798847.0,0.2554
2012-07-05,TATASTEEL,EQ,451.8,451.4,453.8,448.5,451.8,451.6,451.62,2089540,94367511905000.0,45034.0,500253.0,0.23940000000000003
2012-07-06,TATASTEEL,EQ,451.6,451.0,451.2,443.55,448.0,448.25,447.11,1897660,84846182755000.0,36303.0,510329.0,0.26890000000000003
2012-07-09,TATASTEEL,EQ,448.25,445.0,445.0,435.2,437.0,437.6,438.91,2083623,91452606255000.0,37055.0,548955.0,0.2635
2012-07-10,TATASTEEL,EQ,437.6,437.0,441.8,432.55,439.65,438.8,438.13,3775996,165439578785000.0,69889.0,1703764.0,0.4512
2012-07-11,TATASTEEL,EQ,438.8,437.05,443.35,435.1,435.55,436.0,438.33,3046521,133538459270000.0,79572.0,1167306.0,0.3832
2012-07-12,TATASTEEL,EQ,436.0,434.8,436.5,427.05,427.3,428.5,430.97,3517093,151576848445000.0,78343.0,1703808.0,0.4844
2012-07-13,TATASTEEL,EQ,428.5,430.0,433.0,424.1,425.85,425.0,428.08,3317195,142001466625000.0,80506.0,1461840.0,0.44070000000000004
2012-07-16,TATASTEEL,EQ,425.0,417.5,418.7,406.2,406.9,407.95,411.57,4011799,165113929600000.0,94005.0,1476502.0,0.368
2012-07-17,TATASTEEL,EQ,407.95,411.0,413.65,404.85,405.3,405.8,409.09,3394372,138859107800000.0,82698.0,1155941.0,0.34049999999999997
2012-07-18,TATASTEEL,EQ,405.8,405.0,413.75,404.3,411.3,411.65,409.77,3357695,137588303480000.0,70412.0,943008.0,0.2808
2012-07-19,TATASTEEL,EQ,411.65,416.0,416.9,412.75,415.1,414.45,414.95,2692690,111734224900000.0,50529.0,1223906.0,0.4545
2012-07-20,TATASTEEL,EQ,414.45,411.5,417.9,411.5,415.8,415.95,415.57,2338193,97167707630000.0,40175.0,751842.0,0.3215
2012-07-23,TATASTEEL,EQ,415.95,412.0,412.4,398.0,398.35,399.5,403.34,2928511,118118310270000.0,56017.0,1149846.0,0.3926
2012-07-24,TATASTEEL,EQ,399.5,399.35,402.45,393.9,398.35,396.85,397.66,3333255,132550505045000.0,62920.0,1166971.0,0.35009999999999997
2012-07-25,TATASTEEL,EQ,396.85,396.0,397.8,385.7,386.05,386.5,389.46,5145542,200399490575000.0,83616.0,2598507.0,0.505
2012-07-26,TATASTEEL,EQ,386.5,388.1,390.95,382.0,384.3,384.0,385.78,7446618,287275651915000.0,84256.0,3371658.0,0.45280000000000004
2012-07-27,TATASTEEL,EQ,384.0,390.0,402.8,389.65,400.9,399.15,398.05,5106658,203268334435000.0,84350.0,1800467.0,0.35259999999999997
2012-07-30,TATASTEEL,EQ,399.15,404.0,411.6,402.3,411.5,410.35,406.97,3444232,140168842195000.0,56103.0,1281693.0,0.37210000000000004
2012-07-31,TATASTEEL,EQ,410.35,411.25,416.65,401.0,415.2,414.45,409.16,4044625,165488786530000.0,67995.0,1571094.0,0.3884
2012-08-01,TATASTEEL,EQ,414.45,415.0,416.8,407.95,408.9,409.55,410.89,2994508,123041042655000.0,51115.0,1084801.0,0.36229999999999996
2012-08-02,TATASTEEL,EQ,409.55,409.1,410.35,402.6,406.0,405.95,405.57,3141358,127402497709999.98,61367.0,1139950.0,0.3629
2012-08-03,TATASTEEL,EQ,405.95,402.25,402.3,392.5,395.9,397.0,395.91,4108824,162673204885000.0,71714.0,1325507.0,0.3226
2012-08-06,TATASTEEL,EQ,397.0,404.0,408.8,401.25,403.2,404.3,405.47,3027315,122748528205000.0,62755.0,1100706.0,0.3636
2012-08-07,TATASTEEL,EQ,404.3,406.0,409.25,403.55,405.9,406.15,406.79,2709399,110214749805000.0,51207.0,941534.0,0.34750000000000003
2012-08-08,TATASTEEL,EQ,406.15,407.9,414.8,406.6,407.05,408.05,410.88,4525159,185931448475000.0,73581.0,1808306.0,0.3996
2012-08-09,TATASTEEL,EQ,408.05,405.85,409.9,402.3,406.95,406.3,405.98,4225662,171554452880000.0,84228.0,1485308.0,0.3515
2012-08-10,TATASTEEL,EQ,406.3,405.1,406.9,398.6,400.35,400.1,402.23,3006265,120920919900000.0,58316.0,1143473.0,0.3804
2012-08-13,TATASTEEL,EQ,400.1,401.0,401.15,391.5,395.5,395.45,395.46,4206718,166359076290000.0,88660.0,1303015.0,0.3097
2012-08-14,TATASTEEL,EQ,395.45,390.0,406.9,388.6,406.0,406.1,402.49,6586438,265098157460000.0,107131.0,1446674.0,0.21960000000000002
2012-08-16,TATASTEEL,EQ,406.1,406.1,409.4,397.2,397.8,398.25,400.67,4331443,173548749370000.0,90100.0,1664400.0,0.38430000000000003
2012-08-17,TATASTEEL,EQ,398.25,399.25,401.85,392.0,394.65,394.8,395.9,4503295,178287622230000.0,81360.0,1505066.0,0.3342
2012-08-21,TATASTEEL,EQ,394.8,395.0,397.5,387.0,392.0,392.1,391.55,5620290,220063634605000.03,83215.0,2599071.0,0.46240000000000003
2012-08-22,TATASTEEL,EQ,392.1,392.1,396.5,389.2,392.75,392.55,393.2,3790302,149036239220000.0,62323.0,1086057.0,0.2865
2012-08-23,TATASTEEL,EQ,392.55,395.9,403.4,395.0,399.0,398.55,399.65,4818977,192590256485000.0,85172.0,1763976.0,0.36600000000000005
2012-08-24,TATASTEEL,EQ,398.55,396.0,396.1,385.8,387.5,387.8,389.68,5394451,210209559310000.0,93162.0,2754787.0,0.5107
2012-08-27,TATASTEEL,EQ,387.8,390.5,391.4,384.5,384.95,385.65,387.7,3345238,129695384840000.02,53130.0,1055899.0,0.3156
2012-08-28,TATASTEEL,EQ,385.65,389.4,389.4,373.1,377.9,378.2,378.14,4610778,174350322860000.0,83012.0,1664431.0,0.36100000000000004
2012-08-29,TATASTEEL,EQ,378.2,375.5,379.25,373.0,374.85,374.4,375.61,2981233,111978926200000.0,51967.0,1017988.0,0.34149999999999997
2012-08-30,TATASTEEL,EQ,374.4,373.3,373.75,364.5,365.85,365.9,367.38,5615391,206296918470000.0,102152.0,2398231.0,0.42710000000000004
2012-08-31,TATASTEEL,EQ,365.9,366.0,368.6,358.1,360.5,361.4,362.47,4784156,173409627265000.0,86269.0,1305328.0,0.27280000000000004
2012-09-03,TATASTEEL,EQ,361.4,364.15,366.65,355.2,355.6,358.0,360.25,3653254,131609068134999.98,70318.0,957125.0,0.262
2012-09-04,TATASTEEL,EQ,358.0,357.7,364.95,355.55,363.45,363.7,362.01,3159091,114360968384999.98,54250.0,668908.0,0.21170000000000003
2012-09-05,TATASTEEL,EQ,363.7,360.6,361.7,348.55,348.8,349.9,353.5,5638941,199336196515000.0,96854.0,2227218.0,0.395
2012-09-06,TATASTEEL,EQ,349.9,350.7,353.9,347.25,351.2,351.25,351.16,4704997,165219865470000.0,75809.0,1574525.0,0.3346
2012-09-07,TATASTEEL,EQ,351.25,360.2,372.0,360.2,370.75,370.9,366.84,7130700,261581666735000.0,101730.0,2850554.0,0.3998
2012-09-08,TATASTEEL,EQ,370.9,372.1,375.0,371.15,375.0,373.85,373.08,693537,25874662745000.0,10657.0,263475.0,0.3799
2012-09-10,TATASTEEL,EQ,373.85,375.0,383.4,375.0,378.6,380.05,380.03,6092627,231536497285000.0,106186.0,2556478.0,0.41960000000000003
2012-09-11,TATASTEEL,EQ,380.05,378.2,379.2,374.25,376.45,376.95,376.74,2445657,92136482980000.0,40699.0,512660.0,0.2096
2012-09-12,TATASTEEL,EQ,376.95,381.95,388.0,376.2,387.9,387.15,383.23,4391523,168294786560000.0,66321.0,1071725.0,0.244
2012-09-13,TATASTEEL,EQ,387.15,388.0,390.45,382.25,386.0,387.6,387.05,3744845,144942958595000.0,78923.0,1345107.0,0.3592
2012-09-14,TATASTEEL,EQ,387.6,399.7,408.0,399.15,404.1,405.0,404.4,7504595,303484150630000.0,114779.0,3628083.0,0.48340000000000005
2012-09-17,TATASTEEL,EQ,405.0,410.0,415.15,404.05,408.55,409.95,411.53,6461578,265913058415000.0,113919.0,2859845.0,0.4426
2012-09-18,TATASTEEL,EQ,409.95,408.0,409.9,404.0,404.45,405.3,406.86,3292787,133970288990000.02,60274.0,1309848.0,0.39780000000000004
2012-09-20,TATASTEEL,EQ,405.3,401.0,401.85,392.0,392.6,393.1,396.42,3792668,150350196650000.0,68211.0,1272959.0,0.3356
2012-09-21,TATASTEEL,EQ,393.1,396.5,413.95,396.5,409.6,409.35,407.22,7042476,286785322905000.0,88641.0,3231211.0,0.45880000000000004
2012-09-24,TATASTEEL,EQ,409.35,409.5,414.9,404.5,404.5,406.7,410.74,4380349,179916728680000.0,68016.0,1704561.0,0.3891
2012-09-25,TATASTEEL,EQ,406.7,406.5,408.4,396.65,399.1,400.35,399.94,4220559,168798259125000.0,70975.0,1748525.0,0.4143
2012-09-26,TATASTEEL,EQ,400.35,398.1,405.0,394.1,394.6,396.2,398.48,4609958,183696959090000.0,75389.0,1678821.0,0.3642
2012-09-27,TATASTEEL,EQ,396.2,396.2,402.4,395.0,396.2,396.3,398.38,5039905,200777681070000.0,74773.0,2057363.0,0.4082
2012-09-28,TATASTEEL,EQ,396.3,401.0,409.6,398.8,400.35,400.9,405.16,5298624,214676874190000.0,79381.0,2142685.0,0.4044
2012-10-01,TATASTEEL,EQ,400.9,401.9,402.6,393.0,399.05,398.95,397.18,3768325,149670034475000.0,76483.0,957808.0,0.25420000000000004
2012-10-03,TATASTEEL,EQ,398.95,399.5,405.8,397.5,404.2,403.8,402.85,4246124,171055338855000.0,76949.0,1476206.0,0.34770000000000006
2012-10-04,TATASTEEL,EQ,403.8,406.8,412.7,405.5,408.45,409.0,409.68,5192361,212722645175000.0,91290.0,1772063.0,0.34130000000000005
2012-10-05,TATASTEEL,EQ,409.0,412.6,414.05,339.0,410.5,410.55,406.17,5846588,237470754450000.0,75220.0,1284603.0,0.2197
2012-10-08,TATASTEEL,EQ,410.55,409.0,417.9,405.8,406.65,407.65,412.19,7300548,300922986115000.0,97905.0,2224253.0,0.30469999999999997
2012-10-09,TATASTEEL,EQ,407.65,411.35,415.9,408.1,411.6,412.05,412.69,3590496,148175895730000.0,67552.0,961989.0,0.26789999999999997
2012-10-10,TATASTEEL,EQ,412.05,411.9,418.45,410.1,411.0,411.6,414.57,5006655,207561079530000.0,82894.0,918354.0,0.1834
2012-10-11,TATASTEEL,EQ,411.6,414.4,421.9,410.2,421.0,420.25,416.27,6000651,249787790610000.0,84566.0,2454403.0,0.409
2012-10-12,TATASTEEL,EQ,420.25,422.3,426.5,419.4,420.4,420.95,423.32,5237265,221706435600000.0,80089.0,1774471.0,0.33880000000000005
2012-10-15,TATASTEEL,EQ,420.95,420.05,422.55,416.0,419.25,418.9,419.0,3103484,130034686209999.98,57065.0,795232.0,0.25620000000000004
2012-10-16,TATASTEEL,EQ,418.9,421.8,422.85,407.15,407.85,409.1,414.42,2990844,123946182900000.0,49042.0,936549.0,0.3131
2012-10-17,TATASTEEL,EQ,409.1,414.9,414.9,404.2,405.8,407.2,407.9,3170677,129331850284999.98,61554.0,956705.0,0.3017
2012-10-18,TATASTEEL,EQ,407.2,409.4,412.5,405.8,411.8,411.75,409.86,4069348,166784831020000.0,59580.0,1619219.0,0.3979
2012-10-19,TATASTEEL,EQ,411.75,410.0,412.85,405.2,407.4,407.45,408.82,3094156,126495707550000.0,52743.0,1026980.0,0.3319
2012-10-22,TATASTEEL,EQ,407.45,405.2,410.4,403.1,408.35,407.85,407.36,2244380,91427027600000.0,39547.0,491703.0,0.21910000000000002
2012-10-23,TATASTEEL,EQ,407.85,404.0,409.9,403.65,404.9,404.4,406.26,1683734,68404036729999.99,33468.0,444623.0,0.2641
2012-10-25,TATASTEEL,EQ,404.4,405.1,406.8,397.9,399.45,398.8,401.15,4391193,176152013015000.0,55694.0,2119310.0,0.4826
2012-10-26,TATASTEEL,EQ,398.8,397.5,401.85,396.65,400.35,399.8,399.41,1939079,77448354100000.0,35960.0,467387.0,0.24100000000000002
2012-10-29,TATASTEEL,EQ,399.8,401.0,404.3,399.1,402.3,402.05,401.94,1878825,75517951805000.0,32017.0,499219.0,0.2657
2012-10-30,TATASTEEL,EQ,402.05,402.05,403.7,392.5,393.85,393.05,397.1,2127697,84491090650000.0,38700.0,702402.0,0.3301
2012-10-31,TATASTEEL,EQ,393.05,394.0,395.65,388.6,390.95,392.2,391.75,3827336,149936490855000.0,53641.0,1732468.0,0.45270000000000005
2012-11-01,TATASTEEL,EQ,392.2,393.0,399.9,392.0,396.95,397.45,395.84,2478064,98092203890000.0,45450.0,638449.0,0.2576
2012-11-02,TATASTEEL,EQ,397.45,400.4,403.95,398.5,402.9,402.35,401.97,2575748,103538067045000.0,40550.0,966651.0,0.3753
2012-11-05,TATASTEEL,EQ,402.35,399.1,399.75,395.5,397.7,397.65,397.37,1709374,67926105215000.0,30373.0,456519.0,0.2671
2012-11-06,TATASTEEL,EQ,397.65,394.1,399.7,393.85,399.5,398.95,396.29,2429129,96265128750000.0,50228.0,969524.0,0.39909999999999995
2012-11-07,TATASTEEL,EQ,398.95,396.6,404.9,396.6,402.15,401.95,403.05,2427516,97840415880000.0,36606.0,734781.0,0.3027
2012-11-08,TATASTEEL,EQ,401.95,399.5,404.75,396.6,404.15,403.95,401.95,2267666,91149853190000.0,38393.0,522831.0,0.2306
2012-11-09,TATASTEEL,EQ,403.95,404.2,408.75,385.5,388.25,390.55,398.43,5756792,229369455265000.0,80868.0,1213026.0,0.2107
2012-11-12,TATASTEEL,EQ,390.55,385.6,386.3,381.25,384.05,384.1,383.75,3787087,145327908680000.0,62575.0,1631304.0,0.4308
2012-11-13,TATASTEEL,EQ,384.1,385.9,387.5,384.1,385.4,385.9,386.17,748162,28891958730000.0,16385.0,424279.0,0.5671
2012-11-15,TATASTEEL,EQ,385.9,384.9,384.9,374.1,376.1,375.4,377.1,3370519,127101956775000.0,91118.0,1505679.0,0.44670000000000004
2012-11-16,TATASTEEL,EQ,375.4,375.0,379.9,369.15,370.2,370.1,375.36,3120228,117120176470000.0,59660.0,1444602.0,0.46299999999999997
2012-11-19,TATASTEEL,EQ,370.1,370.0,373.65,362.1,364.05,363.5,365.81,3631038,132825635855000.0,74709.0,1630902.0,0.44920000000000004
2012-11-20,TATASTEEL,EQ,363.5,368.0,368.3,359.1,360.65,360.55,363.32,3219581,116973790484999.98,62498.0,1156257.0,0.3591
2012-11-21,TATASTEEL,EQ,360.55,362.7,366.6,360.05,364.55,364.75,364.04,2352074,85624611640000.0,42831.0,704136.0,0.2994
2012-11-22,TATASTEEL,EQ,364.75,368.0,369.45,362.7,365.55,365.95,366.58,2956361,108374178034999.98,46816.0,1039736.0,0.3517
2012-11-23,TATASTEEL,EQ,365.95,366.75,368.35,361.25,364.4,364.85,364.71,2231589,81388855645000.0,36702.0,650102.0,0.2913
2012-11-26,TATASTEEL,EQ,364.85,365.25,374.2,365.25,371.05,371.85,371.8,2884771,107256481010000.0,51577.0,912913.0,0.3165
2012-11-27,TATASTEEL,EQ,371.85,375.0,378.9,373.35,376.55,375.95,376.35,3178454,119619662920000.0,51254.0,1500448.0,0.4721
2012-11-29,TATASTEEL,EQ,375.95,377.0,381.75,375.7,377.8,376.8,378.04,3962293,149792482025000.0,54266.0,1735037.0,0.4379
2012-11-30,TATASTEEL,EQ,376.8,376.8,387.8,376.8,386.7,386.2,384.89,4819776,185509677980000.0,66197.0,2325451.0,0.4825
2012-12-03,TATASTEEL,EQ,386.2,388.0,393.45,387.0,389.85,390.7,391.09,3458038,135239421780000.0,54342.0,1530784.0,0.44270000000000004
2012-12-04,TATASTEEL,EQ,390.7,391.0,392.35,386.7,390.2,390.15,389.6,2417125,94170860045000.0,41483.0,1022741.0,0.42310000000000003
2012-12-05,TATASTEEL,EQ,390.15,394.6,399.9,392.65,399.05,398.2,398.17,3956129,157520889260000.0,55830.0,1574390.0,0.39799999999999996
2012-12-06,TATASTEEL,EQ,398.2,399.6,403.9,392.3,399.35,399.8,398.05,2605609,103716355885000.0,45365.0,857466.0,0.32909999999999995
2012-12-07,TATASTEEL,EQ,399.8,402.5,403.95,392.1,392.8,394.25,396.78,3525537,139886906675000.0,56172.0,1166810.0,0.331
2012-12-10,TATASTEEL,EQ,394.25,395.0,400.9,394.55,400.5,400.3,399.0,2595402,103555401455000.0,40858.0,866256.0,0.33380000000000004
2012-12-11,TATASTEEL,EQ,400.3,402.65,402.9,392.7,396.0,396.1,397.61,3074445,122244299109999.98,48367.0,1168266.0,0.38
2012-12-12,TATASTEEL,EQ,396.1,396.9,400.3,394.4,394.45,395.45,396.58,3133701,124277155705000.0,59386.0,1491207.0,0.47590000000000005
2012-12-13,TATASTEEL,EQ,395.45,396.6,397.65,387.2,387.7,388.65,392.19,3060784,120040893159999.98,45062.0,1505012.0,0.4917
2012-12-14,TATASTEEL,EQ,388.65,389.0,400.05,387.0,400.0,397.0,393.35,2634937,103646311500000.0,42921.0,789877.0,0.2998
2012-12-17,TATASTEEL,EQ,397.0,398.5,402.4,395.35,398.45,399.05,398.9,3119320,124431216805000.0,52221.0,1260212.0,0.40399999999999997
2012-12-18,TATASTEEL,EQ,399.05,401.1,416.1,396.1,415.5,414.3,408.44,8339285,340606927200000.0,122677.0,3272567.0,0.3924
2012-12-19,TATASTEEL,EQ,414.3,417.9,424.9,416.05,423.35,424.1,421.56,8834738,372441222040000.0,122111.0,4830331.0,0.5467000000000001
2012-12-20,TATASTEEL,EQ,424.1,423.0,433.6,415.7,431.5,431.6,426.08,7697469,327976911045000.0,108321.0,2953984.0,0.38380000000000003
2012-12-21,TATASTEEL,EQ,431.6,428.3,436.5,424.95,428.7,430.7,431.16,5817399,250820536805000.03,86829.0,1822919.0,0.3134
2012-12-24,TATASTEEL,EQ,430.7,430.1,435.9,426.9,427.6,428.6,431.87,4990706,215534566494999.97,65048.0,1576182.0,0.31579999999999997
2012-12-26,TATASTEEL,EQ,428.6,429.0,433.8,427.7,429.6,429.9,430.83,2434579,104889575360000.0,38038.0,624751.0,0.2566
2012-12-27,TATASTEEL,EQ,429.9,433.0,436.85,430.0,430.65,430.75,433.23,4210526,182412186645000.0,61333.0,1159197.0,0.27530000000000004
2012-12-28,TATASTEEL,EQ,430.75,431.85,433.6,426.3,428.6,428.55,429.96,2833172,121814362334999.98,43191.0,781652.0,0.2759
2012-12-31,TATASTEEL,EQ,428.55,427.6,431.75,427.05,428.7,428.5,429.35,1836856,78864975070000.0,25597.0,584569.0,0.3182
2013-01-01,TATASTEEL,EQ,428.5,431.9,440.0,431.35,438.95,438.2,436.73,3104413,135580409150000.0,45350.0,899224.0,0.2897
2013-01-02,TATASTEEL,EQ,438.2,442.5,443.75,436.8,437.2,438.15,441.05,2596827,114532073165000.02,38773.0,890690.0,0.34299999999999997
2013-01-03,TATASTEEL,EQ,438.15,440.0,444.6,438.85,442.3,442.3,442.04,3284052,145168011675000.0,75718.0,1554163.0,0.4732
2013-01-04,TATASTEEL,EQ,442.3,441.0,441.0,430.0,433.55,433.5,434.01,3645031,158198023335000.0,51746.0,1610303.0,0.4418
2013-01-07,TATASTEEL,EQ,433.5,434.9,448.0,430.2,437.9,440.9,439.6,6852132,301220624875000.0,79064.0,2028913.0,0.2961
2013-01-08,TATASTEEL,EQ,440.9,439.8,440.05,430.1,433.2,433.35,433.79,3776387,163816551710000.0,56419.0,1060942.0,0.2809
2013-01-09,TATASTEEL,EQ,433.35,434.05,435.55,421.0,421.7,422.3,427.54,7470052,319377390945000.0,80929.0,3925104.0,0.5254
2013-01-10,TATASTEEL,EQ,422.3,424.95,426.85,418.25,419.55,420.5,422.05,4800696,202613403390000.0,91737.0,1737914.0,0.36200000000000004
2013-01-11,TATASTEEL,EQ,420.5,420.5,424.8,415.6,416.1,417.3,420.34,3351598,140881705020000.0,51510.0,835300.0,0.24920000000000003
2013-01-14,TATASTEEL,EQ,417.3,418.1,424.5,413.35,424.25,423.8,419.85,2788104,117057897809999.98,54197.0,771734.0,0.2768
2013-01-15,TATASTEEL,EQ,423.8,423.55,427.85,421.15,425.1,424.8,425.0,2983684,126805646445000.0,60558.0,1003127.0,0.3362
2013-01-16,TATASTEEL,EQ,424.8,421.5,423.7,413.6,415.05,414.95,418.67,2370957,99265431335000.0,35449.0,705136.0,0.2974
2013-01-17,TATASTEEL,EQ,414.95,411.35,420.5,408.85,419.0,418.7,415.1,4200789,174375799295000.0,66579.0,1263398.0,0.3008
2013-01-18,TATASTEEL,EQ,418.7,419.6,423.0,413.4,414.0,415.0,417.59,2706783,113031650475000.0,51427.0,638048.0,0.23570000000000002
2013-01-21,TATASTEEL,EQ,415.0,415.0,419.05,411.5,413.9,414.1,414.74,2550353,105773090705000.0,35732.0,673740.0,0.26420000000000005
2013-01-22,TATASTEEL,EQ,414.1,414.1,419.3,407.15,409.2,408.7,413.09,2556551,105609831380000.0,41983.0,730411.0,0.2857
2013-01-23,TATASTEEL,EQ,408.7,410.4,413.65,402.6,408.45,407.55,407.99,3093131,126196701730000.0,57204.0,850447.0,0.2749
2013-01-24,TATASTEEL,EQ,407.55,408.6,411.9,402.75,404.7,404.5,407.33,3137965,127817183750000.0,48493.0,794387.0,0.2532
2013-01-25,TATASTEEL,EQ,404.5,404.7,408.25,398.55,407.2,406.75,403.98,3390418,136967052959999.98,50398.0,752730.0,0.222
2013-01-28,TATASTEEL,EQ,406.75,407.7,410.4,404.65,405.1,405.65,407.29,2801911,114117689745000.0,43657.0,606185.0,0.2163
2013-01-29,TATASTEEL,EQ,405.65,405.8,411.4,397.1,397.75,399.0,404.62,3858378,156115950030000.0,61620.0,1055182.0,0.2735
2013-01-30,TATASTEEL,EQ,399.0,400.95,408.5,399.6,407.25,406.25,404.99,3481063,140978521060000.0,45775.0,1312907.0,0.3772
2013-01-31,TATASTEEL,EQ,406.25,405.0,407.1,401.45,407.1,404.9,404.03,2973740,120149360090000.02,44408.0,1127887.0,0.3793
2013-02-01,TATASTEEL,EQ,404.9,406.6,411.7,399.55,400.7,400.85,405.7,3255030,132057684920000.0,43296.0,1105147.0,0.3395
2013-02-04,TATASTEEL,EQ,400.85,403.0,404.45,394.15,395.35,395.05,399.7,3801163,151934308480000.0,60054.0,1830718.0,0.4816
2013-02-05,TATASTEEL,EQ,395.05,392.0,397.9,391.6,396.8,394.75,395.6,2919023,115477448580000.0,53622.0,1164877.0,0.39909999999999995
2013-02-06,TATASTEEL,EQ,394.75,396.4,402.8,396.4,396.7,397.45,399.44,3475443,138824787159999.98,49749.0,1128858.0,0.3248
2013-02-07,TATASTEEL,EQ,397.45,397.5,398.0,389.6,390.25,390.4,392.86,2676047,105131072450000.0,43640.0,920316.0,0.34390000000000004
2013-02-08,TATASTEEL,EQ,390.4,390.85,393.95,385.0,385.65,387.45,390.37,2988650,116668885150000.0,44807.0,1128981.0,0.3778
2013-02-11,TATASTEEL,EQ,387.45,390.05,390.4,384.05,384.35,384.8,386.17,2602408,100497989185000.0,52878.0,942670.0,0.3622
2013-02-12,TATASTEEL,EQ,384.8,385.1,387.5,382.2,384.5,384.9,384.73,2497948,96104094030000.0,37392.0,901524.0,0.36090000000000005
2013-02-13,TATASTEEL,EQ,384.9,385.1,387.7,375.1,375.3,376.0,381.23,4003991,152642621105000.0,61717.0,1076244.0,0.2688
2013-02-14,TATASTEEL,EQ,376.0,370.0,382.5,368.3,381.6,380.9,377.74,7140390,269719169555000.03,82054.0,2095487.0,0.29350000000000004
2013-02-15,TATASTEEL,EQ,380.9,378.0,382.3,371.8,376.05,376.1,376.28,3595803,135301289130000.0,51355.0,819784.0,0.228
2013-02-18,TATASTEEL,EQ,376.1,376.05,387.0,374.55,386.9,385.25,382.16,3763762,143835576780000.0,55167.0,915008.0,0.24309999999999998
2013-02-19,TATASTEEL,EQ,385.25,386.0,388.8,380.1,388.5,386.7,384.14,2639752,101403904035000.0,38766.0,510162.0,0.1933
2013-02-20,TATASTEEL,EQ,386.7,387.9,388.85,378.1,378.45,379.25,383.43,4103236,157331931750000.0,69942.0,1798710.0,0.43840000000000007
2013-02-21,TATASTEEL,EQ,379.25,375.85,375.85,363.5,363.7,363.9,368.39,5800017,213665462690000.0,105616.0,2553892.0,0.4403
2013-02-22,TATASTEEL,EQ,363.9,364.2,367.9,360.7,365.0,364.5,365.02,4945470,180521171440000.0,73947.0,2054829.0,0.4155
2013-02-25,TATASTEEL,EQ,364.5,365.75,368.4,359.75,361.6,360.7,363.62,3244738,117985373720000.0,51675.0,890397.0,0.27440000000000003
2013-02-26,TATASTEEL,EQ,360.7,360.0,360.2,348.5,348.55,349.45,352.85,4507193,159035277650000.0,74193.0,1687211.0,0.3743
2013-02-27,TATASTEEL,EQ,349.45,350.65,358.2,346.25,356.8,357.1,353.41,4715022,166635162710000.0,67208.0,1645001.0,0.3489
2013-02-28,TATASTEEL,EQ,357.1,359.05,360.5,338.0,345.15,341.5,346.63,7020141,243338107500000.0,89010.0,2990454.0,0.42600000000000005
2013-03-01,TATASTEEL,EQ,341.5,341.8,347.6,340.05,341.35,341.1,344.01,3219628,110759940045000.0,53383.0,1120725.0,0.3481
2013-03-04,TATASTEEL,EQ,341.1,340.0,340.3,333.35,334.6,334.7,336.0,3257375,109446912015000.02,55227.0,1183005.0,0.3632
2013-03-05,TATASTEEL,EQ,334.7,335.2,345.55,333.5,344.25,344.15,339.7,4705084,159832038300000.0,75696.0,1443609.0,0.3068
2013-03-06,TATASTEEL,EQ,344.15,347.1,356.5,343.1,353.3,352.75,351.05,4832742,169652715040000.0,76247.0,1539446.0,0.3185
2013-03-07,TATASTEEL,EQ,352.75,352.9,352.9,344.55,351.2,350.55,348.43,2984127,103974782185000.0,56267.0,587353.0,0.1968
2013-03-08,TATASTEEL,EQ,350.55,352.0,361.7,352.0,358.9,359.15,357.57,4796741,171518858280000.0,73746.0,1362754.0,0.2841
2013-03-11,TATASTEEL,EQ,359.15,358.6,362.85,354.55,358.7,359.35,358.82,3663114,131438441595000.0,65950.0,1002379.0,0.2736
2013-03-12,TATASTEEL,EQ,359.35,360.0,361.5,352.0,356.95,356.25,356.28,3406599,121368903495000.0,50229.0,769265.0,0.2258
2013-03-13,TATASTEEL,EQ,356.25,355.0,356.9,350.7,353.3,352.1,353.87,2399763,84919410620000.0,38002.0,356581.0,0.1486
2013-03-14,TATASTEEL,EQ,352.1,352.1,358.25,346.6,357.3,357.1,353.38,3071963,108556708755000.0,48809.0,477769.0,0.1555
2013-03-15,TATASTEEL,EQ,357.1,357.85,362.8,353.2,355.0,354.45,357.26,2785436,99512254305000.0,44171.0,496024.0,0.17809999999999998
2013-03-18,TATASTEEL,EQ,354.45,348.85,352.0,346.3,348.65,349.3,349.39,1997731,69797913050000.0,31236.0,383328.0,0.19190000000000002
2013-03-19,TATASTEEL,EQ,349.3,351.0,351.75,338.4,338.5,339.7,343.9,2816668,96864880480000.0,46483.0,832547.0,0.2956
2013-03-20,TATASTEEL,EQ,339.7,339.7,342.4,332.6,335.25,334.75,336.76,3071097,103421012170000.0,50959.0,907462.0,0.29550000000000004
2013-03-21,TATASTEEL,EQ,334.75,336.5,340.95,325.0,325.6,327.85,335.19,3404606,114117959959999.98,57500.0,807721.0,0.2372
2013-03-22,TATASTEEL,EQ,327.85,327.1,328.0,320.2,322.0,321.85,323.36,3812424,123278031245000.0,86532.0,1270467.0,0.3332
2013-03-25,TATASTEEL,EQ,321.85,328.0,328.3,313.1,313.75,314.4,320.2,4749184,152068534480000.0,80049.0,1556189.0,0.32770000000000005
2013-03-26,TATASTEEL,EQ,314.4,312.15,313.9,305.0,306.0,306.55,309.38,4553381,140874461080000.0,71503.0,1561798.0,0.34299999999999997
2013-03-28,TATASTEEL,EQ,306.55,305.5,317.4,300.7,312.3,312.85,308.94,13231667,408781416890000.0,119611.0,6130344.0,0.4633
2013-04-01,TATASTEEL,EQ,312.85,314.7,316.5,310.2,313.25,314.7,313.68,3261779,102315364515000.0,47685.0,687466.0,0.2108
2013-04-02,TATASTEEL,EQ,314.7,314.1,321.45,313.2,319.7,319.7,318.89,3408341,108688086065000.02,47643.0,756798.0,0.222
2013-04-03,TATASTEEL,EQ,319.7,318.8,325.3,315.65,316.4,316.85,321.09,3831884,123036164075000.0,51983.0,689411.0,0.17989999999999998
2013-04-04,TATASTEEL,EQ,316.85,315.1,315.5,303.05,304.95,304.35,308.23,4779874,147330273985000.0,66475.0,1627266.0,0.3404
2013-04-05,TATASTEEL,EQ,304.35,303.5,312.65,303.2,308.4,309.2,308.4,3985831,122922746555000.0,55237.0,782566.0,0.1963
2013-04-08,TATASTEEL,EQ,309.2,310.5,312.5,304.7,306.55,305.9,308.39,3332364,102765858695000.0,49071.0,714841.0,0.2145
2013-04-09,TATASTEEL,EQ,305.9,308.1,313.8,303.55,304.45,304.4,308.82,3865128,119364367725000.0,57975.0,715345.0,0.18510000000000001
2013-04-10,TATASTEEL,EQ,304.4,307.35,308.85,300.0,305.25,305.25,304.17,5713080,173774570630000.0,85920.0,1624509.0,0.2843
2013-04-11,TATASTEEL,EQ,305.25,308.0,308.4,297.7,298.2,298.5,301.76,6354199,191744795465000.0,91732.0,1721349.0,0.27090000000000003
2013-04-12,TATASTEEL,EQ,298.5,297.0,303.3,295.05,299.4,299.5,299.98,4985274,149546812885000.0,67534.0,1501259.0,0.3011
2013-04-15,TATASTEEL,EQ,299.5,298.0,298.0,293.7,293.7,294.45,295.76,3581539,105926143510000.0,51232.0,982709.0,0.27440000000000003
2013-04-16,TATASTEEL,EQ,294.45,294.45,300.7,292.5,297.85,298.35,297.03,6057908,179935109220000.0,84937.0,2268842.0,0.37450000000000006
2013-04-17,TATASTEEL,EQ,298.35,301.0,303.5,296.1,297.2,297.05,299.92,6527866,195780694975000.0,97162.0,2300781.0,0.3525
2013-04-18,TATASTEEL,EQ,297.05,297.2,302.5,293.8,299.15,299.8,297.72,5488155,163394694320000.0,77569.0,1672321.0,0.30469999999999997
2013-04-22,TATASTEEL,EQ,299.8,301.8,308.2,301.0,307.5,306.7,304.99,5309918,161949745975000.0,78907.0,1704562.0,0.321
2013-04-23,TATASTEEL,EQ,306.7,307.1,312.2,306.1,308.35,309.1,309.12,5032080,155552398235000.0,64768.0,1564236.0,0.3109
2013-04-25,TATASTEEL,EQ,309.1,310.25,314.45,310.0,312.55,312.55,312.19,4548116,141985652105000.0,53084.0,1565644.0,0.3442
2013-04-26,TATASTEEL,EQ,312.55,313.3,316.6,304.2,305.2,305.05,310.26,3594091,111509847265000.02,47057.0,1004168.0,0.27940000000000004
2013-04-29,TATASTEEL,EQ,305.05,305.5,306.7,301.1,302.4,302.45,303.24,2526448,76611638745000.0,35765.0,665388.0,0.2634
2013-04-30,TATASTEEL,EQ,302.45,304.9,307.4,297.7,303.85,302.75,302.37,4131603,124929174159999.98,57026.0,950168.0,0.23
2013-05-02,TATASTEEL,EQ,302.75,304.0,306.5,302.0,304.65,304.6,304.6,2831760,86254730560000.0,42317.0,747571.0,0.264
2013-05-03,TATASTEEL,EQ,304.6,303.5,314.4,301.05,311.35,311.2,309.44,5365659,166032628895000.0,72739.0,1634256.0,0.30460000000000004
2013-05-06,TATASTEEL,EQ,311.2,313.35,323.3,313.0,322.5,322.55,319.93,5891252,188478279945000.0,89451.0,1833405.0,0.31120000000000003
2013-05-07,TATASTEEL,EQ,322.55,324.2,326.4,320.0,325.55,324.7,323.7,5033009,162920740035000.0,60030.0,1614756.0,0.3208
2013-05-08,TATASTEEL,EQ,324.7,326.25,326.8,316.3,319.0,318.65,320.6,5171894,165808368155000.0,61527.0,1717716.0,0.3321
2013-05-09,TATASTEEL,EQ,318.65,319.7,321.9,314.8,316.95,316.1,318.25,3136595,99823633900000.0,52283.0,705737.0,0.225
2013-05-10,TATASTEEL,EQ,316.1,316.95,320.4,315.1,318.25,318.5,317.96,2829411,89965305025000.0,33974.0,488512.0,0.1727
2013-05-11,TATASTEEL,EQ,318.5,319.0,319.9,318.0,318.4,318.7,318.9,182870,5831720650000.0,2796.0,60699.0,0.3319
2013-05-13,TATASTEEL,EQ,318.7,318.9,321.25,305.0,305.6,305.6,311.67,4056183,126419211630000.0,68232.0,1415363.0,0.3489
2013-05-14,TATASTEEL,EQ,305.6,302.8,306.7,296.5,303.7,303.9,302.16,6211753,187691647065000.0,87407.0,1233617.0,0.1986
2013-05-15,TATASTEEL,EQ,303.9,305.0,309.8,305.0,308.3,308.3,307.67,3776469,116189027220000.0,52210.0,1290539.0,0.3417
2013-05-16,TATASTEEL,EQ,308.3,308.3,314.6,307.6,311.8,311.8,312.17,4422382,138053512670000.0,95095.0,1391316.0,0.3146
2013-05-17,TATASTEEL,EQ,311.8,312.7,313.45,308.5,311.8,311.85,311.41,3170560,98735989675000.0,46833.0,1147260.0,0.3618
2013-05-20,TATASTEEL,EQ,311.85,312.9,319.7,312.5,315.0,315.35,316.71,4090302,129543927125000.0,54470.0,1461370.0,0.35729999999999995
2013-05-21,TATASTEEL,EQ,315.35,315.0,316.5,306.7,306.9,308.6,311.14,2972894,92499042675000.0,45882.0,841577.0,0.2831
2013-05-22,TATASTEEL,EQ,308.6,307.35,313.5,304.1,306.9,305.95,309.07,3317193,102524944570000.0,46454.0,650735.0,0.1962
2013-05-23,TATASTEEL,EQ,305.95,305.0,310.5,295.35,302.0,299.55,303.26,8492600,257547671540000.0,99951.0,2627599.0,0.3094
2013-05-24,TATASTEEL,EQ,299.55,310.15,319.5,306.5,313.85,313.0,313.04,11516072,360499672690000.0,142977.0,3515851.0,0.3053
2013-05-27,TATASTEEL,EQ,313.0,313.1,318.65,310.8,316.6,317.15,314.42,3704044,116464222965000.02,55060.0,920600.0,0.24850000000000003
2013-05-28,TATASTEEL,EQ,317.15,316.05,323.8,316.05,322.8,321.8,320.65,5223298,167482569035000.0,99146.0,1767619.0,0.33840000000000003
2013-05-29,TATASTEEL,EQ,321.8,321.7,322.9,312.5,313.0,314.55,316.6,3606565,114182688355000.0,85779.0,1357546.0,0.3764
2013-05-30,TATASTEEL,EQ,314.55,313.05,313.05,300.75,302.6,301.65,304.8,6412633,195457021345000.0,68051.0,3814232.0,0.5948
2013-05-31,TATASTEEL,EQ,301.65,303.75,303.75,290.1,292.1,291.75,296.41,6769928,200665802800000.0,103253.0,2980798.0,0.4403
2013-06-03,TATASTEEL,EQ,291.75,293.5,297.8,290.05,297.5,296.5,293.58,4360020,128000623300000.0,73543.0,1375035.0,0.3154
2013-06-04,TATASTEEL,EQ,296.5,297.2,302.4,297.1,298.55,298.75,299.71,3837171,115002704634999.98,57324.0,1104083.0,0.2877
2013-06-05,TATASTEEL,EQ,298.75,297.7,302.4,296.3,299.15,299.1,299.2,3338223,99878580135000.0,47952.0,827577.0,0.2479
2013-06-06,TATASTEEL,EQ,299.1,297.0,297.0,293.25,295.1,295.3,295.21,3436273,101442384990000.0,59844.0,1122294.0,0.32659999999999995
2013-06-07,TATASTEEL,EQ,295.3,294.0,298.4,291.25,292.5,292.05,295.13,2755503,81323184960000.0,44582.0,879360.0,0.3191
2013-06-10,TATASTEEL,EQ,292.05,292.5,295.9,288.6,291.7,290.6,292.48,2640843,77238140110000.0,48125.0,583822.0,0.2211
2013-06-11,TATASTEEL,EQ,290.6,288.0,289.45,277.75,281.6,281.2,283.05,4914110,139092111380000.0,70578.0,1262872.0,0.257
2013-06-12,TATASTEEL,EQ,281.2,280.15,281.25,272.8,273.45,273.75,275.82,5247372,144733689135000.0,74850.0,1838330.0,0.3503
2013-06-13,TATASTEEL,EQ,273.75,271.0,279.7,264.5,264.7,266.15,272.11,6212643,169051086170000.0,87750.0,1593888.0,0.2566
2013-06-14,TATASTEEL,EQ,266.15,269.4,276.45,269.05,273.8,274.15,273.63,4015922,109889607475000.0,64341.0,1059216.0,0.2638
2013-06-17,TATASTEEL,EQ,274.15,275.05,277.9,269.3,277.5,277.05,274.33,3426709,94003303445000.0,53081.0,651796.0,0.1902
2013-06-18,TATASTEEL,EQ,277.05,275.75,288.3,273.7,284.4,285.1,281.93,5669152,159831307330000.0,78573.0,1634639.0,0.2883
2013-06-19,TATASTEEL,EQ,285.1,285.1,293.6,282.95,290.25,291.1,289.63,7120144,206218212960000.0,87698.0,2712987.0,0.381
2013-06-20,TATASTEEL,EQ,291.1,285.8,285.85,270.8,270.8,272.55,276.3,7302986,201779855120000.0,86542.0,3247230.0,0.4446
2013-06-21,TATASTEEL,EQ,272.55,272.4,276.45,265.55,272.05,272.05,271.44,5561477,150960224505000.0,79502.0,1597456.0,0.2872
2013-06-24,TATASTEEL,EQ,272.05,270.2,275.4,265.6,266.5,266.65,270.36,5435622,146955437890000.0,61307.0,2149604.0,0.39549999999999996
2013-06-25,TATASTEEL,EQ,266.65,266.5,270.35,262.3,265.5,266.45,267.0,5200901,138865041490000.02,97536.0,1482948.0,0.2851
2013-06-26,TATASTEEL,EQ,266.45,269.0,269.5,262.6,263.1,264.6,266.96,4283058,114341710825000.0,73305.0,1454270.0,0.3395
2013-06-27,TATASTEEL,EQ,264.6,269.0,269.75,261.35,264.3,264.15,264.76,4931799,130573784570000.0,66195.0,2100297.0,0.42590000000000006
2013-06-28,TATASTEEL,EQ,264.15,267.0,274.1,267.0,273.9,273.75,272.2,6138188,167084499405000.0,69058.0,3518387.0,0.5732
2013-07-01,TATASTEEL,EQ,273.75,272.1,282.7,272.1,280.3,280.7,278.78,4388115,122333057990000.02,61641.0,1731818.0,0.3947
2013-07-02,TATASTEEL,EQ,280.7,281.7,286.3,280.0,281.75,281.95,283.37,4176810,118358535525000.0,54790.0,1300372.0,0.3113
2013-07-03,TATASTEEL,EQ,281.95,279.1,279.2,268.55,269.1,269.55,271.48,3954829,107363798030000.0,59272.0,1608928.0,0.4068
2013-07-04,TATASTEEL,EQ,269.55,273.0,273.4,263.4,264.95,264.8,267.56,4596343,122980791220000.0,56082.0,1021203.0,0.22219999999999998
2013-07-05,TATASTEEL,EQ,264.8,268.5,269.85,263.6,264.1,264.7,266.47,3369605,89789243425000.0,43836.0,676115.0,0.20070000000000002
2013-07-08,TATASTEEL,EQ,264.7,262.9,262.9,258.0,259.95,259.9,259.81,3904653,101447735360000.0,50341.0,1464828.0,0.3751
2013-07-09,TATASTEEL,EQ,259.9,262.6,264.1,260.15,260.95,261.65,262.02,3390559,88839201210000.0,41420.0,1139625.0,0.3361
2013-07-10,TATASTEEL,EQ,261.65,263.0,263.05,255.25,255.55,256.2,257.37,4915351,126506810980000.0,62046.0,1141999.0,0.2323
2013-07-11,TATASTEEL,EQ,256.2,262.0,265.35,259.1,260.8,261.05,262.09,5420182,142056405330000.0,76571.0,2041656.0,0.37670000000000003
2013-07-12,TATASTEEL,EQ,261.05,261.5,264.0,258.5,263.3,262.65,261.26,3713225,97012774665000.0,47359.0,1102835.0,0.297
2013-07-15,TATASTEEL,EQ,262.65,254.5,259.5,251.9,257.05,257.45,256.04,5057149,129483062695000.0,69197.0,1073129.0,0.2122
2013-07-16,TATASTEEL,EQ,257.45,253.4,256.1,250.7,251.2,251.6,252.74,3191117,80652964935000.0,45581.0,1007376.0,0.31570000000000004
2013-07-17,TATASTEEL,EQ,251.6,251.6,253.45,242.2,242.95,243.2,246.51,4426696,109121279365000.02,58233.0,1550646.0,0.3503
2013-07-18,TATASTEEL,EQ,243.2,243.35,245.6,239.65,244.7,244.7,242.8,3754145,91150409575000.0,54139.0,946708.0,0.2522
2013-07-19,TATASTEEL,EQ,244.7,244.55,248.2,240.0,240.1,241.0,243.32,4484098,109106538795000.0,57795.0,1466419.0,0.327
2013-07-22,TATASTEEL,EQ,241.0,240.95,241.0,233.15,233.2,233.8,236.85,4682819,110912312995000.0,56729.0,1813491.0,0.3873
2013-07-23,TATASTEEL,EQ,233.8,239.95,239.95,233.1,234.2,234.6,235.67,4285963,101008602170000.0,55381.0,1266632.0,0.29550000000000004
2013-07-24,TATASTEEL,EQ,234.6,233.7,235.95,228.6,229.0,229.6,230.99,4019808,92852992845000.0,46118.0,1481259.0,0.3685
2013-07-25,TATASTEEL,EQ,229.6,227.8,230.45,222.0,222.7,222.85,226.46,5074926,114925553920000.0,55866.0,1971563.0,0.3885
2013-07-26,TATASTEEL,EQ,222.85,223.5,226.45,216.65,219.4,218.9,221.04,3588581,79323034905000.0,45586.0,787235.0,0.2194
2013-07-29,TATASTEEL,EQ,218.9,218.2,224.25,214.2,214.5,215.4,219.18,6006319,131648202834999.98,79669.0,1820120.0,0.303
2013-07-30,TATASTEEL,EQ,215.4,215.4,217.3,207.5,209.75,209.4,212.39,4186353,88914293080000.0,52962.0,1034482.0,0.24710000000000001
2013-07-31,TATASTEEL,EQ,209.4,208.1,217.7,202.35,216.85,215.7,209.15,6266531,131067178000000.0,79495.0,1795677.0,0.2866
2013-08-01,TATASTEEL,EQ,215.7,217.25,219.6,207.15,210.3,210.15,212.73,4609468,98058852050000.0,54367.0,883122.0,0.1916
2013-08-02,TATASTEEL,EQ,210.15,210.35,212.2,201.2,201.55,202.35,204.99,4531595,92893223290000.0,57179.0,1190489.0,0.2627
2013-08-05,TATASTEEL,EQ,202.35,202.35,209.4,198.2,207.65,207.9,204.45,4592691,93896351795000.0,61391.0,840977.0,0.18309999999999998
2013-08-06,TATASTEEL,EQ,207.9,206.0,206.0,196.8,197.2,198.25,199.6,5125749,102307443710000.0,62375.0,1403275.0,0.2738
2013-08-07,TATASTEEL,EQ,198.25,197.5,208.9,195.3,208.4,207.95,202.78,5626169,114088582975000.0,70357.0,1135964.0,0.20190000000000002
2013-08-08,TATASTEEL,EQ,207.95,208.05,221.05,206.75,219.85,218.8,214.46,6957177,149205771815000.0,81057.0,2004127.0,0.28809999999999997
2013-08-12,TATASTEEL,EQ,218.8,220.8,239.45,220.65,235.6,236.55,233.94,12247751,286528240315000.0,139190.0,3967396.0,0.3239
2013-08-13,TATASTEEL,EQ,236.55,233.9,243.5,231.65,241.0,241.4,238.44,9408411,224337660365000.0,111822.0,2919258.0,0.3103
2013-08-14,TATASTEEL,EQ,241.4,263.0,263.0,246.2,249.25,250.1,253.69,19962917,506442606705000.0,210769.0,5832933.0,0.2922
2013-08-16,TATASTEEL,EQ,250.1,249.0,249.3,231.7,232.9,235.35,240.82,8092049,194873399460000.0,95136.0,2291211.0,0.2831
2013-08-19,TATASTEEL,EQ,235.35,230.0,248.95,223.65,247.05,246.85,240.3,13399311,321979045650000.0,146894.0,2649672.0,0.1977
2013-08-20,TATASTEEL,EQ,246.85,243.75,258.8,239.7,256.05,257.0,251.22,10818028,271773109619999.97,142356.0,2185854.0,0.2021
2013-08-21,TATASTEEL,EQ,257.0,260.0,262.9,244.25,248.3,248.15,256.43,11775972,301971161085000.0,124319.0,3374043.0,0.2865
2013-08-22,TATASTEEL,EQ,248.15,248.0,275.9,245.6,273.0,274.1,265.57,15196414,403564813970000.0,187782.0,4313134.0,0.2838
2013-08-23,TATASTEEL,EQ,274.1,275.85,284.0,270.1,280.8,282.3,276.93,14585124,403903218100000.0,224194.0,3982864.0,0.2731
2013-08-26,TATASTEEL,EQ,282.3,284.05,285.4,273.6,276.45,277.15,279.57,10347770,289291192695000.0,147788.0,2253739.0,0.21780000000000002
2013-08-27,TATASTEEL,EQ,277.15,275.0,279.75,271.1,272.7,272.3,274.27,7055057,193495833810000.0,88968.0,778002.0,0.1103
2013-08-28,TATASTEEL,EQ,272.3,269.9,283.25,265.1,279.8,279.0,273.95,9746215,266994262825000.0,120282.0,2511645.0,0.2577
2013-08-29,TATASTEEL,EQ,279.0,282.45,284.5,276.0,278.4,278.35,279.85,8201135,229509512144999.97,100131.0,2736371.0,0.3337
2013-08-30,TATASTEEL,EQ,278.35,280.0,289.6,270.0,271.3,274.0,280.82,12193614,342425800535000.0,135608.0,3009515.0,0.2468
2013-09-02,TATASTEEL,EQ,274.0,275.05,291.0,274.5,290.7,289.4,284.52,8530132,242698560810000.0,126688.0,2224844.0,0.2608
2013-09-03,TATASTEEL,EQ,289.4,292.8,295.35,279.6,281.1,281.3,287.0,10525115,302074103200000.0,132948.0,2730835.0,0.2595
2013-09-04,TATASTEEL,EQ,281.3,282.45,291.75,279.45,289.45,289.9,287.23,6261088,179834989380000.0,77783.0,1486154.0,0.2374
2013-09-05,TATASTEEL,EQ,289.9,294.85,296.35,285.0,289.0,288.65,289.1,6472868,187133179960000.0,87171.0,1201903.0,0.1857
2013-09-06,TATASTEEL,EQ,288.65,290.2,294.9,283.5,292.95,292.15,290.3,6032951,175134905960000.0,97673.0,1326488.0,0.21989999999999998
2013-09-10,TATASTEEL,EQ,292.15,296.3,302.0,293.35,300.2,300.6,297.86,6153513,183287854875000.0,103876.0,1851574.0,0.3009
2013-09-11,TATASTEEL,EQ,300.6,302.0,318.8,298.5,314.1,315.7,309.98,9079673,281450166925000.0,121695.0,2390493.0,0.2633
2013-09-12,TATASTEEL,EQ,315.7,313.9,317.5,301.35,301.55,302.75,309.71,6633422,205441491060000.0,82324.0,1695630.0,0.2556
2013-09-13,TATASTEEL,EQ,302.75,302.6,305.8,296.4,297.55,298.3,300.8,7290432,219294662669999.97,102556.0,2139096.0,0.2934
2013-09-16,TATASTEEL,EQ,298.3,304.5,306.85,289.45,292.65,291.6,296.6,5553675,164723703870000.0,76354.0,1184898.0,0.2134
2013-09-17,TATASTEEL,EQ,291.6,290.1,292.45,284.9,289.1,288.2,288.4,7358388,212217553445000.0,80283.0,2517264.0,0.3421
2013-09-18,TATASTEEL,EQ,288.2,289.9,291.85,285.6,291.4,290.2,288.24,3446550,99345012395000.0,57894.0,779970.0,0.2263
2013-09-19,TATASTEEL,EQ,290.2,300.1,313.5,298.0,310.1,310.6,306.71,7430487,227897147915000.0,103659.0,2745110.0,0.3694
2013-09-20,TATASTEEL,EQ,310.6,310.0,310.3,295.1,299.95,300.0,302.53,8233883,249096013569999.97,88351.0,2626692.0,0.319
2013-09-23,TATASTEEL,EQ,300.0,297.9,303.8,290.8,293.25,293.5,296.16,4487139,132891589930000.0,72768.0,1137604.0,0.2535
2013-09-24,TATASTEEL,EQ,293.5,291.5,297.2,290.1,293.35,292.55,293.61,3992433,117223268370000.0,68996.0,1138771.0,0.2852
2013-09-25,TATASTEEL,EQ,292.55,294.0,295.2,286.25,291.85,291.1,290.15,3746675,108711134630000.0,55273.0,924699.0,0.2468
2013-09-26,TATASTEEL,EQ,291.1,290.75,301.5,290.15,301.3,299.9,297.74,6551564,195065824725000.0,82256.0,2211549.0,0.3376
2013-09-27,TATASTEEL,EQ,299.9,299.9,303.0,286.0,286.35,287.4,293.26,5317070,155930757870000.0,65058.0,1731540.0,0.3257
2013-09-30,TATASTEEL,EQ,287.4,284.4,284.4,266.15,272.35,271.55,272.49,10382280,282904681275000.0,154132.0,3923765.0,0.3779
2013-10-01,TATASTEEL,EQ,271.55,274.25,278.5,268.85,275.75,275.75,274.3,6134646,168274928360000.0,101526.0,1108691.0,0.1807
2013-10-03,TATASTEEL,EQ,275.75,276.45,289.45,276.45,285.65,285.85,285.23,6538898,186507155825000.0,88154.0,1811773.0,0.2771
2013-10-04,TATASTEEL,EQ,285.85,283.95,294.2,282.15,289.15,288.45,288.23,6346680,182929578115000.0,84726.0,1206148.0,0.19
2013-10-07,TATASTEEL,EQ,288.45,288.0,301.8,286.4,301.45,300.4,295.82,7197347,212914695565000.0,103571.0,1604877.0,0.223
2013-10-08,TATASTEEL,EQ,300.4,304.35,305.65,295.65,296.25,296.8,299.33,5332763,159625253025000.0,68818.0,1010754.0,0.1895
2013-10-09,TATASTEEL,EQ,296.8,292.0,304.95,292.0,304.6,303.25,300.77,5603208,168526191465000.0,76702.0,1386272.0,0.24739999999999998
2013-10-10,TATASTEEL,EQ,303.25,305.7,311.0,305.0,307.8,308.6,308.38,5944654,183321912215000.0,80117.0,1254928.0,0.2111
2013-10-11,TATASTEEL,EQ,308.6,311.7,313.25,304.0,307.45,307.9,307.67,4894475,150588176885000.0,61885.0,1451312.0,0.2965
2013-10-14,TATASTEEL,EQ,307.9,308.0,309.0,300.7,301.85,301.6,303.21,3919119,118831885165000.02,47333.0,909117.0,0.23199999999999998
2013-10-15,TATASTEEL,EQ,301.6,303.0,313.25,300.75,310.8,310.5,308.97,7864895,243000559900000.0,104894.0,1351978.0,0.17190000000000003
2013-10-17,TATASTEEL,EQ,310.5,311.0,316.45,308.85,309.6,310.1,313.23,6141072,192357946685000.0,87488.0,1954464.0,0.31829999999999997
2013-10-18,TATASTEEL,EQ,310.1,312.8,330.0,310.8,329.0,328.9,323.36,13131437,424622576915000.0,167782.0,4238523.0,0.32280000000000003
2013-10-21,TATASTEEL,EQ,328.9,329.0,338.5,329.0,336.05,336.1,334.49,7183759,240287746019999.97,118808.0,1809174.0,0.2518
2013-10-22,TATASTEEL,EQ,336.1,337.0,343.4,334.5,340.4,339.95,339.92,5827441,198086950985000.0,85967.0,898187.0,0.15410000000000001
2013-10-23,TATASTEEL,EQ,339.95,340.7,343.9,331.1,334.5,335.2,337.4,6709509,226380292010000.0,90387.0,1890408.0,0.2818
2013-10-24,TATASTEEL,EQ,335.2,333.0,340.9,329.7,331.8,332.15,335.53,4996260,167640744175000.0,69118.0,827005.0,0.1655
2013-10-25,TATASTEEL,EQ,332.15,330.15,330.8,321.1,321.85,321.85,324.92,5506656,178924270000000.0,78393.0,1623996.0,0.2949
2013-10-28,TATASTEEL,EQ,321.85,325.0,327.4,311.35,311.5,312.3,317.49,6896640,218960530550000.0,78292.0,2635975.0,0.3822
2013-10-29,TATASTEEL,EQ,312.3,311.0,327.25,308.7,327.0,325.85,319.54,7791933,248981440115000.0,115539.0,1884548.0,0.24190000000000003
2013-10-30,TATASTEEL,EQ,325.85,328.0,329.9,321.15,326.7,326.6,325.95,4944868,161175529235000.0,74706.0,1025164.0,0.2073
2013-10-31,TATASTEEL,EQ,326.6,325.6,338.3,324.15,337.05,334.9,331.82,6259016,207689419410000.0,75505.0,2166867.0,0.3462
2013-11-01,TATASTEEL,EQ,334.9,335.0,341.8,332.55,335.3,336.15,337.23,4538791,153062442410000.0,66478.0,975913.0,0.215
2013-11-03,TATASTEEL,EQ,336.15,338.0,341.0,338.0,338.1,338.85,339.38,929328,31539532110000.004,16028.0,342270.0,0.3683
2013-11-05,TATASTEEL,EQ,338.85,339.4,344.85,331.65,339.0,338.95,338.47,4456687,150844173450000.0,75540.0,972510.0,0.2182
2013-11-06,TATASTEEL,EQ,338.95,340.3,341.7,332.4,334.05,333.3,336.34,4337094,145873255270000.0,62438.0,1369455.0,0.31579999999999997
2013-11-07,TATASTEEL,EQ,333.3,332.25,349.9,332.25,347.55,345.8,344.33,9786753,336983925525000.0,112436.0,1725406.0,0.17629999999999998
2013-11-08,TATASTEEL,EQ,345.8,345.9,356.85,345.55,355.9,355.75,352.97,7856239,277304808635000.0,112051.0,1592394.0,0.2027
2013-11-11,TATASTEEL,EQ,355.75,355.8,365.55,352.25,360.75,360.8,359.74,7566883,272213494715000.0,96790.0,2214137.0,0.2926
2013-11-12,TATASTEEL,EQ,360.8,362.0,363.5,350.1,353.7,352.45,354.48,7567835,268265568980000.03,103401.0,2875725.0,0.38
2013-11-13,TATASTEEL,EQ,352.45,350.3,363.9,350.3,363.1,357.75,356.8,8165099,291328915400000.0,91766.0,2684273.0,0.3287
2013-11-14,TATASTEEL,EQ,357.75,368.0,376.85,359.1,375.05,375.35,369.64,16785986,620483213590000.0,200095.0,4979908.0,0.2967
2013-11-18,TATASTEEL,EQ,375.35,379.0,387.95,378.35,387.7,386.8,383.61,7386261,283342756380000.0,103831.0,2575070.0,0.3486
2013-11-19,TATASTEEL,EQ,386.8,388.1,391.55,380.2,382.1,383.25,384.75,9549355,367408108200000.0,129172.0,3587856.0,0.37570000000000003
2013-11-20,TATASTEEL,EQ,383.25,382.8,388.85,379.4,382.65,385.0,383.97,7232982,277725766169999.97,103900.0,2416777.0,0.33409999999999995
2013-11-21,TATASTEEL,EQ,385.0,382.95,384.9,377.0,384.1,382.6,381.3,6331806,241430857935000.0,91345.0,1834009.0,0.2897
2013-11-22,TATASTEEL,EQ,382.6,383.9,395.5,383.6,395.35,392.45,389.43,7614953,296551438575000.0,98982.0,2598993.0,0.34130000000000005
2013-11-25,TATASTEEL,EQ,392.45,394.1,399.0,393.35,397.7,397.95,396.34,4762312,188749387580000.0,78294.0,941545.0,0.1977
2013-11-26,TATASTEEL,EQ,397.95,396.2,397.95,389.5,391.2,391.75,392.27,4901686,192276463995000.0,76826.0,1681063.0,0.34299999999999997
2013-11-27,TATASTEEL,EQ,391.75,392.0,395.95,387.85,395.7,394.75,392.59,4104073,161121096205000.0,72018.0,1148569.0,0.2799
2013-11-28,TATASTEEL,EQ,394.75,395.9,403.7,395.5,403.5,400.9,399.31,4635333,185094856925000.0,62239.0,1583905.0,0.3417
2013-11-29,TATASTEEL,EQ,400.9,402.0,405.4,398.6,400.6,400.6,401.99,3549758,142697999885000.0,47701.0,815279.0,0.2297
2013-12-02,TATASTEEL,EQ,400.6,400.1,409.9,396.0,407.8,408.3,404.48,5921391,239506174160000.0,95465.0,969734.0,0.1638
2013-12-03,TATASTEEL,EQ,408.3,407.0,411.7,405.1,409.45,409.8,408.63,5769013,235740042369999.97,84824.0,2095480.0,0.3632
2013-12-04,TATASTEEL,EQ,409.8,409.0,415.7,408.0,415.25,413.95,412.93,4210852,173878942975000.0,65534.0,1151911.0,0.2736
2013-12-05,TATASTEEL,EQ,413.95,419.15,422.3,416.3,421.1,421.4,420.03,5566862,233824239090000.0,65931.0,2536090.0,0.4556
2013-12-06,TATASTEEL,EQ,421.4,421.0,424.0,418.0,423.15,422.7,420.93,4156106,174943521955000.0,75829.0,1589802.0,0.3825
2013-12-09,TATASTEEL,EQ,422.7,430.0,431.95,419.95,420.1,420.95,422.43,5017564,211957641375000.0,68907.0,1960831.0,0.3908
2013-12-10,TATASTEEL,EQ,420.95,420.0,424.9,417.55,423.0,423.3,421.46,4767109,200916375455000.0,70792.0,1535168.0,0.322
2013-12-11,TATASTEEL,EQ,423.3,421.95,424.85,416.0,421.0,418.25,419.57,6704452,281301449505000.03,74343.0,3755459.0,0.5601
2013-12-12,TATASTEEL,EQ,418.25,414.9,417.25,411.5,412.8,412.75,413.48,5857725,242208106430000.03,79684.0,3526910.0,0.6021
2013-12-13,TATASTEEL,EQ,412.75,409.9,416.65,409.1,416.45,415.15,413.57,6141216,253981737480000.03,85823.0,2948268.0,0.48009999999999997
2013-12-16,TATASTEEL,EQ,415.15,415.15,420.2,407.25,408.65,408.9,411.3,4647933,191170940450000.0,61260.0,1073789.0,0.231
2013-12-17,TATASTEEL,EQ,408.9,409.35,413.15,406.0,408.6,408.7,409.13,3512475,143704821555000.0,48212.0,980178.0,0.2791
2013-12-18,TATASTEEL,EQ,408.7,408.8,416.45,407.85,415.95,414.9,413.24,3016199,124641514480000.0,42292.0,807642.0,0.26780000000000004
2013-12-19,TATASTEEL,EQ,414.9,418.0,419.2,409.2,411.1,410.8,413.11,3505961,144836354135000.0,63837.0,913888.0,0.2607
2013-12-20,TATASTEEL,EQ,410.8,410.8,418.85,410.35,417.5,417.95,415.36,2703973,112312736615000.02,48819.0,997337.0,0.3688
2013-12-23,TATASTEEL,EQ,417.95,418.0,426.8,417.2,423.0,423.15,423.35,2704771,114506591825000.0,47343.0,881883.0,0.326
2013-12-24,TATASTEEL,EQ,423.15,424.0,425.35,416.65,418.45,418.4,419.75,2308999,96919223515000.0,36869.0,802042.0,0.34740000000000004
2013-12-26,TATASTEEL,EQ,418.4,418.1,427.0,416.3,425.7,425.35,422.35,4003733,169098338465000.0,50223.0,1813737.0,0.45299999999999996
2013-12-27,TATASTEEL,EQ,425.35,425.35,428.1,423.0,424.75,425.05,425.22,2475556,105264651430000.0,41393.0,695853.0,0.2811
2013-12-30,TATASTEEL,EQ,425.05,425.0,428.6,421.9,425.35,425.55,425.19,2124079,90314737960000.0,35595.0,593259.0,0.2793
2013-12-31,TATASTEEL,EQ,425.55,426.45,426.8,422.55,423.05,424.2,424.46,1210884,51396882135000.0,16441.0,235229.0,0.1943
2014-01-01,TATASTEEL,EQ,424.2,425.0,426.8,423.65,426.0,425.9,425.61,1193408,50792053040000.0,18827.0,341371.0,0.28600000000000003
2014-01-02,TATASTEEL,EQ,425.9,426.0,435.5,417.0,418.0,419.2,427.92,4000266,171177554935000.0,58196.0,812554.0,0.2031
2014-01-03,TATASTEEL,EQ,419.2,416.5,419.4,409.0,413.25,412.5,413.1,3183770,131520248290000.02,47622.0,1028243.0,0.32299999999999995
2014-01-06,TATASTEEL,EQ,412.5,410.95,415.7,404.6,407.7,408.3,410.35,2704614,110984797240000.02,38597.0,512120.0,0.1894
2014-01-07,TATASTEEL,EQ,408.3,409.9,411.9,392.55,393.0,394.7,400.72,3900410,156298025925000.0,63469.0,1057570.0,0.2711
2014-01-08,TATASTEEL,EQ,394.7,394.65,397.25,389.6,391.4,392.4,393.53,4541009,178703355350000.0,93400.0,1282983.0,0.28250000000000003
2014-01-09,TATASTEEL,EQ,392.4,394.35,399.3,387.6,391.2,390.8,393.17,3988227,156807076095000.0,66816.0,860296.0,0.2157
2014-01-10,TATASTEEL,EQ,390.8,392.8,393.2,383.5,384.0,384.5,387.56,3265618,126563206605000.0,49272.0,756926.0,0.2318
2014-01-13,TATASTEEL,EQ,384.5,385.25,389.2,381.75,387.2,385.95,385.61,2748209,105973557145000.0,45737.0,572748.0,0.2084
2014-01-14,TATASTEEL,EQ,385.95,385.0,389.0,373.3,374.25,374.35,379.18,3645778,138241124920000.0,50669.0,996040.0,0.2732
2014-01-15,TATASTEEL,EQ,374.35,376.0,380.0,372.6,375.45,375.0,376.51,3307933,124546175934999.98,63933.0,1105226.0,0.33409999999999995
2014-01-16,TATASTEEL,EQ,375.0,376.5,384.5,375.85,381.0,381.1,381.69,3644145,139094208984999.98,49491.0,758701.0,0.2082
2014-01-17,TATASTEEL,EQ,381.1,381.0,385.7,375.15,378.3,377.65,379.91,3436367,130550535665000.02,52679.0,1056700.0,0.3075
2014-01-20,TATASTEEL,EQ,377.65,377.5,379.25,370.1,374.95,374.55,373.74,3285182,122780703615000.02,46328.0,971223.0,0.2956
2014-01-21,TATASTEEL,EQ,374.55,376.0,386.0,376.0,386.0,383.6,381.24,4092506,156023178870000.0,45560.0,1198624.0,0.2929
2014-01-22,TATASTEEL,EQ,383.6,384.3,394.0,384.3,392.85,393.25,390.94,4633136,181125820365000.0,66808.0,1133247.0,0.2446
2014-01-23,TATASTEEL,EQ,393.25,392.85,393.0,387.1,388.75,389.25,389.49,2497038,97256054275000.0,37258.0,532043.0,0.21309999999999998
2014-01-24,TATASTEEL,EQ,389.25,385.1,386.0,374.45,376.5,376.0,378.34,2981354,112796975805000.0,51220.0,897255.0,0.30100000000000005
2014-01-27,TATASTEEL,EQ,376.0,369.4,369.65,352.0,353.7,353.55,359.43,4413205,158622142205000.0,70581.0,1595692.0,0.3616
2014-01-28,TATASTEEL,EQ,353.55,354.0,368.9,352.5,365.8,366.65,361.94,4850538,175558722675000.0,73114.0,1236766.0,0.255
2014-01-29,TATASTEEL,EQ,366.65,368.5,369.35,356.25,359.2,358.0,361.32,4538964,164000142210000.0,73680.0,1895553.0,0.41759999999999997
2014-01-30,TATASTEEL,EQ,358.0,353.0,354.0,341.2,348.7,346.55,347.04,5617880,194962547745000.0,87849.0,2213271.0,0.394
2014-01-31,TATASTEEL,EQ,346.55,348.4,357.9,347.55,355.7,356.05,354.56,5196593,184249697020000.0,105350.0,2388283.0,0.4596
2014-02-03,TATASTEEL,EQ,356.05,354.9,354.9,342.05,342.15,343.1,347.17,3559039,123559627170000.0,85886.0,1175599.0,0.33030000000000004
2014-02-04,TATASTEEL,EQ,343.1,338.05,346.85,336.05,345.2,342.95,342.0,7271517,248686255715000.0,100456.0,3653835.0,0.5025000000000001
2014-02-05,TATASTEEL,EQ,342.95,344.85,360.9,344.05,360.5,359.4,352.14,4757607,167534808315000.0,79597.0,1057202.0,0.22219999999999998
2014-02-06,TATASTEEL,EQ,359.4,361.9,367.2,356.25,361.5,361.25,361.79,6470705,234100594130000.03,97260.0,2139200.0,0.3306
2014-02-07,TATASTEEL,EQ,361.25,362.6,387.0,362.6,386.45,384.45,377.74,11721063,442749515305000.0,154931.0,4299440.0,0.3668
2014-02-10,TATASTEEL,EQ,384.45,386.9,393.2,380.55,382.55,382.5,386.68,6243610,241426686105000.03,78889.0,1151170.0,0.1844
2014-02-11,TATASTEEL,EQ,382.5,387.0,393.0,385.3,391.8,389.75,388.37,4273585,165974077535000.0,57925.0,835525.0,0.1955
2014-02-12,TATASTEEL,EQ,389.75,385.55,386.9,372.75,373.8,374.35,378.35,9379584,354880961585000.0,116319.0,2452619.0,0.2615
2014-02-13,TATASTEEL,EQ,374.35,376.0,378.8,365.2,365.2,367.45,372.89,5852885,218250541400000.0,87770.0,836509.0,0.1429
2014-02-14,TATASTEEL,EQ,367.45,368.9,372.4,359.45,371.95,370.8,366.87,6037488,221497087910000.0,83506.0,1076287.0,0.1783
2014-02-17,TATASTEEL,EQ,370.8,371.45,375.4,366.5,375.3,374.05,371.44,3431363,127454339209999.98,50643.0,442845.0,0.1291
2014-02-18,TATASTEEL,EQ,374.05,373.95,381.9,372.1,380.7,379.65,378.72,3606426,136581882540000.02,56428.0,753859.0,0.209
2014-02-19,TATASTEEL,EQ,379.65,379.85,379.9,371.15,374.0,373.85,374.06,3167125,118470290505000.0,59104.0,782966.0,0.2472
2014-02-20,TATASTEEL,EQ,373.85,369.15,369.8,364.0,366.7,366.75,366.63,4279353,156892830405000.0,66517.0,962660.0,0.225
2014-02-21,TATASTEEL,EQ,366.75,366.75,375.75,366.75,375.35,374.4,372.76,3182327,118625384175000.0,53175.0,794703.0,0.2497
2014-02-24,TATASTEEL,EQ,374.4,373.8,373.8,366.3,369.3,369.2,368.57,3273797,120661153859999.98,48432.0,1129358.0,0.34500000000000003
2014-02-25,TATASTEEL,EQ,369.2,369.6,372.05,359.6,360.1,360.55,364.91,4386451,160067941500000.0,72971.0,1517506.0,0.34600000000000003
2014-02-26,TATASTEEL,EQ,360.55,361.05,362.85,348.4,349.2,349.3,351.92,10093075,355194672640000.0,128397.0,5055371.0,0.5009
2014-02-28,TATASTEEL,EQ,349.3,351.0,354.6,340.7,344.0,343.8,346.69,9894260,343020184600000.0,129189.0,3727469.0,0.37670000000000003
2014-03-03,TATASTEEL,EQ,343.8,344.0,349.5,340.7,344.0,345.3,345.6,5695060,196822794785000.0,88470.0,1577371.0,0.277
2014-03-04,TATASTEEL,EQ,345.3,346.5,352.5,345.35,352.05,351.75,350.45,5705466,199947995840000.0,77182.0,1606753.0,0.2816
2014-03-05,TATASTEEL,EQ,351.75,354.8,359.8,351.75,355.1,355.95,356.49,6641895,236776282030000.03,86802.0,2387418.0,0.3594
2014-03-06,TATASTEEL,EQ,355.95,358.0,365.4,356.0,365.1,364.2,360.74,5700885,205655489395000.0,81581.0,1576773.0,0.2766
2014-03-07,TATASTEEL,EQ,364.2,368.2,373.4,364.55,370.0,371.1,369.91,6317650,233696080655000.03,94128.0,2308235.0,0.3654
2014-03-10,TATASTEEL,EQ,371.1,368.25,370.8,362.45,363.1,364.15,366.19,4958200,181564266645000.0,77056.0,1341263.0,0.2705
2014-03-11,TATASTEEL,EQ,364.15,364.15,364.4,342.35,343.1,343.75,349.79,9147669,319978670125000.0,132257.0,3798937.0,0.4153
2014-03-12,TATASTEEL,EQ,343.75,341.0,348.65,337.35,340.0,339.6,342.79,8736836,299492618435000.0,120377.0,2184465.0,0.25
2014-03-13,TATASTEEL,EQ,339.6,342.0,347.9,334.25,336.5,336.85,343.13,5569432,191102988770000.0,92068.0,1811079.0,0.32520000000000004
2014-03-14,TATASTEEL,EQ,336.85,334.0,342.8,332.0,342.7,341.7,338.57,6159893,208555778375000.0,86101.0,1455157.0,0.23620000000000002
2014-03-18,TATASTEEL,EQ,341.7,346.0,348.0,339.1,340.4,340.7,344.23,4153837,142985800260000.0,59362.0,1251684.0,0.3013
2014-03-19,TATASTEEL,EQ,340.7,343.4,359.35,340.2,356.4,356.6,352.76,9574067,337738193660000.0,150592.0,2724474.0,0.2846
2014-03-20,TATASTEEL,EQ,356.6,357.2,359.85,347.65,350.6,349.95,353.59,5069953,179267608940000.0,68318.0,776156.0,0.1531
2014-03-21,TATASTEEL,EQ,349.95,351.2,365.0,351.2,362.1,362.85,360.73,8153410,294117746045000.0,113014.0,2402949.0,0.2947
2014-03-22,TATASTEEL,EQ,362.85,362.7,363.75,360.25,362.55,362.3,362.0,663478,24018061415000.0,7532.0,181025.0,0.27280000000000004
2014-03-24,TATASTEEL,EQ,362.3,364.8,367.0,356.15,364.0,363.1,361.67,5581055,201849100185000.0,78524.0,1134278.0,0.20320000000000002
2014-03-25,TATASTEEL,EQ,363.1,362.2,371.65,361.55,366.5,367.1,368.22,5278942,194383503875000.0,80442.0,1318602.0,0.24980000000000002
2014-03-26,TATASTEEL,EQ,367.1,371.4,376.0,370.3,375.2,374.8,373.34,5587071,208585314020000.0,89128.0,1797456.0,0.32170000000000004
2014-03-27,TATASTEEL,EQ,374.8,375.0,379.45,373.25,375.5,375.4,376.36,5741308,216082521010000.0,66925.0,2434964.0,0.4241
2014-03-28,TATASTEEL,EQ,375.4,378.8,383.75,376.0,382.15,381.5,380.03,3758230,142824619370000.0,53224.0,1356196.0,0.36090000000000005
2014-03-31,TATASTEEL,EQ,381.5,384.65,396.35,383.0,393.8,393.95,389.95,7039653,274513623685000.0,102231.0,1965575.0,0.2792
2014-04-01,TATASTEEL,EQ,393.95,396.0,403.35,386.5,401.5,401.15,396.63,8370865,332015953815000.0,116064.0,2640263.0,0.3154
2014-04-02,TATASTEEL,EQ,401.15,402.45,405.0,399.05,403.8,403.45,402.19,5362914,215690132965000.0,73848.0,2101540.0,0.39189999999999997
2014-04-03,TATASTEEL,EQ,403.45,403.4,412.0,393.75,397.2,397.65,402.22,7048419,283501990915000.0,95258.0,2564019.0,0.3638
2014-04-04,TATASTEEL,EQ,397.65,399.9,404.7,395.4,401.95,402.0,401.17,4587278,184029365545000.0,76038.0,1473925.0,0.32130000000000003
2014-04-07,TATASTEEL,EQ,402.0,402.55,407.5,398.2,407.35,406.65,403.89,3693056,149158136355000.0,51863.0,1026192.0,0.2779
2014-04-09,TATASTEEL,EQ,406.65,410.0,419.75,408.0,419.0,418.75,415.44,4995297,207523147415000.0,85905.0,2210058.0,0.4424
2014-04-10,TATASTEEL,EQ,418.75,418.9,424.8,411.2,415.35,417.8,418.07,5896562,246519592325000.0,78405.0,1609677.0,0.273
2014-04-11,TATASTEEL,EQ,417.8,415.5,423.5,411.0,418.5,419.85,418.59,5246849,219626742094999.97,68708.0,1676526.0,0.3195
2014-04-15,TATASTEEL,EQ,419.85,419.55,424.5,407.7,408.55,409.15,414.79,4660433,193311411020000.0,57593.0,1953369.0,0.4191
2014-04-16,TATASTEEL,EQ,409.15,410.5,416.75,404.75,413.0,413.7,412.16,4076328,168009784595000.0,56315.0,824743.0,0.2023
2014-04-17,TATASTEEL,EQ,413.7,412.05,419.9,411.3,418.25,418.9,416.04,3281212,136510054475000.0,55910.0,868798.0,0.26480000000000004
2014-04-21,TATASTEEL,EQ,418.9,419.5,425.5,417.55,421.5,423.5,421.44,3785007,159515018655000.0,54604.0,968446.0,0.2559
2014-04-22,TATASTEEL,EQ,423.5,423.9,423.9,418.1,421.4,420.85,421.0,3267173,137546473770000.0,56469.0,947742.0,0.2901
2014-04-23,TATASTEEL,EQ,420.85,421.0,429.3,420.2,427.65,426.55,425.54,5084230,216352664715000.0,62594.0,1852940.0,0.3644
2014-04-25,TATASTEEL,EQ,426.55,426.55,432.9,422.35,426.0,426.9,428.05,4791037,205078620480000.0,73667.0,1471837.0,0.3072
2014-04-28,TATASTEEL,EQ,426.9,425.0,431.9,424.1,425.9,425.8,428.28,3360036,143902952265000.0,64067.0,1081058.0,0.32170000000000004
2014-04-29,TATASTEEL,EQ,425.8,425.0,426.25,404.0,405.0,405.5,411.56,6860458,282345638350000.0,99458.0,3254671.0,0.4744
2014-04-30,TATASTEEL,EQ,405.5,407.0,407.5,393.25,401.3,400.65,401.38,7104453,285159105340000.0,98468.0,2531181.0,0.3563
2014-05-02,TATASTEEL,EQ,400.65,403.0,406.6,388.1,390.05,390.05,393.6,5856380,230506889555000.03,94218.0,2036670.0,0.3478
2014-05-05,TATASTEEL,EQ,390.05,390.4,403.8,388.85,396.95,397.55,396.6,5244203,207986737160000.0,75745.0,1227041.0,0.23399999999999999
2014-05-06,TATASTEEL,EQ,397.55,399.4,404.5,398.65,401.95,401.75,401.91,3685956,148140685170000.0,56801.0,1232638.0,0.3344
2014-05-07,TATASTEEL,EQ,401.75,401.15,403.45,396.15,399.5,399.9,400.26,2632775,105380211020000.0,35746.0,419369.0,0.1593
2014-05-08,TATASTEEL,EQ,399.9,401.2,406.25,398.4,401.5,402.0,402.85,3302144,133027116334999.98,48377.0,786132.0,0.23809999999999998
2014-05-09,TATASTEEL,EQ,402.0,400.0,420.75,399.1,415.9,416.7,411.11,6479786,266391119405000.03,88501.0,2134093.0,0.3293
2014-05-12,TATASTEEL,EQ,416.7,416.95,426.9,416.1,419.9,420.05,422.29,5247544,221598551265000.0,90523.0,2063032.0,0.3931
2014-05-13,TATASTEEL,EQ,420.05,424.15,441.5,421.25,425.5,427.1,432.23,8928375,385908242395000.0,122549.0,2387302.0,0.26739999999999997
2014-05-14,TATASTEEL,EQ,427.1,429.95,454.7,429.9,452.5,452.35,444.51,10859760,482731055530000.0,139931.0,2919289.0,0.2688
2014-05-15,TATASTEEL,EQ,452.35,456.9,468.0,450.75,461.0,460.6,459.82,14271600,656233288705000.0,177672.0,3763543.0,0.2637
2014-05-16,TATASTEEL,EQ,460.6,473.0,485.85,427.2,440.0,440.9,456.23,19519136,890522439040000.0,212953.0,7991754.0,0.4094
2014-05-19,TATASTEEL,EQ,440.9,445.0,460.25,435.6,450.95,450.75,449.98,10968730,493570812375000.0,131420.0,4107994.0,0.37450000000000006
2014-05-20,TATASTEEL,EQ,450.75,453.5,474.35,453.5,466.9,467.15,467.09,9099253,425018362300000.0,127100.0,2855366.0,0.3138
2014-05-21,TATASTEEL,EQ,467.15,467.95,470.35,457.2,462.0,462.55,464.48,5486733,254847903219999.97,90345.0,1774132.0,0.3233
2014-05-22,TATASTEEL,EQ,462.55,465.0,477.8,464.95,471.9,470.9,473.05,5816329,275143932555000.03,83046.0,2205948.0,0.3793
2014-05-23,TATASTEEL,EQ,470.9,472.0,483.0,469.35,479.8,478.2,476.52,5694313,271343147405000.03,68198.0,1411033.0,0.24780000000000002
2014-05-26,TATASTEEL,EQ,478.2,482.1,495.0,452.6,471.0,467.65,482.31,7759635,374253894610000.0,96181.0,2559751.0,0.3299
2014-05-27,TATASTEEL,EQ,467.65,466.35,478.95,461.55,478.0,477.6,471.36,4750585,223924814625000.0,63786.0,954905.0,0.201
2014-05-28,TATASTEEL,EQ,477.6,480.2,483.5,467.0,470.1,469.25,473.51,3815468,180666492680000.0,53972.0,1005057.0,0.2634
2014-05-29,TATASTEEL,EQ,469.25,471.0,474.5,463.4,465.7,465.95,467.87,4274219,199979453495000.0,53437.0,1769829.0,0.41409999999999997
2014-05-30,TATASTEEL,EQ,465.95,467.0,477.0,463.0,474.5,475.1,473.21,5197150,245935055325000.0,74387.0,2252887.0,0.4335
2014-06-02,TATASTEEL,EQ,475.1,475.8,495.6,471.45,494.7,492.9,485.38,5557057,269730787644999.97,70539.0,1666825.0,0.2999
2014-06-03,TATASTEEL,EQ,492.9,497.5,528.35,496.0,526.0,526.8,514.58,12511741,643825672000000.0,171258.0,4180997.0,0.3342
2014-06-04,TATASTEEL,EQ,526.8,527.25,543.4,525.1,539.0,537.4,537.47,10741509,577328834300000.0,144970.0,4323448.0,0.4025
2014-06-05,TATASTEEL,EQ,537.4,539.8,560.75,538.05,560.5,556.95,549.09,9141879,501967808564999.94,276648.0,3517964.0,0.3848
2014-06-06,TATASTEEL,EQ,556.95,564.5,568.75,552.3,560.0,560.65,559.65,7566548,423460363510000.0,317219.0,2718188.0,0.3592
2014-06-09,TATASTEEL,EQ,560.65,565.0,579.9,560.0,575.4,575.25,573.57,5898562,338322682795000.0,148155.0,1764055.0,0.29910000000000003
2014-06-10,TATASTEEL,EQ,575.25,575.0,575.0,552.45,558.5,558.7,558.4,5590663,312185282020000.0,85854.0,1942100.0,0.34740000000000004
2014-06-11,TATASTEEL,EQ,558.7,559.9,565.8,545.1,546.5,549.45,555.49,5170644,287223972885000.0,76396.0,1326795.0,0.2566
2014-06-12,TATASTEEL,EQ,549.45,549.0,557.95,543.6,550.0,549.65,551.84,3718715,205214929140000.0,61500.0,802369.0,0.2158
2014-06-13,TATASTEEL,EQ,549.65,548.55,553.25,523.95,524.2,525.55,537.87,4332932,233057452715000.0,72671.0,1171216.0,0.27030000000000004
2014-06-16,TATASTEEL,EQ,525.55,524.7,529.3,512.0,523.5,524.6,520.14,6975041,362802620705000.0,90263.0,2705161.0,0.38780000000000003
2014-06-17,TATASTEEL,EQ,524.6,525.0,534.2,513.0,533.5,532.3,522.22,6667725,348203956745000.0,135326.0,2424820.0,0.36369999999999997
2014-06-18,TATASTEEL,EQ,532.3,536.1,539.85,518.0,519.9,521.9,529.51,5615331,297339246280000.0,69078.0,1730116.0,0.3081
2014-06-19,TATASTEEL,EQ,521.9,525.0,526.4,515.0,517.9,519.45,520.45,4081891,212444015965000.0,71970.0,1013439.0,0.2483
2014-06-20,TATASTEEL,EQ,519.45,519.0,534.5,517.8,521.5,519.9,524.93,5468014,287033708020000.0,90180.0,1694489.0,0.3099
2014-06-23,TATASTEEL,EQ,519.9,520.9,528.6,520.5,527.45,526.9,525.33,3404063,178824351470000.0,60291.0,856870.0,0.25170000000000003
2014-06-24,TATASTEEL,EQ,526.9,527.5,535.9,527.45,533.0,532.3,532.28,3021777,160841990105000.0,54535.0,695170.0,0.23010000000000003
2014-06-25,TATASTEEL,EQ,532.3,533.1,538.0,530.1,530.6,530.95,533.62,2299798,122722125300000.0,38644.0,570835.0,0.2482
2014-06-26,TATASTEEL,EQ,530.95,532.0,536.5,523.8,527.15,525.8,528.91,3283972,173693495455000.0,44551.0,1157409.0,0.35240000000000005
2014-06-27,TATASTEEL,EQ,525.8,528.7,531.0,517.0,518.8,518.9,521.95,3205193,167296573495000.0,51737.0,1150363.0,0.3589
2014-06-30,TATASTEEL,EQ,518.9,521.4,530.6,519.75,526.65,528.4,526.88,3769991,198633923830000.0,41345.0,2001165.0,0.5307999999999999
2014-07-01,TATASTEEL,EQ,528.4,530.0,545.3,530.0,541.25,540.65,540.7,5312672,287257555810000.0,68063.0,1691258.0,0.31829999999999997
2014-07-02,TATASTEEL,EQ,540.65,547.0,549.9,542.5,543.1,543.5,545.82,3252798,177544677155000.0,47176.0,910964.0,0.2801
2014-07-03,TATASTEEL,EQ,543.5,547.2,549.5,537.25,539.8,539.05,543.29,3397649,184590116645000.0,50301.0,1014072.0,0.29850000000000004
2014-07-04,TATASTEEL,EQ,539.05,545.0,545.0,531.2,536.55,536.6,537.04,3637783,195365231760000.0,45322.0,1145148.0,0.3148
2014-07-07,TATASTEEL,EQ,536.6,537.1,542.9,533.6,535.6,536.05,538.3,2544120,136950643355000.0,41772.0,979136.0,0.3849
2014-07-08,TATASTEEL,EQ,536.05,538.0,539.7,510.0,515.0,513.55,524.89,3622183,190124855095000.0,56919.0,1386632.0,0.38280000000000003
2014-07-09,TATASTEEL,EQ,513.55,516.0,526.75,511.15,519.5,518.35,519.25,5187706,269372422344999.97,81299.0,1960578.0,0.3779
2014-07-10,TATASTEEL,EQ,518.35,520.0,537.85,510.05,520.0,521.4,524.46,6831395,358281843410000.0,101146.0,2276722.0,0.3333
2014-07-11,TATASTEEL,EQ,521.4,520.0,524.25,499.25,502.0,501.9,509.79,6094463,310687814165000.0,81183.0,2456107.0,0.40299999999999997
2014-07-14,TATASTEEL,EQ,501.9,496.8,517.4,492.25,514.6,513.4,508.24,7659509,389286705655000.0,114508.0,3717780.0,0.4854
2014-07-15,TATASTEEL,EQ,513.4,518.8,530.0,514.4,529.35,527.15,521.44,4448855,231981784810000.0,69206.0,1612866.0,0.3625
2014-07-16,TATASTEEL,EQ,527.15,531.5,546.0,525.5,545.15,542.7,534.46,4408636,235622642390000.0,68883.0,1435517.0,0.32560000000000006
2014-07-17,TATASTEEL,EQ,542.7,543.0,560.0,540.25,558.7,558.8,553.8,7026522,389126742660000.0,92535.0,2909868.0,0.41409999999999997
2014-07-18,TATASTEEL,EQ,558.8,556.0,568.5,549.2,562.75,563.0,561.32,7295335,409502625025000.0,106978.0,2155837.0,0.29550000000000004
2014-07-21,TATASTEEL,EQ,563.0,564.0,571.9,560.15,562.4,562.7,565.28,4389860,248151111180000.03,86980.0,1448583.0,0.33
2014-07-22,TATASTEEL,EQ,562.7,567.0,569.25,555.4,562.5,562.2,562.33,4024568,226314269869999.97,53653.0,753789.0,0.18730000000000002
2014-07-23,TATASTEEL,EQ,562.2,565.5,565.95,550.55,555.15,554.55,556.34,4219828,234765454455000.03,52593.0,1479021.0,0.3505
2014-07-24,TATASTEEL,EQ,554.55,557.0,571.4,553.15,567.95,568.1,565.47,6388530,361254794370000.0,96067.0,2200140.0,0.3444
2014-07-25,TATASTEEL,EQ,568.1,570.0,574.35,552.0,557.0,557.6,561.82,5900847,331523109710000.0,84323.0,1549481.0,0.2626
2014-07-28,TATASTEEL,EQ,557.6,560.1,564.4,544.25,547.05,548.5,552.52,5045845,278793563885000.0,66429.0,1870687.0,0.37070000000000003
2014-07-30,TATASTEEL,EQ,548.5,551.0,551.95,537.4,544.6,546.1,543.26,6195079,336552522505000.0,90457.0,3399244.0,0.5487
2014-07-31,TATASTEEL,EQ,546.1,546.5,562.25,543.05,554.65,553.4,555.69,5681377,315710108805000.0,79504.0,2250975.0,0.3962
2014-08-01,TATASTEEL,EQ,553.4,548.0,565.9,544.5,548.5,548.75,555.96,6545344,363896846790000.0,95527.0,2279504.0,0.3483
2014-08-04,TATASTEEL,EQ,548.75,551.35,557.0,543.85,552.0,551.85,551.18,5526600,304617309130000.0,58328.0,2499328.0,0.4522
2014-08-05,TATASTEEL,EQ,551.85,554.1,566.0,545.0,565.5,562.2,553.45,5498695,304322944965000.0,67869.0,1491395.0,0.2712
2014-08-06,TATASTEEL,EQ,562.2,562.1,568.8,548.95,550.6,550.5,558.81,4482858,250507395305000.03,51920.0,1161083.0,0.259
2014-08-07,TATASTEEL,EQ,550.5,551.15,562.4,551.0,556.6,555.8,557.67,6452112,359816600845000.0,79010.0,1795879.0,0.2783
2014-08-08,TATASTEEL,EQ,555.8,552.2,552.2,535.4,537.8,537.7,542.69,5641167,306142504510000.0,69056.0,1741623.0,0.30870000000000003
2014-08-11,TATASTEEL,EQ,537.7,544.4,545.85,529.2,535.8,534.75,535.7,4825678,258510635290000.0,64790.0,1356629.0,0.2811
2014-08-12,TATASTEEL,EQ,534.75,537.0,547.0,533.1,542.25,542.05,540.87,5830457,315350317885000.0,76257.0,1666443.0,0.2858
2014-08-13,TATASTEEL,EQ,542.05,541.9,542.0,528.7,537.15,534.5,535.15,5206555,278631208985000.0,63300.0,1185501.0,0.2277
2014-08-14,TATASTEEL,EQ,534.5,533.6,545.9,525.1,539.45,541.7,535.56,8553982,458113329260000.06,120994.0,1913851.0,0.2237
2014-08-18,TATASTEEL,EQ,541.7,538.05,548.9,537.5,546.5,546.45,544.16,4670295,254140922675000.0,76333.0,1378645.0,0.2952
2014-08-19,TATASTEEL,EQ,546.45,549.05,554.0,542.2,542.25,544.1,547.29,4449560,243521349265000.0,56753.0,1392381.0,0.3129
2014-08-20,TATASTEEL,EQ,544.1,543.8,551.95,541.6,544.7,545.55,547.01,4452314,243544843330000.03,63453.0,1259292.0,0.2828
2014-08-21,TATASTEEL,EQ,545.55,540.0,541.9,533.3,536.45,536.6,537.75,4381550,235617252750000.0,65576.0,1484040.0,0.3387
2014-08-22,TATASTEEL,EQ,536.6,538.75,542.35,534.45,538.0,537.75,538.18,2916358,156952406765000.0,44693.0,748043.0,0.2565
2014-08-25,TATASTEEL,EQ,537.75,537.7,540.0,509.75,510.25,512.0,523.5,5682478,297479007500000.0,75626.0,1907183.0,0.3356
2014-08-26,TATASTEEL,EQ,512.0,513.45,528.45,512.1,524.95,524.95,523.05,6832634,357384071075000.0,99945.0,2353523.0,0.34450000000000003
2014-08-27,TATASTEEL,EQ,524.95,528.0,531.9,519.65,523.8,523.2,524.47,3090598,162091567075000.0,41348.0,822558.0,0.2661
2014-08-28,TATASTEEL,EQ,523.2,522.75,527.0,512.3,513.25,513.15,517.62,4260179,220514992330000.03,48962.0,1939678.0,0.45530000000000004
2014-09-01,TATASTEEL,EQ,513.15,516.85,526.5,512.05,523.65,524.1,519.88,5345574,277904365250000.0,61221.0,1981235.0,0.37060000000000004
2014-09-02,TATASTEEL,EQ,524.1,524.1,526.9,517.85,519.3,519.2,521.15,3684677,192026817840000.0,48211.0,1176927.0,0.3194
2014-09-03,TATASTEEL,EQ,519.2,521.1,530.7,520.75,527.9,526.0,525.9,5405641,284283875300000.0,69673.0,1543859.0,0.2856
2014-09-04,TATASTEEL,EQ,526.0,524.65,528.45,504.7,510.45,509.05,513.08,5587461,286683431065000.0,83573.0,1755219.0,0.3141
2014-09-05,TATASTEEL,EQ,509.05,509.55,516.0,506.1,514.0,513.4,511.23,4391128,224487092810000.0,67338.0,862649.0,0.19649999999999998
2014-09-08,TATASTEEL,EQ,513.4,515.1,519.95,510.6,516.6,517.45,515.71,3783166,195100468545000.0,56608.0,975261.0,0.25780000000000003
2014-09-09,TATASTEEL,EQ,517.45,513.0,520.5,510.15,518.3,518.65,516.73,3177200,164175331725000.0,44596.0,640601.0,0.2016
2014-09-10,TATASTEEL,EQ,518.65,515.0,522.95,513.5,520.0,519.2,519.27,3836014,199193984660000.0,52064.0,1475128.0,0.38450000000000006
2014-09-11,TATASTEEL,EQ,519.2,521.0,524.8,515.0,516.75,517.6,518.71,4257474,220838033250000.0,50416.0,1954996.0,0.45920000000000005
2014-09-12,TATASTEEL,EQ,517.6,517.6,521.35,514.55,517.0,515.95,517.98,4400187,227919076750000.0,63739.0,2212817.0,0.5029
2014-09-15,TATASTEEL,EQ,515.95,513.0,514.0,504.65,506.65,507.7,507.67,3898635,197923524100000.0,57819.0,1808155.0,0.46380000000000005
2014-09-16,TATASTEEL,EQ,507.7,507.75,508.8,486.55,488.7,490.15,496.41,5445788,270336006325000.0,72844.0,2244129.0,0.4121
2014-09-17,TATASTEEL,EQ,490.15,493.0,501.0,485.65,497.95,498.4,494.53,5244467,259352983590000.0,69773.0,1855828.0,0.3539
2014-09-18,TATASTEEL,EQ,498.4,496.1,509.5,496.1,505.25,505.45,505.3,4870457,246104725660000.0,58504.0,1914842.0,0.3932
2014-09-19,TATASTEEL,EQ,505.45,509.2,512.9,505.15,509.3,511.0,509.97,4970783,253495314340000.0,61816.0,2545460.0,0.5121
2014-09-22,TATASTEEL,EQ,511.0,505.0,506.3,498.35,499.05,500.9,501.28,3361564,168509602410000.0,40995.0,1234858.0,0.36729999999999996
2014-09-23,TATASTEEL,EQ,500.9,500.0,501.8,483.65,483.65,485.6,492.32,3985633,196221010655000.0,62336.0,1429895.0,0.3588
2014-09-24,TATASTEEL,EQ,485.6,484.0,486.45,468.65,470.95,472.2,478.64,6981750,334173547480000.0,110230.0,2751733.0,0.39409999999999995
2014-09-25,TATASTEEL,EQ,472.2,473.0,477.25,451.65,463.0,460.4,461.55,6148707,283795986610000.0,88235.0,2149241.0,0.34950000000000003
2014-09-26,TATASTEEL,EQ,460.4,460.0,477.0,458.45,476.75,474.25,469.78,4005959,188190830805000.0,77696.0,1102929.0,0.27530000000000004
2014-09-29,TATASTEEL,EQ,474.25,474.35,480.3,464.65,466.0,466.4,470.48,3122197,146892616570000.0,48881.0,858509.0,0.275
2014-09-30,TATASTEEL,EQ,466.4,466.6,472.95,456.1,457.6,459.05,464.69,4552022,211527253415000.0,67761.0,1266257.0,0.2782
2014-10-01,TATASTEEL,EQ,459.05,455.5,457.4,445.5,448.0,448.8,450.15,4770397,214740760325000.0,79148.0,1483815.0,0.311
2014-10-07,TATASTEEL,EQ,448.8,446.75,453.0,438.1,441.0,440.15,443.36,7729823,342711509095000.0,94106.0,3859222.0,0.4993
2014-10-08,TATASTEEL,EQ,440.15,437.5,457.8,435.6,457.0,456.15,447.83,6706169,300321907850000.0,109093.0,2513015.0,0.3747
2014-10-09,TATASTEEL,EQ,456.15,460.1,469.45,457.15,465.0,467.55,463.66,4973938,230622118825000.0,81187.0,1552161.0,0.3121
2014-10-10,TATASTEEL,EQ,467.55,459.95,460.0,446.15,447.6,448.05,451.21,4936128,222720721194999.97,77239.0,1885520.0,0.38200000000000006
2014-10-13,TATASTEEL,EQ,448.05,443.8,459.8,440.15,457.0,457.75,453.07,3732722,169118321465000.0,67842.0,846817.0,0.22690000000000002
2014-10-14,TATASTEEL,EQ,457.75,458.1,462.0,440.85,456.7,456.05,453.83,5823642,264297051065000.0,90950.0,1418995.0,0.24370000000000003
2014-10-16,TATASTEEL,EQ,456.05,460.8,467.6,436.0,436.5,439.1,451.48,8266426,373212383855000.0,111834.0,3186005.0,0.3854
2014-10-17,TATASTEEL,EQ,439.1,443.6,453.9,436.55,448.15,447.55,446.62,6709248,299647529735000.0,109036.0,2398151.0,0.35740000000000005
2014-10-20,TATASTEEL,EQ,447.55,455.05,457.35,446.35,450.25,450.15,451.8,4360635,197012297405000.0,61486.0,1339459.0,0.3072
2014-10-21,TATASTEEL,EQ,450.15,454.0,462.2,452.25,457.05,455.7,456.99,5314210,242851875055000.03,86973.0,1555798.0,0.2928
2014-10-22,TATASTEEL,EQ,455.7,461.0,462.85,454.3,457.3,457.15,458.1,4022132,184254525765000.0,59720.0,1592528.0,0.39590000000000003
2014-10-23,TATASTEEL,EQ,457.15,461.05,461.05,458.05,458.5,459.1,459.21,663352,30461666750000.0,9871.0,322465.0,0.48610000000000003
2014-10-27,TATASTEEL,EQ,459.1,460.5,461.8,449.05,449.25,450.5,455.45,3738985,170292468695000.0,53559.0,1578759.0,0.4222
2014-10-28,TATASTEEL,EQ,450.5,450.1,453.65,446.6,451.1,451.2,450.8,4005382,180562873340000.0,73741.0,1594369.0,0.3981
2014-10-29,TATASTEEL,EQ,451.2,454.1,472.9,453.75,472.5,471.7,464.48,6867699,318990830985000.0,105529.0,2649775.0,0.3858
2014-10-30,TATASTEEL,EQ,471.7,472.0,477.45,468.4,472.4,474.5,473.08,4615504,218349211460000.0,70187.0,1529262.0,0.33130000000000004
2014-10-31,TATASTEEL,EQ,474.5,478.0,493.5,474.6,489.1,490.0,487.42,5848389,285061350560000.0,88642.0,1923655.0,0.3289
2014-11-03,TATASTEEL,EQ,490.0,492.0,494.9,485.45,490.05,489.15,490.65,3754330,184206827260000.0,50420.0,1180136.0,0.3143
2014-11-05,TATASTEEL,EQ,489.15,491.0,492.4,477.0,478.3,478.1,482.1,3431914,165454080675000.0,47244.0,1200911.0,0.34990000000000004
2014-11-07,TATASTEEL,EQ,478.1,479.0,486.8,470.6,471.1,471.4,477.63,3873340,185001360265000.0,61390.0,1406348.0,0.36310000000000003
2014-11-10,TATASTEEL,EQ,471.4,474.65,476.0,462.5,474.3,470.85,468.03,4461898,208828190395000.0,96398.0,1815253.0,0.4068
2014-11-11,TATASTEEL,EQ,470.85,473.2,481.5,471.55,481.25,480.3,477.8,4572372,218469278105000.03,60048.0,1725180.0,0.37729999999999997
2014-11-12,TATASTEEL,EQ,480.3,480.0,482.7,465.65,468.0,468.35,473.96,6348599,300899105040000.0,89429.0,2461206.0,0.38770000000000004
2014-11-13,TATASTEEL,EQ,468.35,465.1,475.5,462.15,470.85,471.25,470.73,5923643,278843104025000.0,89476.0,1382926.0,0.2335
2014-11-14,TATASTEEL,EQ,471.25,467.0,482.6,467.0,480.5,478.15,477.31,6889390,328837324710000.0,97502.0,2570072.0,0.373
2014-11-17,TATASTEEL,EQ,478.15,476.15,482.95,475.1,478.55,480.1,479.22,2378667,113989663000000.0,37342.0,470094.0,0.19760000000000003
2014-11-18,TATASTEEL,EQ,480.1,480.0,489.2,476.75,485.95,486.4,485.48,3986434,193531495090000.0,61710.0,1344272.0,0.3372
2014-11-19,TATASTEEL,EQ,486.4,486.1,492.75,469.3,471.1,471.0,481.15,4475299,215327028119999.97,69726.0,952059.0,0.2127
2014-11-20,TATASTEEL,EQ,471.0,471.95,472.8,462.05,466.35,466.6,466.51,3871649,180616667220000.0,70937.0,895891.0,0.23140000000000002
2014-11-21,TATASTEEL,EQ,466.6,467.0,472.5,460.1,463.15,462.9,465.4,3989664,185680733745000.0,63659.0,1134764.0,0.28440000000000004
2014-11-24,TATASTEEL,EQ,462.9,473.0,479.8,470.5,476.9,476.6,476.06,4342517,206731994250000.0,64728.0,1339541.0,0.3085
2014-11-25,TATASTEEL,EQ,476.6,475.05,476.0,458.5,464.7,464.45,464.11,4366157,202636670705000.0,65423.0,1665758.0,0.3815
2014-11-26,TATASTEEL,EQ,464.45,465.0,468.9,460.45,465.0,466.25,465.36,3539242,164702114250000.0,51157.0,1234966.0,0.3489
2014-11-27,TATASTEEL,EQ,466.25,465.0,469.0,459.1,460.5,460.2,461.43,4178119,192790707435000.0,39450.0,2601709.0,0.6227
2014-11-28,TATASTEEL,EQ,460.2,461.5,475.25,461.5,473.05,473.35,469.77,4827009,226758516885000.0,64645.0,1759494.0,0.36450000000000005
2014-12-01,TATASTEEL,EQ,473.35,475.0,475.0,459.15,461.15,461.15,464.8,3075179,142932790555000.0,47384.0,1100523.0,0.3579
2014-12-02,TATASTEEL,EQ,461.15,461.0,467.45,460.2,465.85,465.2,464.71,3097160,143926853090000.0,50472.0,887649.0,0.2866
2014-12-03,TATASTEEL,EQ,465.2,467.4,469.65,462.0,463.2,463.75,465.8,2806974,130749636740000.02,40273.0,736416.0,0.26239999999999997
2014-12-04,TATASTEEL,EQ,463.75,464.15,467.45,456.7,461.6,461.85,461.45,3321546,153271687465000.0,60944.0,769697.0,0.23170000000000002
2014-12-05,TATASTEEL,EQ,461.85,463.5,468.7,459.5,460.8,461.15,464.42,3067638,142466026985000.0,47459.0,1078596.0,0.35159999999999997
2014-12-08,TATASTEEL,EQ,461.15,464.0,466.0,450.45,450.9,451.85,457.56,3055870,139824901240000.02,52961.0,1032424.0,0.33780000000000004
2014-12-09,TATASTEEL,EQ,451.85,451.4,451.4,435.05,435.6,436.3,442.73,4066957,180057932930000.0,67295.0,1211649.0,0.2979
2014-12-10,TATASTEEL,EQ,436.3,432.4,443.0,427.6,434.2,432.5,436.21,4734292,206514046115000.0,68636.0,1765360.0,0.3729
2014-12-11,TATASTEEL,EQ,432.5,431.0,435.0,416.95,417.0,418.75,424.07,5271659,223554144119999.97,97234.0,2093807.0,0.3972
2014-12-12,TATASTEEL,EQ,418.75,420.0,422.9,400.05,400.5,402.7,412.53,6523297,269106308175000.0,109945.0,2161652.0,0.33140000000000003
2014-12-15,TATASTEEL,EQ,402.7,399.0,408.35,396.0,400.75,400.95,402.03,4797611,192878279240000.0,82743.0,1176944.0,0.24530000000000002
2014-12-16,TATASTEEL,EQ,400.95,397.0,402.8,387.0,387.0,389.65,392.95,5771833,226803728444999.97,81261.0,1834850.0,0.3179
2014-12-17,TATASTEEL,EQ,389.65,394.0,404.9,387.05,393.75,393.45,397.51,8016501,318666852545000.0,128840.0,2403374.0,0.2998
2014-12-18,TATASTEEL,EQ,393.45,401.05,405.9,399.5,403.0,401.6,402.47,4410200,177496256830000.0,67585.0,1305314.0,0.29600000000000004
2014-12-19,TATASTEEL,EQ,401.6,405.6,411.1,403.0,406.25,405.45,407.08,4630339,188490926280000.0,75034.0,1581209.0,0.34149999999999997
2014-12-22,TATASTEEL,EQ,405.45,406.45,409.6,398.7,404.75,404.05,403.41,3254302,131282710805000.0,64327.0,1107376.0,0.3403
2014-12-23,TATASTEEL,EQ,404.05,405.1,406.6,392.7,394.5,394.8,398.07,3784076,150634219035000.0,58396.0,1293678.0,0.3419
2014-12-24,TATASTEEL,EQ,394.8,391.25,399.7,391.1,397.0,395.25,395.17,7351514,290512891390000.0,81795.0,3874108.0,0.527
2014-12-26,TATASTEEL,EQ,395.25,396.05,399.7,390.1,396.0,398.25,395.65,3020740,119514142509999.98,46848.0,469749.0,0.1555
2014-12-29,TATASTEEL,EQ,398.25,399.2,410.55,399.0,405.0,404.1,406.39,4077406,165699783970000.0,63098.0,1011134.0,0.24800000000000003
2014-12-30,TATASTEEL,EQ,404.1,404.4,405.9,395.25,396.5,396.3,398.8,2899074,115614786670000.0,41907.0,784104.0,0.2705
2014-12-31,TATASTEEL,EQ,396.3,397.0,401.75,395.55,399.15,399.4,398.83,2252991,89855086150000.0,34327.0,361924.0,0.1606
2015-01-01,TATASTEEL,EQ,399.4,397.1,406.0,397.1,405.85,404.45,402.47,2531499,101885551165000.0,36733.0,547909.0,0.2164
2015-01-02,TATASTEEL,EQ,404.45,406.0,413.0,406.0,411.0,410.75,409.65,3433980,140672159200000.0,53347.0,848433.0,0.24710000000000001
2015-01-05,TATASTEEL,EQ,410.75,413.0,421.45,413.0,417.95,416.7,418.04,5205645,217618284865000.0,74723.0,1369990.0,0.2632
2015-01-06,TATASTEEL,EQ,416.7,414.0,414.0,394.35,395.4,396.5,401.44,6170681,247716871419999.97,80489.0,2529632.0,0.40990000000000004
2015-01-07,TATASTEEL,EQ,396.5,397.8,397.8,383.6,388.6,388.9,389.94,4749099,185184811970000.0,78902.0,1406508.0,0.2962
2015-01-08,TATASTEEL,EQ,388.9,394.0,396.7,390.6,394.15,394.95,393.83,3169917,124839659280000.0,51286.0,763860.0,0.24100000000000002
2015-01-09,TATASTEEL,EQ,394.95,402.0,404.9,395.1,398.9,399.65,400.75,5061000,202818015640000.0,68789.0,1222094.0,0.2415
2015-01-12,TATASTEEL,EQ,399.65,399.5,399.5,393.0,396.9,396.75,395.99,2690982,106561496000000.0,39164.0,610653.0,0.22690000000000002
2015-01-13,TATASTEEL,EQ,396.75,397.0,398.85,390.2,391.4,391.5,394.42,3002748,118433873015000.02,61548.0,799883.0,0.2664
2015-01-14,TATASTEEL,EQ,391.5,391.45,391.45,375.5,375.95,376.85,380.72,7129562,271439779660000.0,109690.0,3412295.0,0.4786
2015-01-15,TATASTEEL,EQ,376.85,378.8,388.7,372.1,381.0,384.75,380.45,7011341,266745300730000.03,104821.0,2215768.0,0.316
2015-01-16,TATASTEEL,EQ,384.75,382.0,385.5,376.3,384.15,383.4,382.35,4538517,173528626545000.0,94192.0,1643998.0,0.3622
2015-01-19,TATASTEEL,EQ,383.4,384.6,386.9,380.55,384.7,384.75,383.91,2789825,107103719855000.0,44691.0,753684.0,0.2702
2015-01-20,TATASTEEL,EQ,384.75,385.6,403.6,385.6,403.0,402.0,397.09,6017882,238963060430000.03,82554.0,1848684.0,0.3072
2015-01-21,TATASTEEL,EQ,402.0,405.0,406.0,393.5,396.1,397.1,398.5,3897727,155325879905000.0,72569.0,1328060.0,0.3407
2015-01-22,TATASTEEL,EQ,397.1,398.0,404.7,396.0,403.4,403.4,400.37,4527709,181274237720000.0,109129.0,1785985.0,0.3945
2015-01-23,TATASTEEL,EQ,403.4,410.0,412.0,399.0,401.6,403.1,404.33,4526581,183022089865000.0,68407.0,1208432.0,0.267
2015-01-27,TATASTEEL,EQ,403.1,402.8,404.0,395.5,398.0,398.4,398.92,3972311,158465120850000.0,95591.0,1927390.0,0.4852
2015-01-28,TATASTEEL,EQ,398.4,397.0,397.0,388.9,389.75,391.15,391.93,3995448,156591684500000.0,62476.0,1475520.0,0.3693
2015-01-29,TATASTEEL,EQ,391.15,390.3,392.4,383.7,390.0,390.4,388.54,5162946,200601317775000.0,69906.0,2740429.0,0.5307999999999999
2015-01-30,TATASTEEL,EQ,390.4,392.5,395.0,386.5,390.7,390.45,391.27,3600813,140889779945000.0,58070.0,1361691.0,0.37820000000000004
2015-02-02,TATASTEEL,EQ,390.45,389.9,394.8,382.2,383.8,383.85,388.45,3179020,123489021440000.02,48880.0,930230.0,0.2926
2015-02-03,TATASTEEL,EQ,383.85,387.0,387.45,378.1,380.55,381.1,382.7,3443635,131787411384999.98,60402.0,993083.0,0.2884
2015-02-04,TATASTEEL,EQ,381.1,383.9,393.4,383.0,387.75,389.2,388.82,4420502,171878400830000.0,56105.0,1196467.0,0.2707
2015-02-05,TATASTEEL,EQ,389.2,391.7,392.8,378.05,378.55,379.25,385.37,3102143,119548555670000.0,49533.0,881855.0,0.2843
2015-02-06,TATASTEEL,EQ,379.25,380.0,380.7,367.0,367.1,368.65,371.56,4519435,167926060840000.0,75971.0,1298954.0,0.2874
2015-02-09,TATASTEEL,EQ,368.65,357.0,361.5,346.2,346.3,347.45,353.51,7535773,266397897635000.0,120196.0,3039265.0,0.4033
2015-02-10,TATASTEEL,EQ,347.45,345.0,360.0,345.0,358.5,357.75,353.16,5281226,186510050500000.0,72784.0,1765209.0,0.3342
2015-02-11,TATASTEEL,EQ,357.75,360.0,368.7,353.0,364.4,365.0,361.15,3956657,142896143385000.0,55432.0,976320.0,0.2468
2015-02-12,TATASTEEL,EQ,365.0,366.2,367.4,356.0,365.95,365.3,362.62,3415692,123859559734999.98,51910.0,598600.0,0.1752
2015-02-13,TATASTEEL,EQ,365.3,368.7,371.8,365.25,366.15,366.55,367.92,3736466,137473684634999.98,51768.0,1538099.0,0.41159999999999997
2015-02-16,TATASTEEL,EQ,366.55,368.75,374.45,368.35,369.15,369.8,371.44,2991370,111111504340000.02,49164.0,1095361.0,0.36619999999999997
2015-02-18,TATASTEEL,EQ,369.8,371.95,371.95,364.7,368.1,367.5,367.6,3232668,118832378434999.98,50588.0,1649345.0,0.5102
2015-02-19,TATASTEEL,EQ,367.5,368.0,379.8,368.0,375.5,375.25,375.21,7752626,290889193745000.0,79882.0,3429093.0,0.44229999999999997
2015-02-20,TATASTEEL,EQ,375.25,378.0,381.85,373.0,374.0,374.7,378.11,3442401,130161507600000.0,50747.0,828271.0,0.24059999999999998
2015-02-23,TATASTEEL,EQ,374.7,376.5,376.9,365.0,365.7,367.35,371.78,3085181,114700844250000.0,47991.0,1278858.0,0.41450000000000004
2015-02-24,TATASTEEL,EQ,367.35,368.1,370.0,357.2,358.5,359.1,361.65,3288127,118915635725000.0,45692.0,889224.0,0.2704
2015-02-25,TATASTEEL,EQ,359.1,362.8,364.8,350.1,350.95,350.9,356.85,3932349,140324903845000.0,67057.0,1543710.0,0.3926
2015-02-26,TATASTEEL,EQ,350.9,352.3,354.9,344.25,345.4,345.2,348.42,8064365,280975237730000.03,93115.0,3754885.0,0.4656
2015-02-27,TATASTEEL,EQ,345.2,347.45,354.7,345.8,351.35,350.65,350.81,5014678,175918352265000.0,103510.0,2438019.0,0.48619999999999997
2015-02-28,TATASTEEL,EQ,350.65,356.15,364.55,346.5,355.3,355.25,356.39,7496515,267170895694999.97,87187.0,1300061.0,0.1734
2015-03-02,TATASTEEL,EQ,355.25,357.4,359.2,349.0,352.5,352.55,352.23,4380314,154288239780000.0,58122.0,1703840.0,0.389
2015-03-03,TATASTEEL,EQ,352.55,353.0,357.85,349.5,352.45,353.15,353.57,5121104,181067564340000.0,61158.0,1926972.0,0.3763
2015-03-04,TATASTEEL,EQ,353.15,356.0,357.15,345.6,346.45,348.15,352.54,4673329,164755867365000.0,62960.0,1979065.0,0.42350000000000004
2015-03-05,TATASTEEL,EQ,348.15,348.5,349.2,341.25,342.8,343.25,344.17,4770135,164171503830000.0,70986.0,1885256.0,0.39520000000000005
2015-03-09,TATASTEEL,EQ,343.25,343.25,343.7,335.0,335.35,336.3,339.14,4368765,148163558720000.0,53791.0,2032088.0,0.4651
2015-03-10,TATASTEEL,EQ,336.3,338.15,339.0,330.05,332.3,331.6,334.24,4091848,136766902465000.02,57140.0,1626552.0,0.3975
2015-03-11,TATASTEEL,EQ,331.6,333.0,335.0,324.25,325.4,325.3,328.67,4682270,153891039900000.0,61175.0,1897333.0,0.40520000000000006
2015-03-12,TATASTEEL,EQ,325.3,327.7,336.4,327.45,333.3,333.2,332.59,4324521,143828181100000.0,60737.0,1045981.0,0.24190000000000003
2015-03-13,TATASTEEL,EQ,333.2,336.0,336.45,325.0,327.75,326.5,328.6,3279674,107771176865000.02,58178.0,964778.0,0.2942
2015-03-16,TATASTEEL,EQ,326.5,328.85,328.85,323.1,326.5,326.2,325.49,2777100,90391160855000.0,40519.0,593614.0,0.2138
2015-03-17,TATASTEEL,EQ,326.2,330.0,336.45,327.1,332.55,332.55,332.06,4329067,143751163060000.0,55655.0,898268.0,0.20750000000000002
2015-03-18,TATASTEEL,EQ,332.55,335.7,335.7,329.35,329.9,331.75,332.52,3099693,103070820805000.0,48036.0,978313.0,0.3156
2015-03-19,TATASTEEL,EQ,331.75,334.25,344.8,333.65,334.65,336.6,339.87,6148738,208977972325000.0,78270.0,1808987.0,0.2942
2015-03-20,TATASTEEL,EQ,336.6,336.6,341.4,327.0,328.25,328.7,333.71,5776131,192757615345000.0,84142.0,1428158.0,0.24730000000000002
2015-03-23,TATASTEEL,EQ,328.7,330.45,335.0,328.6,331.7,331.4,331.88,3580330,118822785720000.0,49770.0,969942.0,0.27090000000000003
2015-03-24,TATASTEEL,EQ,331.4,330.1,333.9,324.25,327.0,327.15,328.59,4453740,146346651295000.0,59615.0,1748483.0,0.3926
2015-03-25,TATASTEEL,EQ,327.15,328.0,328.95,322.0,322.0,323.15,324.49,3544781,115024399045000.0,52225.0,1484414.0,0.41880000000000006
2015-03-26,TATASTEEL,EQ,323.15,323.0,324.95,314.0,315.6,315.6,318.67,6516994,207676328095000.0,72426.0,3038790.0,0.46630000000000005
2015-03-27,TATASTEEL,EQ,315.6,317.4,319.35,311.2,314.85,315.1,315.57,4019204,126832366409999.98,53487.0,1129121.0,0.2809
2015-03-30,TATASTEEL,EQ,315.1,318.0,324.9,315.15,324.0,322.4,320.02,2990579,95703955625000.0,39825.0,784388.0,0.26230000000000003
2015-03-31,TATASTEEL,EQ,322.4,326.3,326.4,315.2,316.15,316.75,320.48,3934898,126107542784999.98,59250.0,1633334.0,0.41509999999999997
2015-04-01,TATASTEEL,EQ,316.75,317.0,324.9,316.0,322.75,323.65,320.36,3086061,98863820860000.0,41993.0,794728.0,0.2575
2015-04-06,TATASTEEL,EQ,323.65,324.4,325.6,316.6,317.4,318.1,318.97,3669674,117053026745000.0,51746.0,1500926.0,0.409
2015-04-07,TATASTEEL,EQ,318.1,320.3,335.2,317.0,334.4,333.5,326.04,7293723,237800916500000.0,83152.0,1763296.0,0.24180000000000001
2015-04-08,TATASTEEL,EQ,333.5,336.1,338.9,328.6,335.8,336.1,334.88,6284727,210465171120000.0,83647.0,2287614.0,0.364
2015-04-09,TATASTEEL,EQ,336.1,337.5,347.4,337.0,345.7,346.05,343.04,6151508,211019693330000.0,75324.0,1975496.0,0.3211
2015-04-10,TATASTEEL,EQ,346.05,345.7,349.0,341.25,342.25,342.7,345.27,4816228,166291758820000.0,65211.0,1559580.0,0.32380000000000003
2015-04-13,TATASTEEL,EQ,342.7,344.25,348.25,341.1,345.1,345.2,345.37,3442898,118906759255000.0,58668.0,1086418.0,0.3156
2015-04-15,TATASTEEL,EQ,345.2,345.0,345.2,336.2,336.75,337.65,340.37,3199963,108918673715000.02,60016.0,1459352.0,0.4561
2015-04-16,TATASTEEL,EQ,337.65,338.4,343.35,333.55,337.05,337.7,338.06,3770739,127474198015000.02,45444.0,1126123.0,0.2986
2015-04-17,TATASTEEL,EQ,337.7,336.75,352.2,335.15,347.0,346.0,346.9,6980772,242162899044999.97,81171.0,1667451.0,0.2389
2015-04-20,TATASTEEL,EQ,346.0,348.5,354.3,339.15,345.0,344.45,348.01,6266956,218095344250000.0,71565.0,1447558.0,0.231
2015-04-21,TATASTEEL,EQ,344.45,346.5,352.0,343.55,348.25,348.25,348.27,4995068,173965117120000.0,72661.0,1735546.0,0.34750000000000003
2015-04-22,TATASTEEL,EQ,348.25,349.95,354.5,341.25,354.3,351.35,348.55,4784322,166758303950000.0,56674.0,1291259.0,0.2699
2015-04-23,TATASTEEL,EQ,351.35,355.0,370.95,354.3,369.8,369.45,365.33,12192278,445426509920000.0,173514.0,5001023.0,0.41020000000000006
2015-04-24,TATASTEEL,EQ,369.45,371.8,374.8,362.6,367.95,370.5,370.43,8458618,313328641780000.0,109642.0,3119113.0,0.36869999999999997
2015-04-27,TATASTEEL,EQ,370.5,369.1,372.8,361.5,368.1,368.9,367.6,4996552,183674683120000.0,65403.0,1764821.0,0.3532
2015-04-28,TATASTEEL,EQ,368.9,370.0,374.05,366.1,370.65,371.25,370.23,4159900,154013408495000.0,57966.0,1358172.0,0.3265
2015-04-29,TATASTEEL,EQ,371.25,371.9,379.3,368.0,371.5,369.95,374.78,5452386,204343170400000.0,71631.0,2087207.0,0.38280000000000003
2015-04-30,TATASTEEL,EQ,369.95,368.0,368.9,359.1,362.3,360.35,362.47,6180164,224011783519999.97,59444.0,2995306.0,0.4847
2015-05-04,TATASTEEL,EQ,360.35,361.55,366.8,357.2,366.0,361.65,361.37,3268455,118111829555000.0,44977.0,940732.0,0.2878
2015-05-05,TATASTEEL,EQ,361.65,364.4,381.0,362.85,379.85,380.1,375.75,7665150,288021520140000.0,83674.0,2552300.0,0.33299999999999996
2015-05-06,TATASTEEL,EQ,380.1,381.0,384.5,366.0,367.2,367.65,373.28,5998971,223927786894999.97,69938.0,1406273.0,0.23440000000000003
2015-05-07,TATASTEEL,EQ,367.65,365.85,370.65,360.5,368.0,367.3,365.07,4140828,151170622020000.0,57368.0,1082070.0,0.2613
2015-05-08,TATASTEEL,EQ,367.3,370.1,375.0,364.1,367.7,366.7,368.56,3452917,127261416084999.98,47691.0,678485.0,0.19649999999999998
2015-05-11,TATASTEEL,EQ,366.7,372.1,381.4,370.5,376.8,377.1,376.99,4477605,168801048505000.0,65037.0,1247743.0,0.2787
2015-05-12,TATASTEEL,EQ,377.1,375.35,376.0,352.55,353.0,353.6,360.04,5474619,197107384195000.0,76628.0,2011158.0,0.3674
2015-05-13,TATASTEEL,EQ,353.6,356.25,361.5,351.65,360.05,359.5,357.41,5396079,192863425305000.0,82880.0,1177127.0,0.2181
2015-05-14,TATASTEEL,EQ,359.5,360.0,367.8,357.35,365.7,366.4,363.66,3754097,136522008695000.0,53920.0,1018795.0,0.27140000000000003
2015-05-15,TATASTEEL,EQ,366.4,360.0,365.9,355.1,363.6,364.1,361.13,5169337,186681419925000.0,87994.0,1240824.0,0.24
2015-05-18,TATASTEEL,EQ,364.1,365.0,367.0,361.0,363.5,364.15,363.94,2393588,87112420490000.0,38322.0,569472.0,0.2379
2015-05-19,TATASTEEL,EQ,364.15,364.0,369.95,362.2,368.0,368.35,367.18,2939636,107936551075000.0,45517.0,816033.0,0.2776
2015-05-20,TATASTEEL,EQ,368.35,367.4,367.4,355.55,360.65,361.3,360.93,6440489,232457204644999.97,82912.0,1202336.0,0.18670000000000003
2015-05-21,TATASTEEL,EQ,361.3,350.0,351.0,341.15,344.0,342.25,344.19,10255440,352977796625000.0,118884.0,2479658.0,0.24180000000000001
2015-05-22,TATASTEEL,EQ,342.25,343.0,347.55,340.45,341.55,341.3,343.73,3923140,134851299830000.0,46209.0,802503.0,0.2046
2015-05-25,TATASTEEL,EQ,341.3,339.45,339.85,331.0,332.2,332.0,334.7,3894467,130348196565000.02,46230.0,1129726.0,0.2901
2015-05-26,TATASTEEL,EQ,332.0,336.5,336.5,329.3,333.5,332.85,332.86,2899173,96500482795000.0,40187.0,691531.0,0.23850000000000002
2015-05-27,TATASTEEL,EQ,332.85,332.85,334.25,327.1,328.4,328.15,330.03,2890064,95381391790000.0,38037.0,1062335.0,0.3676
2015-05-28,TATASTEEL,EQ,328.15,329.8,330.9,322.15,324.85,324.7,325.41,4644009,151119082060000.0,58882.0,2267410.0,0.4882
2015-05-29,TATASTEEL,EQ,324.7,325.0,332.15,325.0,328.7,328.5,328.35,3721535,122194741530000.0,52212.0,1647240.0,0.4426
2015-06-01,TATASTEEL,EQ,328.5,329.95,333.1,327.35,329.55,329.65,330.36,1977913,65341985925000.0,28323.0,628705.0,0.3179
2015-06-02,TATASTEEL,EQ,329.65,330.0,330.9,320.45,320.9,321.75,324.5,2315060,75122964530000.0,31876.0,712583.0,0.3078
2015-06-03,TATASTEEL,EQ,321.75,322.05,322.95,314.2,317.0,316.25,317.54,2934090,93168094970000.0,41326.0,1017971.0,0.3469
2015-06-04,TATASTEEL,EQ,316.25,317.15,318.75,304.55,307.15,308.05,309.75,4750173,147138551665000.0,64873.0,1113748.0,0.2345
2015-06-05,TATASTEEL,EQ,308.05,309.0,317.2,302.25,311.0,311.1,310.09,5026335,155860954845000.0,65631.0,767734.0,0.1527
2015-06-08,TATASTEEL,EQ,311.1,312.0,314.95,301.5,301.7,302.25,305.69,3771355,115285980265000.02,53308.0,967057.0,0.2564
2015-06-09,TATASTEEL,EQ,302.25,296.0,307.35,293.0,304.5,304.75,301.32,6943722,209228091545000.0,86789.0,1226078.0,0.1766
2015-06-10,TATASTEEL,EQ,304.75,305.0,307.8,301.7,305.7,306.0,305.17,2920885,89136109095000.0,42266.0,504161.0,0.17260000000000003
2015-06-11,TATASTEEL,EQ,306.0,306.1,306.9,297.2,299.0,298.7,300.96,3989250,120060902090000.02,57143.0,1136387.0,0.2849
2015-06-12,TATASTEEL,EQ,298.7,298.0,300.9,294.15,298.05,297.55,297.38,2718499,80843553555000.0,39721.0,563792.0,0.2074
2015-06-15,TATASTEEL,EQ,297.55,298.0,302.75,296.05,296.35,297.0,298.66,2694931,80486649720000.0,35614.0,696330.0,0.2584
2015-06-16,TATASTEEL,EQ,297.0,296.8,297.5,291.0,294.4,294.45,293.84,3068405,90162802740000.0,43408.0,819228.0,0.267
2015-06-17,TATASTEEL,EQ,294.45,303.7,310.95,298.25,302.85,305.05,305.4,8323477,254198626525000.0,90978.0,1482481.0,0.17809999999999998
2015-06-18,TATASTEEL,EQ,305.05,304.3,306.5,300.9,303.7,303.7,304.21,3879758,118025088130000.0,48074.0,709680.0,0.1829
2015-06-19,TATASTEEL,EQ,303.7,305.45,309.75,304.1,305.0,304.95,306.68,3289553,100882860850000.0,43306.0,898715.0,0.2732
2015-06-22,TATASTEEL,EQ,304.95,309.0,312.8,307.0,310.7,310.65,309.82,3567461,110526434655000.0,43830.0,710810.0,0.19920000000000002
2015-06-23,TATASTEEL,EQ,310.65,311.1,316.7,310.8,313.0,313.05,313.9,3013141,94582276560000.0,35710.0,516052.0,0.17129999999999998
2015-06-24,TATASTEEL,EQ,313.05,314.0,314.4,302.9,303.4,304.55,308.62,2831828,87396629330000.0,36394.0,830358.0,0.2932
2015-06-25,TATASTEEL,EQ,304.55,303.8,304.8,301.2,303.05,302.7,302.8,4608311,139539148359999.98,46272.0,2042758.0,0.44329999999999997
2015-06-26,TATASTEEL,EQ,302.7,302.5,303.1,297.0,298.05,298.65,299.4,3380657,101215780625000.0,39557.0,865133.0,0.2559
2015-06-29,TATASTEEL,EQ,298.65,294.0,297.75,287.4,296.6,296.3,292.43,3531575,103273286470000.0,42025.0,723568.0,0.2049
2015-06-30,TATASTEEL,EQ,296.3,296.3,306.5,295.25,306.3,304.6,300.55,3062319,92038826135000.0,39194.0,810897.0,0.26480000000000004
2015-07-01,TATASTEEL,EQ,304.6,305.0,309.0,303.4,307.1,306.95,306.8,3143855,96452544000000.0,39184.0,890617.0,0.2833
2015-07-02,TATASTEEL,EQ,306.95,307.25,310.45,303.2,304.5,304.35,306.94,3840112,117867650445000.0,46638.0,941881.0,0.24530000000000002
2015-07-03,TATASTEEL,EQ,304.35,306.35,307.9,299.55,301.2,301.2,302.88,2742506,83065813035000.0,32087.0,657737.0,0.2398
2015-07-06,TATASTEEL,EQ,301.2,295.0,299.75,292.0,299.65,299.0,295.66,3708182,109635794245000.0,46060.0,681931.0,0.1839
2015-07-07,TATASTEEL,EQ,299.0,301.7,303.05,296.1,298.55,298.2,299.39,3298732,98759928515000.0,42921.0,1049490.0,0.3181
2015-07-08,TATASTEEL,EQ,298.2,294.0,294.0,281.8,282.0,283.15,286.82,8141937,233527964144999.97,93231.0,3161252.0,0.3883
2015-07-09,TATASTEEL,EQ,283.15,283.5,287.4,279.6,281.25,280.5,282.93,6214726,175835413330000.0,78849.0,2177320.0,0.3503
2015-07-10,TATASTEEL,EQ,280.5,282.9,284.5,278.75,281.5,280.9,281.1,4021397,113041516234999.98,67868.0,898074.0,0.2233
2015-07-13,TATASTEEL,EQ,280.9,283.5,285.7,279.0,284.2,284.45,282.86,3436859,97214211020000.0,39905.0,785728.0,0.2286
2015-07-14,TATASTEEL,EQ,284.45,284.75,286.7,280.5,281.0,281.15,282.85,3430737,97039568180000.0,36357.0,1200556.0,0.34990000000000004
2015-07-15,TATASTEEL,EQ,281.15,282.7,284.8,279.1,280.9,280.4,281.89,3679789,103729820300000.0,46885.0,1197562.0,0.3254
2015-07-16,TATASTEEL,EQ,280.4,285.1,286.5,280.1,281.0,280.8,282.15,6313384,178130445545000.0,72257.0,2289934.0,0.3627
2015-07-17,TATASTEEL,EQ,280.8,282.0,286.35,280.0,283.7,284.05,283.87,6449985,183096864220000.0,68326.0,2519551.0,0.39060000000000006
2015-07-20,TATASTEEL,EQ,284.05,285.0,287.7,283.0,283.3,283.55,284.84,3733723,106349519940000.0,41577.0,1193612.0,0.3197
2015-07-21,TATASTEEL,EQ,283.55,284.1,284.1,273.85,274.35,274.7,276.83,5095184,141051944910000.0,54261.0,1829441.0,0.3591
2015-07-22,TATASTEEL,EQ,274.7,271.25,281.0,268.7,280.7,280.4,276.04,5910848,163162168955000.0,59761.0,1639508.0,0.2774
2015-07-23,TATASTEEL,EQ,280.4,274.0,274.45,269.3,269.6,269.9,271.17,6961219,188769232265000.0,65710.0,3156636.0,0.4535
2015-07-24,TATASTEEL,EQ,269.9,269.7,271.65,264.2,264.5,265.05,268.1,3810280,102154090980000.0,48771.0,1251897.0,0.3286
2015-07-27,TATASTEEL,EQ,265.05,263.0,263.2,250.05,250.2,250.75,254.65,7648463,194770655100000.0,86169.0,2860481.0,0.374
2015-07-28,TATASTEEL,EQ,250.75,251.0,252.45,246.4,249.2,249.25,249.44,5538500,138154183445000.0,64333.0,1586549.0,0.2865
2015-07-29,TATASTEEL,EQ,249.25,251.0,254.65,249.4,250.4,250.55,251.42,4003496,100655177660000.0,43942.0,1207250.0,0.3015
2015-07-30,TATASTEEL,EQ,250.55,252.9,253.0,247.55,248.6,248.15,249.52,5169083,128979209750000.0,50858.0,2031836.0,0.3931
2015-07-31,TATASTEEL,EQ,248.15,250.0,252.7,245.0,245.7,246.9,249.53,8848138,220784445750000.0,54126.0,5193506.0,0.5870000000000001
2015-08-03,TATASTEEL,EQ,246.9,246.9,250.8,245.3,247.95,247.95,248.17,3556212,88253035040000.0,43990.0,858784.0,0.2415
2015-08-04,TATASTEEL,EQ,247.95,249.7,259.75,246.05,258.8,256.3,252.25,9723318,245272012235000.0,85418.0,3525638.0,0.3626
2015-08-05,TATASTEEL,EQ,256.3,260.0,268.5,259.95,262.3,262.3,265.02,7979075,211459031800000.0,77749.0,1925687.0,0.2413
2015-08-06,TATASTEEL,EQ,262.3,262.35,265.4,256.25,260.25,261.0,261.75,6376740,166912239895000.0,64489.0,1522808.0,0.23879999999999998
2015-08-07,TATASTEEL,EQ,261.0,261.0,264.55,260.15,262.05,262.05,262.37,3791638,99480397475000.0,38232.0,931109.0,0.24559999999999998
2015-08-10,TATASTEEL,EQ,262.05,262.9,265.0,260.0,260.25,261.15,262.55,3401136,89295940180000.0,35643.0,620338.0,0.18239999999999998
2015-08-11,TATASTEEL,EQ,261.15,259.95,260.0,245.7,247.3,246.8,251.5,8827248,222007187330000.03,92274.0,3081173.0,0.34909999999999997
2015-08-12,TATASTEEL,EQ,246.8,254.4,257.9,246.1,249.45,249.05,251.95,15172684,382270128130000.0,137126.0,2474100.0,0.1631
2015-08-13,TATASTEEL,EQ,249.05,253.35,253.9,232.3,234.0,233.6,239.6,13764560,329793622585000.0,135831.0,3864065.0,0.2807
2015-08-14,TATASTEEL,EQ,233.6,234.25,239.2,229.0,237.5,237.6,234.77,9065329,212822740335000.0,94176.0,1759383.0,0.1941
2015-08-17,TATASTEEL,EQ,237.6,238.5,248.5,234.2,247.5,246.75,242.43,8524452,206656201775000.0,86936.0,2314312.0,0.2715
2015-08-18,TATASTEEL,EQ,246.75,248.1,254.9,246.6,252.4,252.35,251.32,9805064,246416319275000.0,112123.0,3145393.0,0.3208
2015-08-19,TATASTEEL,EQ,252.35,250.1,253.35,246.75,249.55,249.8,250.28,4304085,107720806105000.0,47315.0,905773.0,0.2104
2015-08-20,TATASTEEL,EQ,249.8,247.7,248.4,240.5,242.0,241.55,243.29,4626334,112553650959999.98,50296.0,753801.0,0.1629
2015-08-21,TATASTEEL,EQ,241.55,238.5,238.5,231.5,236.3,237.25,234.9,5247042,123253505730000.0,55429.0,1349405.0,0.2572
2015-08-24,TATASTEEL,EQ,237.25,229.3,229.3,202.65,204.45,206.1,218.36,11711489,255728588575000.0,115378.0,5058168.0,0.4319
2015-08-25,TATASTEEL,EQ,206.1,210.0,217.9,200.1,215.0,213.45,209.76,14206932,297999420225000.0,125955.0,5269172.0,0.37090000000000006
2015-08-26,TATASTEEL,EQ,213.45,213.0,219.7,208.95,214.8,215.65,213.74,8336683,178191294770000.0,76088.0,2186535.0,0.26230000000000003
2015-08-27,TATASTEEL,EQ,215.65,220.0,229.8,215.1,227.2,226.4,221.9,14227129,315696739945000.0,105680.0,5010980.0,0.3522
2015-08-28,TATASTEEL,EQ,226.4,232.6,234.6,223.2,229.5,228.95,230.18,9387248,216079675405000.03,82025.0,3413964.0,0.36369999999999997
2015-08-31,TATASTEEL,EQ,228.95,225.3,228.7,223.65,225.3,225.4,225.64,5782337,130471276580000.0,54922.0,1745687.0,0.3019
2015-09-01,TATASTEEL,EQ,225.4,222.0,226.25,213.05,216.4,216.3,220.12,6475249,142532000890000.0,66176.0,1435331.0,0.2217
2015-09-02,TATASTEEL,EQ,216.3,218.9,225.9,210.3,220.9,219.5,218.59,8909770,194761626285000.0,89182.0,1143330.0,0.1283
2015-09-03,TATASTEEL,EQ,219.5,223.4,232.7,222.1,229.55,229.75,228.33,7083000,161729346600000.0,72829.0,1520150.0,0.2146
2015-09-04,TATASTEEL,EQ,229.75,228.9,228.9,217.0,218.9,218.9,220.19,7229850,159194048960000.0,67654.0,1835714.0,0.2539
2015-09-07,TATASTEEL,EQ,218.9,221.25,224.0,215.15,215.4,215.85,218.62,4933877,107862420600000.0,48161.0,972683.0,0.19710000000000003
2015-09-08,TATASTEEL,EQ,215.85,218.6,233.0,217.3,228.9,228.75,225.85,8236919,186034605445000.0,76443.0,2045479.0,0.2483
2015-09-09,TATASTEEL,EQ,228.75,236.0,241.8,232.35,238.9,239.5,238.09,8824007,210094757880000.0,86750.0,1891045.0,0.2143
2015-09-10,TATASTEEL,EQ,239.5,236.35,243.0,231.6,242.6,240.2,236.84,7252370,171766486225000.0,68900.0,932292.0,0.1285
2015-09-11,TATASTEEL,EQ,240.2,243.35,243.5,230.9,233.05,232.95,236.51,5909535,139765883709999.98,61353.0,996955.0,0.16870000000000002
2015-09-14,TATASTEEL,EQ,232.95,234.0,243.25,234.0,241.0,241.8,239.92,7159139,171765578900000.0,67277.0,1550888.0,0.21660000000000001
2015-09-15,TATASTEEL,EQ,241.8,241.75,243.85,228.5,228.6,229.15,233.23,9148259,213369412250000.0,84683.0,2540812.0,0.2777
2015-09-16,TATASTEEL,EQ,229.15,232.0,233.35,227.1,230.0,230.5,230.47,7191606,165747472685000.0,68492.0,1025046.0,0.14250000000000002
2015-09-18,TATASTEEL,EQ,230.5,234.0,235.4,227.4,228.45,228.1,231.09,7629706,176312278245000.0,84821.0,2238622.0,0.2934
2015-09-21,TATASTEEL,EQ,228.1,226.3,229.3,223.1,226.4,226.45,226.23,5374416,121584196559999.98,58387.0,1086103.0,0.2021
2015-09-22,TATASTEEL,EQ,226.45,228.0,228.9,219.2,219.35,220.1,224.3,5098481,114360376720000.0,57119.0,1326522.0,0.2602
2015-09-23,TATASTEEL,EQ,220.1,214.4,224.05,214.0,221.35,221.0,218.31,7194580,157066605300000.0,84902.0,1171095.0,0.16280000000000003
2015-09-24,TATASTEEL,EQ,221.0,220.0,220.75,214.3,215.4,215.15,216.96,5634416,122244392284999.98,55213.0,1694277.0,0.3007
2015-09-28,TATASTEEL,EQ,215.15,217.7,218.45,208.5,209.1,209.25,212.86,5730608,121982324845000.0,57865.0,1743439.0,0.3042
2015-09-29,TATASTEEL,EQ,209.25,205.0,206.7,199.7,202.55,201.4,202.83,12085656,245132516990000.0,115308.0,3865566.0,0.31980000000000003
2015-09-30,TATASTEEL,EQ,201.4,206.9,214.4,205.5,213.9,212.6,209.84,9291880,194978359555000.0,116064.0,2726107.0,0.2934
2015-10-01,TATASTEEL,EQ,212.6,215.0,215.5,210.25,212.5,212.25,212.4,4872962,103501098840000.0,45624.0,694756.0,0.1426
2015-10-05,TATASTEEL,EQ,212.25,214.9,225.8,214.2,225.5,225.0,220.92,8121342,179416803055000.0,79181.0,2660381.0,0.3276
2015-10-06,TATASTEEL,EQ,225.0,227.7,229.0,223.15,226.85,227.5,226.51,7359821,166705052095000.0,65212.0,2000116.0,0.2718
2015-10-07,TATASTEEL,EQ,227.5,225.0,237.7,223.6,236.1,236.8,232.05,9838509,228298461135000.0,87702.0,1878353.0,0.19090000000000001
2015-10-08,TATASTEEL,EQ,236.8,237.9,242.7,236.2,240.7,240.8,239.79,8915502,213787014925000.0,83349.0,1697350.0,0.19039999999999999
2015-10-09,TATASTEEL,EQ,240.8,242.4,253.0,242.2,253.0,251.1,248.59,10520046,261520938455000.03,116025.0,2513773.0,0.239
2015-10-12,TATASTEEL,EQ,251.1,255.1,261.95,249.8,250.1,250.85,255.68,10570075,270252864680000.03,102624.0,2372070.0,0.22440000000000002
2015-10-13,TATASTEEL,EQ,250.85,248.0,248.65,243.25,244.85,245.0,245.3,5821295,142795884770000.0,56734.0,1049431.0,0.18030000000000002
2015-10-14,TATASTEEL,EQ,245.0,244.0,253.0,243.55,247.9,248.35,250.12,6290182,157330424785000.0,58940.0,1298101.0,0.2064
2015-10-15,TATASTEEL,EQ,248.35,249.15,257.2,248.05,255.65,255.25,252.61,7008049,177032778800000.0,63915.0,1094410.0,0.1562
2015-10-16,TATASTEEL,EQ,255.25,255.9,256.7,248.4,253.0,252.9,252.14,5326586,134302257859999.98,46244.0,1285246.0,0.2413
2015-10-19,TATASTEEL,EQ,252.9,253.1,254.1,246.75,247.85,248.4,249.18,4478358,111590896295000.0,45634.0,873647.0,0.19510000000000002
2015-10-20,TATASTEEL,EQ,248.4,247.05,248.9,240.0,240.45,240.8,244.59,5248509,128371557750000.0,52723.0,1196629.0,0.228
2015-10-21,TATASTEEL,EQ,240.8,241.7,246.45,238.25,245.0,244.4,243.64,8042203,195936394420000.0,72881.0,1504375.0,0.18710000000000002
2015-10-23,TATASTEEL,EQ,244.4,247.4,251.6,244.15,246.65,246.0,248.13,5005801,124206909784999.98,54769.0,1091033.0,0.218
2015-10-26,TATASTEEL,EQ,246.0,247.35,251.55,246.25,250.05,249.65,249.14,4188032,104340466480000.0,52001.0,929899.0,0.222
2015-10-27,TATASTEEL,EQ,249.65,248.85,250.3,244.05,245.65,245.95,245.9,3403655,83695614575000.0,39961.0,823367.0,0.24190000000000003
2015-10-28,TATASTEEL,EQ,245.95,244.5,248.5,244.0,246.95,247.15,246.95,3436974,84876365320000.0,40712.0,859777.0,0.2502
2015-10-29,TATASTEEL,EQ,247.15,246.3,251.45,244.7,249.05,247.6,248.54,4589032,114055643145000.0,44511.0,1235192.0,0.26920000000000005
2015-10-30,TATASTEEL,EQ,247.6,248.4,254.8,245.15,245.95,246.6,250.0,6173260,154332388745000.0,57721.0,1621058.0,0.2626
2015-11-02,TATASTEEL,EQ,246.6,246.5,246.6,236.3,238.5,238.9,239.74,4909596,117701218245000.0,45760.0,1405410.0,0.2863
2015-11-03,TATASTEEL,EQ,238.9,241.7,243.0,234.9,235.15,235.7,238.44,4492769,107126784250000.0,49220.0,1059929.0,0.2359
2015-11-04,TATASTEEL,EQ,235.7,239.15,240.0,233.85,234.55,235.4,237.02,4861348,115222174640000.02,42559.0,1058781.0,0.21780000000000002
2015-11-05,TATASTEEL,EQ,235.4,236.0,236.0,224.3,224.55,225.4,228.88,8801639,201454492395000.0,78476.0,1927247.0,0.219
2015-11-06,TATASTEEL,EQ,225.4,218.9,221.85,215.1,219.2,220.25,218.6,9906366,216554080215000.0,88102.0,1445877.0,0.146
2015-11-09,TATASTEEL,EQ,220.25,215.0,224.4,212.65,221.05,222.25,220.13,6272638,138078631495000.0,62340.0,1190161.0,0.18969999999999998
2015-11-10,TATASTEEL,EQ,222.25,220.8,222.25,217.15,217.6,218.05,218.89,4536410,99295907210000.0,40155.0,1256304.0,0.27690000000000003
2015-11-11,TATASTEEL,EQ,218.05,220.45,221.75,219.75,220.75,220.45,220.54,772162,17029018365000.0,11306.0,389103.0,0.5039
2015-11-13,TATASTEEL,EQ,220.45,218.7,223.6,216.6,222.45,222.65,221.58,4426975,98093852195000.0,48920.0,1216569.0,0.2748
2015-11-16,TATASTEEL,EQ,222.65,222.85,231.9,220.2,231.9,230.6,227.27,6923327,157344667560000.0,70756.0,2036502.0,0.2942
2015-11-17,TATASTEEL,EQ,230.6,231.9,235.75,230.9,235.5,234.55,233.65,5240948,122454206775000.0,50298.0,815677.0,0.15560000000000002
2015-11-18,TATASTEEL,EQ,234.55,234.1,235.0,225.2,225.7,225.85,229.99,5283608,121519383530000.0,48355.0,1455391.0,0.2755
2015-11-19,TATASTEEL,EQ,225.85,227.5,229.7,225.6,228.75,228.75,227.95,3661120,83455280285000.0,37684.0,494036.0,0.1349
2015-11-20,TATASTEEL,EQ,228.75,228.1,232.75,228.1,229.8,230.0,230.51,3859405,88964981555000.0,35394.0,437671.0,0.1134
2015-11-23,TATASTEEL,EQ,230.0,230.85,230.85,223.1,224.7,224.45,225.61,4102378,92553556010000.0,37868.0,723322.0,0.17629999999999998
2015-11-24,TATASTEEL,EQ,224.45,223.35,226.4,222.5,224.3,224.35,224.5,4179013,93819748480000.0,38590.0,570476.0,0.1365
2015-11-26,TATASTEEL,EQ,224.35,225.5,230.0,224.2,227.65,227.9,227.67,4588073,104455435850000.0,41385.0,1246997.0,0.2718
2015-11-27,TATASTEEL,EQ,227.9,227.9,235.0,227.55,231.2,231.25,232.17,5393087,125212837540000.02,46785.0,790222.0,0.14650000000000002
2015-11-30,TATASTEEL,EQ,231.25,232.4,234.4,228.8,229.0,229.6,230.93,4556796,105228108785000.0,53353.0,1686131.0,0.37
2015-12-01,TATASTEEL,EQ,229.6,230.8,238.5,230.3,238.35,237.55,236.48,6586598,155757940630000.0,64331.0,1272371.0,0.1932
2015-12-02,TATASTEEL,EQ,237.55,239.95,245.9,238.1,243.4,243.85,242.56,8858386,214867533294999.97,71507.0,1358117.0,0.1533
2015-12-03,TATASTEEL,EQ,243.85,240.15,243.5,236.8,239.9,240.15,239.83,7107867,170467357865000.0,55629.0,1119239.0,0.1575
2015-12-04,TATASTEEL,EQ,240.15,238.05,244.25,237.1,240.5,240.25,241.37,5538118,133672466750000.0,51246.0,667479.0,0.12050000000000001
2015-12-07,TATASTEEL,EQ,240.25,244.8,247.5,242.45,243.05,243.55,244.28,4936426,120586018520000.0,44568.0,682400.0,0.13820000000000002
2015-12-08,TATASTEEL,EQ,243.55,242.05,243.05,233.5,233.95,234.75,238.26,4545921,108311841800000.0,41855.0,829332.0,0.18239999999999998
2015-12-09,TATASTEEL,EQ,234.75,234.0,235.85,224.9,227.3,226.85,229.45,4727674,108475052534999.98,40404.0,727088.0,0.15380000000000002
2015-12-10,TATASTEEL,EQ,226.85,227.25,234.75,226.5,233.9,233.0,229.87,4804837,110449126334999.98,43389.0,956470.0,0.1991
2015-12-11,TATASTEEL,EQ,233.0,235.1,243.9,235.1,241.3,240.9,240.67,11922435,286937146505000.0,89850.0,2203237.0,0.18480000000000002
2015-12-14,TATASTEEL,EQ,240.9,239.0,248.9,238.45,245.15,245.0,244.51,11314471,276648296794999.97,97882.0,2265254.0,0.2002
2015-12-15,TATASTEEL,EQ,245.0,247.0,247.25,241.25,244.55,244.35,243.82,5218812,127246856545000.0,51018.0,909259.0,0.17420000000000002
2015-12-16,TATASTEEL,EQ,244.35,246.55,248.6,242.1,245.4,244.7,245.26,5759897,141268500230000.0,51031.0,818802.0,0.14220000000000002
2015-12-17,TATASTEEL,EQ,244.7,246.9,257.95,246.05,257.5,257.1,252.72,12112293,306107552055000.0,105512.0,3609398.0,0.298
2015-12-18,TATASTEEL,EQ,257.1,256.5,257.95,254.0,255.95,255.65,255.62,6944209,177505560610000.0,52265.0,1853695.0,0.2669
2015-12-21,TATASTEEL,EQ,255.65,255.5,261.4,254.65,257.55,258.45,259.11,6195237,160523766610000.0,54321.0,986931.0,0.1593
2015-12-22,TATASTEEL,EQ,258.45,259.0,261.8,256.55,257.4,257.4,259.34,4544256,117849060390000.02,43044.0,793807.0,0.1747
2015-12-23,TATASTEEL,EQ,257.4,262.25,266.4,262.25,265.0,264.45,264.81,7702901,203977911295000.0,66477.0,1952159.0,0.2534
2015-12-24,TATASTEEL,EQ,264.45,266.0,266.0,260.6,264.0,263.35,262.65,3843796,100958077715000.0,35634.0,410797.0,0.1069
2015-12-28,TATASTEEL,EQ,263.35,263.95,264.3,253.0,254.4,254.1,256.63,5317617,136465827109999.98,52111.0,1120779.0,0.2108
2015-12-29,TATASTEEL,EQ,254.1,255.8,257.15,253.35,256.2,255.3,255.36,3800523,97048921635000.0,38433.0,520454.0,0.1369
2015-12-30,TATASTEEL,EQ,255.3,256.4,261.8,255.1,258.8,258.7,258.8,6812728,176312497180000.0,61353.0,1316132.0,0.1932
2015-12-31,TATASTEEL,EQ,258.7,260.0,260.8,256.95,259.05,259.8,258.95,4446690,115147126500000.0,39087.0,782518.0,0.17600000000000002
2016-01-01,TATASTEEL,EQ,259.8,259.0,259.9,253.4,257.3,257.4,256.52,3151567,80843886335000.0,26006.0,282316.0,0.08960000000000001
2016-01-04,TATASTEEL,EQ,257.4,255.0,263.2,253.1,259.0,256.9,258.07,6981400,180170771845000.0,54636.0,824379.0,0.11810000000000001
2016-01-05,TATASTEEL,EQ,256.9,257.55,276.4,257.55,272.7,274.3,270.04,15008921,405301435285000.0,121198.0,2869328.0,0.1912
2016-01-06,TATASTEEL,EQ,274.3,272.8,274.6,266.0,268.75,268.75,270.19,7454725,201422801055000.0,74296.0,1604103.0,0.2152
2016-01-07,TATASTEEL,EQ,268.75,263.0,263.3,248.2,251.0,249.9,255.13,9503720,242465962555000.03,83133.0,2775868.0,0.2921
2016-01-08,TATASTEEL,EQ,249.9,252.0,256.3,249.05,254.55,253.6,253.17,6299465,159485968470000.0,70345.0,1009276.0,0.1602
2016-01-11,TATASTEEL,EQ,253.6,247.0,253.35,244.25,252.9,251.65,249.03,6085363,151542999130000.0,56078.0,555113.0,0.09119999999999999
2016-01-12,TATASTEEL,EQ,251.65,253.05,255.3,243.15,245.55,245.75,248.57,5425352,134855620209999.98,50211.0,907650.0,0.1673
2016-01-13,TATASTEEL,EQ,245.75,248.5,251.8,237.0,246.35,246.6,244.8,7482478,183168484840000.0,63311.0,550501.0,0.0736
2016-01-14,TATASTEEL,EQ,246.6,235.0,242.55,231.5,239.45,238.75,237.54,8884802,211049050185000.0,71899.0,1213589.0,0.1366
2016-01-15,TATASTEEL,EQ,238.75,242.5,243.0,228.1,229.5,229.7,235.44,5991645,141068643340000.0,53980.0,1206160.0,0.2013
2016-01-18,TATASTEEL,EQ,229.7,229.8,244.0,225.2,237.4,235.9,235.31,8417421,198072941510000.0,68248.0,1926158.0,0.2288
2016-01-19,TATASTEEL,EQ,235.9,237.55,240.95,231.25,237.45,238.0,236.47,6304102,149070648640000.0,59826.0,1506049.0,0.2389
2016-01-20,TATASTEEL,EQ,238.0,232.8,234.0,226.5,232.2,232.0,230.61,5486812,126531739065000.02,46955.0,688577.0,0.1255
2016-01-21,TATASTEEL,EQ,232.0,234.7,239.35,231.25,236.1,235.6,235.61,6245316,147145791675000.0,53883.0,1604991.0,0.257
2016-01-22,TATASTEEL,EQ,235.6,238.3,250.8,237.65,247.7,247.8,245.03,6510761,159532632355000.0,103375.0,1087186.0,0.167
2016-01-25,TATASTEEL,EQ,247.8,249.0,256.4,248.8,255.05,254.9,253.62,5576543,141432793940000.0,61284.0,938328.0,0.16829999999999998
2016-01-27,TATASTEEL,EQ,254.9,255.0,259.9,253.4,256.65,257.6,256.8,6235665,160134446780000.0,59347.0,936064.0,0.1501
2016-01-28,TATASTEEL,EQ,257.6,257.0,258.45,252.4,254.0,254.2,254.95,6016704,153394549775000.0,43982.0,2018826.0,0.33549999999999996
2016-01-29,TATASTEEL,EQ,254.2,254.65,258.8,247.45,248.35,249.7,252.91,6747965,170663976165000.0,49299.0,1556086.0,0.2306
2016-02-01,TATASTEEL,EQ,249.7,248.9,254.95,246.5,248.95,249.3,251.22,4420717,111058943209999.98,40819.0,532716.0,0.12050000000000001
2016-02-02,TATASTEEL,EQ,249.3,250.25,251.0,230.1,230.2,231.45,237.82,8388473,199496028235000.0,74173.0,2080150.0,0.24800000000000003
2016-02-03,TATASTEEL,EQ,231.45,227.9,233.9,221.45,222.5,224.0,228.12,7791522,177743093690000.0,67232.0,1102318.0,0.14150000000000001
2016-02-04,TATASTEEL,EQ,224.0,224.4,228.6,219.0,227.7,225.95,222.82,11709422,260907013965000.0,101475.0,834469.0,0.0713
2016-02-05,TATASTEEL,EQ,225.95,216.0,238.3,216.0,235.75,233.85,225.72,25803399,582430461715000.0,187555.0,2162113.0,0.08380000000000001
2016-02-08,TATASTEEL,EQ,233.85,238.6,243.95,232.05,235.0,234.1,237.11,10332441,244991986419999.97,87660.0,1254881.0,0.12150000000000001
2016-02-09,TATASTEEL,EQ,234.1,230.9,237.3,230.1,236.8,235.5,234.24,7562851,177149703390000.0,61391.0,694496.0,0.09179999999999999
2016-02-10,TATASTEEL,EQ,235.5,234.85,237.75,227.1,237.0,235.7,232.33,7616029,176946249180000.0,67863.0,843995.0,0.11080000000000001
2016-02-11,TATASTEEL,EQ,235.7,235.95,237.3,220.85,225.5,224.5,228.74,6151670,140715787784999.98,48325.0,931662.0,0.1514
2016-02-12,TATASTEEL,EQ,224.5,226.0,229.35,211.15,216.4,217.5,217.16,9373751,203563506495000.0,76135.0,1548590.0,0.16519999999999999
2016-02-15,TATASTEEL,EQ,217.5,222.0,248.0,222.0,247.0,246.7,241.23,13602332,328130384445000.0,114510.0,2208655.0,0.1624
2016-02-16,TATASTEEL,EQ,246.7,249.6,251.6,243.15,245.4,244.85,246.45,9146831,225424568580000.03,82859.0,1001958.0,0.1095
2016-02-17,TATASTEEL,EQ,244.85,245.0,252.9,238.0,252.35,251.25,244.51,8295421,202831095415000.0,73677.0,865445.0,0.1043
2016-02-18,TATASTEEL,EQ,251.25,255.0,256.5,243.2,250.5,250.85,251.24,9459329,237660332125000.0,77776.0,1237603.0,0.1308
2016-02-19,TATASTEEL,EQ,250.85,248.5,254.45,246.85,253.25,253.25,251.5,6770618,170281871625000.0,65076.0,476062.0,0.0703
2016-02-22,TATASTEEL,EQ,253.25,253.6,257.5,251.7,255.55,255.25,254.77,4810335,122553485280000.0,48123.0,430523.0,0.0895
2016-02-23,TATASTEEL,EQ,255.25,255.8,261.6,252.1,252.4,253.55,256.97,8452358,217201274660000.0,88915.0,889090.0,0.1052
2016-02-24,TATASTEEL,EQ,253.55,250.6,253.75,246.95,247.15,247.9,250.92,4743823,119033412075000.0,44759.0,606341.0,0.1278
2016-02-25,TATASTEEL,EQ,247.9,247.1,249.85,244.6,249.5,248.15,247.37,5588168,138232236145000.0,46536.0,1504775.0,0.2693
2016-02-26,TATASTEEL,EQ,248.15,249.5,251.7,243.15,248.4,248.45,247.41,5336837,132041113790000.02,48012.0,840005.0,0.1574
2016-02-29,TATASTEEL,EQ,248.45,246.9,263.65,245.1,247.55,249.1,254.47,9850435,250663966650000.0,96265.0,1914771.0,0.19440000000000002
2016-03-01,TATASTEEL,EQ,249.1,250.0,258.15,246.55,257.5,257.05,252.67,7111226,179678658960000.0,67757.0,616078.0,0.0866
2016-03-02,TATASTEEL,EQ,257.05,260.0,269.5,259.5,269.0,267.55,265.54,7645620,203019903205000.0,69701.0,1562185.0,0.2043
2016-03-03,TATASTEEL,EQ,267.55,273.0,289.0,272.1,287.95,287.05,280.88,17533077,492474645305000.0,146221.0,4730273.0,0.2698
2016-03-04,TATASTEEL,EQ,287.05,289.0,291.2,284.5,290.0,288.55,287.83,9170166,263943584250000.0,86303.0,1612562.0,0.17579999999999998
2016-03-08,TATASTEEL,EQ,288.55,287.8,296.7,287.0,291.4,291.8,293.31,9281598,272243080135000.0,82235.0,2000014.0,0.21550000000000002
2016-03-09,TATASTEEL,EQ,291.8,283.5,296.5,281.3,296.45,295.4,287.73,10158431,292287468220000.0,85747.0,1975820.0,0.1945
2016-03-10,TATASTEEL,EQ,295.4,296.3,301.25,293.3,296.0,296.7,297.5,8556968,254571963530000.03,82875.0,1330940.0,0.1555
2016-03-11,TATASTEEL,EQ,296.7,296.0,298.2,290.35,294.6,294.05,294.14,7633668,224536379755000.03,91910.0,962430.0,0.1261
2016-03-14,TATASTEEL,EQ,294.05,295.95,300.25,295.25,296.2,296.7,297.08,4445317,132061812070000.0,46852.0,591537.0,0.1331
2016-03-15,TATASTEEL,EQ,296.7,297.0,302.0,294.1,300.0,300.45,298.85,6978051,208540722735000.0,78579.0,1064721.0,0.1526
2016-03-16,TATASTEEL,EQ,300.45,300.0,302.75,294.2,299.95,299.5,298.32,7039372,209997076995000.0,77294.0,1421712.0,0.20199999999999999
2016-03-17,TATASTEEL,EQ,299.5,304.5,305.65,294.9,295.75,295.9,301.24,8005526,241154791150000.0,78606.0,2208694.0,0.2759
2016-03-18,TATASTEEL,EQ,295.9,299.7,302.75,296.95,302.35,302.2,300.32,7314488,219665687219999.97,73786.0,1548868.0,0.2118
2016-03-21,TATASTEEL,EQ,302.2,302.0,305.95,300.65,304.2,303.55,303.62,5651710,171597186505000.0,66538.0,1817619.0,0.3216
2016-03-22,TATASTEEL,EQ,303.55,303.1,311.8,301.35,311.8,309.8,305.94,6579069,201276943745000.0,62384.0,1362509.0,0.2071
2016-03-23,TATASTEEL,EQ,309.8,311.8,317.9,310.55,317.0,317.2,313.95,6377772,200230460855000.0,68671.0,1070301.0,0.1678
2016-03-28,TATASTEEL,EQ,317.2,318.4,318.4,297.4,299.95,299.15,305.59,9069782,277160306515000.0,85276.0,3361991.0,0.37070000000000003
2016-03-29,TATASTEEL,EQ,299.15,300.0,307.75,300.0,304.25,303.85,304.66,5937162,180882423755000.0,58714.0,646408.0,0.10890000000000001
2016-03-30,TATASTEEL,EQ,303.85,309.45,325.75,305.3,323.5,324.3,317.36,12438899,394763276690000.0,111029.0,2340017.0,0.1881
2016-03-31,TATASTEEL,EQ,324.3,324.9,324.9,314.4,319.05,319.7,319.99,13349925,427189182790000.0,118752.0,3941343.0,0.2952
2016-04-01,TATASTEEL,EQ,319.7,317.65,319.85,313.35,316.7,317.75,316.39,5570019,176229001885000.0,66748.0,721891.0,0.12960000000000002
2016-04-04,TATASTEEL,EQ,317.75,315.8,323.1,314.7,320.85,320.35,320.55,5167920,165659871430000.0,50256.0,689189.0,0.1334
2016-04-05,TATASTEEL,EQ,320.35,316.95,319.4,308.3,312.05,312.3,313.91,5723253,179656829530000.0,56211.0,1091611.0,0.1907
2016-04-06,TATASTEEL,EQ,312.3,315.0,332.0,313.55,328.35,328.55,325.4,14591057,474792898270000.0,134999.0,2029167.0,0.1391
2016-04-07,TATASTEEL,EQ,328.55,329.9,332.75,322.1,324.6,323.7,327.31,8609454,281799249055000.0,90434.0,1067387.0,0.12400000000000001
2016-04-08,TATASTEEL,EQ,323.7,323.05,324.8,319.05,322.7,322.1,322.15,6080953,195898651805000.0,57247.0,650449.0,0.107
2016-04-11,TATASTEEL,EQ,322.1,322.0,333.3,320.05,330.2,331.15,327.35,9014830,295096208240000.0,88016.0,1344008.0,0.1491
2016-04-12,TATASTEEL,EQ,331.15,323.9,330.9,318.0,324.75,324.5,325.89,11110285,362073411060000.0,98934.0,1467424.0,0.13210000000000002
2016-04-13,TATASTEEL,EQ,324.5,327.5,336.2,326.0,332.55,332.85,331.69,10284415,341125092395000.0,99995.0,2155265.0,0.2096
2016-04-18,TATASTEEL,EQ,332.85,331.9,337.25,327.65,336.3,335.55,333.37,7192987,239790818880000.03,76458.0,1494554.0,0.2078
2016-04-20,TATASTEEL,EQ,335.55,337.95,359.3,337.7,358.0,357.45,352.3,18382196,647613608225000.0,184468.0,5664886.0,0.30820000000000003
2016-04-21,TATASTEEL,EQ,357.45,358.8,364.05,353.1,354.0,354.55,357.13,10350647,369657707195000.0,114335.0,2864945.0,0.2768
2016-04-22,TATASTEEL,EQ,354.55,358.0,363.75,352.3,353.8,353.65,358.14,12095871,433201571650000.0,101778.0,3100348.0,0.2563
2016-04-25,TATASTEEL,EQ,353.65,352.5,353.7,344.55,349.05,347.45,347.37,6159623,213968600810000.0,61706.0,1365589.0,0.2217
2016-04-26,TATASTEEL,EQ,347.45,347.15,360.6,347.1,357.8,358.6,355.5,8345302,296675664650000.0,97034.0,1362938.0,0.16329999999999997
2016-04-27,TATASTEEL,EQ,358.6,358.9,362.4,354.15,356.6,356.75,357.46,6027540,215457506530000.03,56291.0,1122131.0,0.1862
2016-04-28,TATASTEEL,EQ,356.75,357.0,362.0,346.15,347.65,347.6,353.63,10079174,356431869635000.0,98888.0,2714364.0,0.2693
2016-04-29,TATASTEEL,EQ,347.6,347.7,353.9,342.7,352.45,351.1,349.15,7804551,272499778090000.0,68160.0,1981902.0,0.2539
2016-05-02,TATASTEEL,EQ,351.1,349.0,351.0,344.4,346.8,346.95,347.99,4181306,145504327250000.0,39612.0,474339.0,0.1134
2016-05-03,TATASTEEL,EQ,346.95,348.75,355.65,347.0,348.8,348.9,351.17,6374681,223861734819999.97,63085.0,1100630.0,0.1727
2016-05-04,TATASTEEL,EQ,348.9,346.0,347.25,327.4,329.5,328.75,334.67,7957557,266317113244999.97,80316.0,1716702.0,0.2157
2016-05-05,TATASTEEL,EQ,328.75,329.0,334.8,324.15,333.0,331.8,329.31,8335949,274515186900000.0,78429.0,1667809.0,0.20010000000000003
2016-05-06,TATASTEEL,EQ,331.8,330.0,331.5,325.1,329.6,329.3,328.62,5362816,176235013160000.0,58992.0,658168.0,0.1227
2016-05-09,TATASTEEL,EQ,329.3,330.0,334.95,327.2,329.1,328.7,330.52,4658395,153969202185000.0,52388.0,559928.0,0.1202
2016-05-10,TATASTEEL,EQ,328.7,330.9,337.25,325.15,328.1,328.05,330.56,10750089,355359201905000.0,112474.0,2138822.0,0.19899999999999998
2016-05-11,TATASTEEL,EQ,328.05,319.9,332.0,319.15,329.8,329.8,328.6,5687705,186896348340000.0,61568.0,1112235.0,0.1956
2016-05-12,TATASTEEL,EQ,329.8,331.25,332.2,326.6,331.0,330.6,329.52,4706634,155091447620000.0,52217.0,1064022.0,0.2261
2016-05-13,TATASTEEL,EQ,330.6,327.0,329.35,321.2,321.6,322.65,324.27,5602557,181671724195000.0,62844.0,1351731.0,0.2413
2016-05-16,TATASTEEL,EQ,322.65,323.05,327.25,319.4,326.5,326.4,323.8,3930807,127281051215000.02,43813.0,483098.0,0.1229
2016-05-17,TATASTEEL,EQ,326.4,328.8,331.15,324.4,326.2,327.15,327.61,4879761,159865941190000.0,49394.0,807414.0,0.1655
2016-05-18,TATASTEEL,EQ,327.15,325.7,330.2,323.15,330.0,329.05,326.89,3759529,122895725225000.0,44575.0,528100.0,0.1405
2016-05-19,TATASTEEL,EQ,329.05,326.5,337.4,325.0,325.4,326.25,332.03,6510727,216173210210000.0,65843.0,836375.0,0.1285
2016-05-20,TATASTEEL,EQ,326.25,326.2,327.1,321.1,323.0,322.65,323.74,4611092,149278849120000.0,59092.0,1394951.0,0.3025
2016-05-23,TATASTEEL,EQ,322.65,324.7,325.75,312.5,314.1,313.55,317.54,6397200,203135007610000.0,77835.0,1530210.0,0.23920000000000002
2016-05-24,TATASTEEL,EQ,313.55,313.45,318.45,311.25,318.0,317.7,315.05,5022884,158244074580000.0,54848.0,836386.0,0.16649999999999998
2016-05-25,TATASTEEL,EQ,317.7,320.0,326.5,318.15,324.35,324.6,322.38,5523886,178080029680000.0,49955.0,966600.0,0.17500000000000002
2016-05-26,TATASTEEL,EQ,324.6,320.0,329.35,320.0,327.0,325.2,324.28,12892426,418069927725000.0,111266.0,4265410.0,0.3308
2016-05-27,TATASTEEL,EQ,325.2,326.0,332.0,324.55,331.05,329.6,327.95,4404479,144445659210000.0,45224.0,825407.0,0.18739999999999998
2016-05-30,TATASTEEL,EQ,329.6,332.05,334.6,321.45,321.9,322.35,326.13,6618099,215833476135000.0,65867.0,2030798.0,0.3069
2016-05-31,TATASTEEL,EQ,322.35,324.5,337.5,320.25,334.05,334.35,330.79,10042011,332182455130000.0,97358.0,2253179.0,0.22440000000000002
2016-06-01,TATASTEEL,EQ,334.35,335.9,339.6,329.4,332.3,332.15,335.2,6483031,217311950105000.03,61786.0,1186227.0,0.18300000000000002
2016-06-02,TATASTEEL,EQ,332.15,332.0,341.9,330.35,341.9,340.65,337.01,5572983,187817402085000.0,61615.0,1250009.0,0.2243
2016-06-03,TATASTEEL,EQ,340.65,344.0,348.3,336.4,337.85,338.55,342.08,8832388,302141872840000.0,81915.0,3590685.0,0.4065
2016-06-06,TATASTEEL,EQ,338.55,335.0,340.7,332.15,338.6,337.85,336.99,4969784,167476616730000.0,59409.0,1114540.0,0.2243
2016-06-07,TATASTEEL,EQ,337.85,339.55,343.85,337.05,343.55,342.6,341.09,3898620,132978643195000.0,42571.0,608785.0,0.1562
2016-06-08,TATASTEEL,EQ,342.6,343.25,346.45,338.5,341.5,341.5,342.17,4466650,152836201295000.0,43354.0,769901.0,0.1724
2016-06-09,TATASTEEL,EQ,341.5,340.0,346.7,340.0,344.0,342.05,343.59,5935910,203951141040000.0,60789.0,1950837.0,0.3287
2016-06-10,TATASTEEL,EQ,342.05,342.0,344.5,333.5,333.7,334.4,338.99,5506426,186661679140000.0,48464.0,1461802.0,0.2655
2016-06-13,TATASTEEL,EQ,334.4,328.3,329.95,321.0,322.65,323.1,323.93,6576686,213041676840000.0,83347.0,2313018.0,0.3517
2016-06-14,TATASTEEL,EQ,323.1,325.0,327.45,321.3,325.2,324.95,324.51,4008566,130080041355000.0,55258.0,681783.0,0.17010000000000003
2016-06-15,TATASTEEL,EQ,324.95,326.1,331.5,323.8,331.05,330.25,327.62,4134184,135443108425000.0,40374.0,990945.0,0.2397
2016-06-16,TATASTEEL,EQ,330.25,329.5,333.5,324.1,329.5,330.5,329.18,6490905,213667070290000.0,66010.0,1614672.0,0.2488
2016-06-17,TATASTEEL,EQ,330.5,333.0,333.5,323.8,325.2,325.45,326.56,5702881,186236090630000.0,85598.0,1946553.0,0.34130000000000005
2016-06-20,TATASTEEL,EQ,325.45,324.4,336.95,322.8,336.75,336.25,331.74,6200742,205702273415000.0,86925.0,1720396.0,0.2775
2016-06-21,TATASTEEL,EQ,336.25,336.0,337.7,332.75,333.1,334.05,334.82,3490952,116885233455000.0,33537.0,967012.0,0.277
2016-06-22,TATASTEEL,EQ,334.05,334.0,334.0,327.05,331.3,332.45,330.82,4627091,153075396485000.0,74903.0,1281161.0,0.27690000000000003
2016-06-23,TATASTEEL,EQ,332.45,331.5,335.95,327.6,333.0,333.95,331.39,4684494,155237420875000.0,51460.0,1062651.0,0.2268
2016-06-24,TATASTEEL,EQ,333.95,307.1,316.4,296.3,311.95,312.65,308.04,14410710,443906687475000.0,129203.0,2326162.0,0.16140000000000002
2016-06-27,TATASTEEL,EQ,312.65,309.75,312.55,307.5,309.9,310.5,310.35,6579079,204183768790000.0,70794.0,1137354.0,0.1729
2016-06-28,TATASTEEL,EQ,310.5,311.45,314.4,307.0,311.15,311.5,311.14,7926086,246612263160000.0,64834.0,2924277.0,0.3689
2016-06-29,TATASTEEL,EQ,311.5,314.0,317.0,312.6,312.9,313.6,314.94,5616012,176870377220000.0,54117.0,1977510.0,0.3521
2016-06-30,TATASTEEL,EQ,313.6,315.7,324.25,315.2,323.0,321.95,319.39,6392234,204159018665000.0,69968.0,2212412.0,0.3461
2016-07-01,TATASTEEL,EQ,321.95,326.5,330.9,326.4,327.4,328.1,328.91,4994251,164263660485000.0,50572.0,1387050.0,0.2777
2016-07-04,TATASTEEL,EQ,328.1,328.7,333.9,327.95,330.6,331.25,331.49,3232796,107164483340000.0,33621.0,625750.0,0.1936
2016-07-05,TATASTEEL,EQ,331.25,332.5,337.4,330.25,332.6,333.65,333.94,3943390,131683615455000.0,37295.0,473769.0,0.1201
2016-07-07,TATASTEEL,EQ,333.65,334.2,337.25,316.3,316.9,317.7,323.09,10126780,327185822480000.0,99563.0,2102213.0,0.2076
2016-07-08,TATASTEEL,EQ,317.7,314.95,319.4,312.1,317.7,318.35,316.68,7764479,245885014775000.0,76133.0,1276471.0,0.16440000000000002
2016-07-11,TATASTEEL,EQ,318.35,325.0,329.7,319.65,326.7,327.0,325.29,7692459,250225558194999.97,83723.0,1446392.0,0.188
2016-07-12,TATASTEEL,EQ,327.0,329.95,343.85,329.0,343.45,342.3,336.3,9886586,332488523510000.0,91232.0,2606488.0,0.2636
2016-07-13,TATASTEEL,EQ,342.3,344.7,358.65,344.3,356.05,357.75,353.07,13345822,471198829210000.06,123543.0,2381568.0,0.17850000000000002
2016-07-14,TATASTEEL,EQ,357.75,358.8,361.35,353.35,359.5,359.3,358.23,7970875,285540847045000.0,86737.0,1550385.0,0.1945
2016-07-15,TATASTEEL,EQ,359.3,359.3,374.4,356.75,372.0,372.9,369.32,13431169,496045869220000.0,126440.0,2669199.0,0.19870000000000002
2016-07-18,TATASTEEL,EQ,372.9,373.45,379.4,363.5,364.55,365.65,373.32,7697416,287358484600000.0,83445.0,1290062.0,0.16760000000000003
2016-07-19,TATASTEEL,EQ,365.65,367.95,371.65,362.35,369.9,370.25,367.91,8246048,303376658720000.0,81937.0,2390613.0,0.2899
2016-07-20,TATASTEEL,EQ,370.25,372.2,373.0,366.4,368.7,368.45,369.25,5907217,218124777415000.0,74395.0,1905085.0,0.3225
2016-07-21,TATASTEEL,EQ,368.45,370.0,370.0,361.1,361.7,362.3,365.06,5343359,195063901655000.0,54893.0,1557669.0,0.2915
2016-07-22,TATASTEEL,EQ,362.3,362.3,368.9,356.45,365.0,365.45,363.18,7372910,267767077044999.97,61579.0,1700490.0,0.2306
2016-07-25,TATASTEEL,EQ,365.45,365.0,367.8,362.15,362.75,363.65,364.22,5676435,206745228080000.0,45031.0,2334921.0,0.41130000000000005
2016-07-26,TATASTEEL,EQ,363.65,363.9,375.0,363.05,367.4,367.8,371.22,7798763,289506807420000.0,74113.0,1677440.0,0.2151
2016-07-27,TATASTEEL,EQ,367.8,368.9,370.5,354.1,362.7,363.05,361.56,10359001,374543636530000.0,89879.0,3273595.0,0.316
2016-07-28,TATASTEEL,EQ,363.05,358.0,359.2,348.65,350.3,349.85,353.09,10526709,371683778780000.0,68053.0,5146734.0,0.4889
2016-07-29,TATASTEEL,EQ,349.85,351.05,359.0,351.05,354.45,355.05,355.85,8349227,297106960515000.0,100717.0,3162200.0,0.3787
2016-08-01,TATASTEEL,EQ,355.05,356.15,366.6,354.25,365.1,364.85,361.87,10082335,364851377335000.0,80189.0,3408695.0,0.3381
2016-08-02,TATASTEEL,EQ,364.85,366.45,370.7,360.1,363.0,361.85,365.78,8108008,296572303695000.0,91549.0,2266833.0,0.2796
2016-08-03,TATASTEEL,EQ,361.85,364.65,366.45,354.9,357.3,358.05,360.24,5746762,207018887910000.0,54405.0,1347574.0,0.2345
2016-08-04,TATASTEEL,EQ,358.05,360.4,374.9,357.4,373.8,373.8,368.68,9639368,355379833075000.0,96430.0,2510450.0,0.2604
2016-08-05,TATASTEEL,EQ,373.8,378.0,383.0,376.5,380.8,381.7,380.21,9117890,346675157820000.0,118059.0,2242963.0,0.24600000000000002
2016-08-08,TATASTEEL,EQ,381.7,382.4,384.5,376.25,379.7,379.55,380.17,6662412,253284691035000.0,74342.0,2132669.0,0.3201
2016-08-09,TATASTEEL,EQ,379.55,379.0,382.45,373.6,376.45,375.35,377.67,5618546,212195166380000.0,50798.0,1538441.0,0.2738
2016-08-10,TATASTEEL,EQ,375.35,377.9,379.4,368.15,369.15,370.3,372.6,4594009,171172753135000.0,46318.0,771314.0,0.1679
2016-08-11,TATASTEEL,EQ,370.3,370.3,373.6,361.5,369.9,368.35,368.09,4419528,162677741915000.0,49491.0,787478.0,0.1782
2016-08-12,TATASTEEL,EQ,368.35,370.0,378.35,369.35,373.85,374.75,375.08,4411019,165448718895000.0,55536.0,1262313.0,0.2862
2016-08-16,TATASTEEL,EQ,374.75,375.0,381.0,373.05,380.3,379.15,377.37,6104127,230351295419999.97,70465.0,2975447.0,0.48740000000000006
2016-08-17,TATASTEEL,EQ,379.15,379.95,392.95,379.95,391.25,391.85,387.82,9353131,362735722870000.0,116408.0,2947439.0,0.31510000000000005
2016-08-18,TATASTEEL,EQ,391.85,392.5,393.9,385.1,386.8,387.2,388.63,5920398,230086454725000.0,59031.0,1604805.0,0.2711
2016-08-19,TATASTEEL,EQ,387.2,389.15,394.65,383.5,390.95,392.15,389.53,8947214,348521299115000.0,82993.0,2735259.0,0.3057
2016-08-22,TATASTEEL,EQ,392.15,391.5,391.5,384.5,387.3,388.15,387.55,5563430,215613136815000.0,61900.0,1284605.0,0.2309
2016-08-23,TATASTEEL,EQ,388.15,387.95,391.0,378.15,384.5,385.15,385.8,6720835,259289033690000.0,65548.0,1483082.0,0.2207
2016-08-24,TATASTEEL,EQ,385.15,385.6,387.3,378.75,379.35,379.95,381.98,4261868,162796776630000.0,44749.0,1079805.0,0.2534
2016-08-25,TATASTEEL,EQ,379.95,381.7,382.3,370.5,373.0,372.3,376.94,4773691,179939383320000.0,52365.0,1094482.0,0.2293
2016-08-26,TATASTEEL,EQ,372.3,375.0,375.95,367.3,369.0,369.45,370.62,4311789,159804606160000.0,45462.0,984114.0,0.22820000000000001
2016-08-29,TATASTEEL,EQ,369.45,368.9,375.45,367.75,374.15,373.75,373.11,3718240,138731023290000.02,41719.0,930247.0,0.2502
2016-08-30,TATASTEEL,EQ,373.75,375.35,379.5,375.0,378.0,377.75,377.61,3804436,143659414055000.0,42218.0,1188922.0,0.3125
2016-08-31,TATASTEEL,EQ,377.75,378.0,381.35,368.8,370.1,370.1,374.44,4530361,169637077425000.0,54808.0,1286875.0,0.2841
2016-09-01,TATASTEEL,EQ,370.1,371.3,377.7,369.5,374.55,374.6,373.91,4453409,166517631675000.0,52415.0,1098548.0,0.24670000000000003
2016-09-02,TATASTEEL,EQ,374.6,375.95,376.2,370.4,373.05,374.2,373.14,2824297,105385141520000.0,27019.0,373417.0,0.1322
2016-09-06,TATASTEEL,EQ,374.2,375.0,386.75,374.4,385.0,385.75,382.81,5828507,223119231844999.97,60389.0,2162953.0,0.3711
2016-09-07,TATASTEEL,EQ,385.75,387.1,394.15,386.6,390.25,389.95,390.85,6965026,272230380485000.0,83143.0,1770874.0,0.2543
2016-09-08,TATASTEEL,EQ,389.95,390.25,408.6,390.25,402.3,403.0,402.87,11234744,452613022860000.06,119210.0,3085105.0,0.2746
2016-09-09,TATASTEEL,EQ,403.0,404.9,406.9,393.25,395.1,394.6,398.32,5962851,237514485685000.0,74736.0,1362024.0,0.2284
2016-09-12,TATASTEEL,EQ,394.6,385.0,385.9,370.6,371.95,373.3,378.63,6717365,254338733075000.0,95133.0,1591768.0,0.237
2016-09-14,TATASTEEL,EQ,373.3,370.0,378.0,363.15,374.2,373.9,370.1,11105369,411007912080000.0,113979.0,1633101.0,0.1471
2016-09-15,TATASTEEL,EQ,373.9,374.0,375.1,363.75,366.3,366.4,367.78,4875040,179292512505000.0,53131.0,733728.0,0.15050000000000002
2016-09-16,TATASTEEL,EQ,366.4,369.5,371.9,357.6,359.2,358.85,364.76,6075750,221621421055000.03,58954.0,1118439.0,0.1841
2016-09-19,TATASTEEL,EQ,358.85,360.0,363.95,355.3,361.5,361.65,360.96,5121611,184871465595000.0,58881.0,727524.0,0.142
2016-09-20,TATASTEEL,EQ,361.65,364.3,370.0,359.25,365.25,365.6,365.18,5697810,208070246105000.0,67421.0,857369.0,0.15050000000000002
2016-09-21,TATASTEEL,EQ,365.6,365.3,372.5,365.3,369.4,369.8,369.82,6868967,254025783510000.0,71931.0,1871831.0,0.2725
2016-09-22,TATASTEEL,EQ,369.8,377.7,379.8,372.8,377.3,377.25,376.23,6669414,250920455090000.0,65404.0,2262288.0,0.3392
2016-09-23,TATASTEEL,EQ,377.25,377.35,378.4,371.0,371.9,372.0,374.98,4461871,167310577990000.0,50480.0,1153932.0,0.2586
2016-09-26,TATASTEEL,EQ,372.0,371.35,376.55,368.4,370.25,369.75,372.66,4351638,162169958365000.0,47852.0,1069775.0,0.2458
2016-09-27,TATASTEEL,EQ,369.75,372.6,374.6,366.6,367.65,367.95,369.81,4403977,162863133470000.0,51302.0,833134.0,0.18920000000000003
2016-09-28,TATASTEEL,EQ,367.95,368.25,382.2,368.25,381.2,380.35,375.08,6338968,237761332350000.0,57210.0,1613897.0,0.2546
2016-09-29,TATASTEEL,EQ,380.35,383.35,383.85,365.0,367.55,368.8,372.61,13361086,497846631370000.0,75265.0,5800723.0,0.43420000000000003
2016-09-30,TATASTEEL,EQ,368.8,367.85,377.45,363.3,375.55,374.25,370.27,5506157,203874240075000.0,52975.0,1542572.0,0.2802
2016-10-03,TATASTEEL,EQ,374.25,376.9,384.8,376.3,383.2,382.85,381.73,4480810,171045797325000.0,45832.0,1522532.0,0.3398
2016-10-04,TATASTEEL,EQ,382.85,386.0,393.0,382.4,391.55,391.15,388.28,8523432,330950280890000.0,80603.0,1868408.0,0.21920000000000003
2016-10-05,TATASTEEL,EQ,391.15,395.2,396.5,389.0,389.05,390.7,392.6,5154852,202381802525000.0,45806.0,797253.0,0.1547
2016-10-06,TATASTEEL,EQ,390.7,392.8,395.85,386.55,391.05,389.85,390.89,7730432,302178454980000.0,66122.0,2677163.0,0.34630000000000005
2016-10-07,TATASTEEL,EQ,389.85,392.9,407.6,390.2,406.55,406.55,400.73,11610384,465258011535000.06,113299.0,2259823.0,0.19460000000000002
2016-10-10,TATASTEEL,EQ,406.55,409.9,420.7,409.0,419.3,418.4,416.73,11642373,485172767630000.0,118759.0,2267590.0,0.1948
2016-10-13,TATASTEEL,EQ,418.4,414.0,420.4,408.8,414.8,413.8,414.28,11106052,460105883375000.0,128921.0,3479640.0,0.31329999999999997
2016-10-14,TATASTEEL,EQ,413.8,416.0,417.5,409.5,413.0,412.3,412.9,5275390,217822393935000.0,69777.0,947506.0,0.1796
2016-10-17,TATASTEEL,EQ,412.3,412.2,415.8,407.6,411.7,410.8,411.9,6712935,276507699905000.03,63865.0,1522290.0,0.2268
2016-10-18,TATASTEEL,EQ,410.8,414.4,426.5,412.1,426.0,424.95,421.77,7584884,319910202305000.0,75370.0,1463914.0,0.193
2016-10-19,TATASTEEL,EQ,424.95,426.0,427.75,421.2,426.7,426.0,425.12,4973722,211440384260000.0,70579.0,962011.0,0.19340000000000002
2016-10-20,TATASTEEL,EQ,426.0,427.75,431.9,425.25,428.05,428.55,429.16,5062646,217267852069999.97,51935.0,805917.0,0.1592
2016-10-21,TATASTEEL,EQ,428.55,427.0,428.45,421.7,427.6,427.2,425.21,4124680,175385111375000.0,50917.0,982468.0,0.2382
2016-10-24,TATASTEEL,EQ,427.2,427.45,431.4,425.0,425.8,426.05,427.63,2881988,123241958559999.98,26545.0,556037.0,0.1929
2016-10-25,TATASTEEL,EQ,426.05,410.0,419.2,408.35,414.75,415.25,415.12,8696996,361030556155000.0,83978.0,1446328.0,0.1663
2016-10-26,TATASTEEL,EQ,415.25,414.35,418.8,390.9,392.9,398.6,409.27,8302477,339799580425000.0,89100.0,2661028.0,0.32049999999999995
2016-10-27,TATASTEEL,EQ,398.6,388.0,400.0,383.35,399.05,397.15,393.71,13709731,539771721505000.0,112960.0,3342950.0,0.2438
2016-10-28,TATASTEEL,EQ,397.15,398.75,406.5,397.35,405.05,405.45,402.9,6788166,273496134010000.0,69411.0,1904006.0,0.2805
2016-10-30,TATASTEEL,EQ,405.45,407.0,407.95,402.5,403.95,404.7,405.58,637163,25842331780000.0,8511.0,140485.0,0.2205
2016-11-01,TATASTEEL,EQ,404.7,404.85,423.95,401.1,417.6,417.7,415.68,9473737,393804768555000.0,87673.0,2488227.0,0.2626
2016-11-02,TATASTEEL,EQ,417.7,406.0,416.4,406.0,416.2,413.35,412.02,7410152,305316741345000.0,88571.0,2221427.0,0.2998
2016-11-03,TATASTEEL,EQ,413.35,411.0,419.7,398.65,404.3,403.3,408.01,8494155,346565904170000.0,82867.0,1794388.0,0.21120000000000003
2016-11-04,TATASTEEL,EQ,403.3,403.9,407.6,398.25,403.5,403.1,402.97,5096305,205367235710000.0,58466.0,992338.0,0.19469999999999998
2016-11-07,TATASTEEL,EQ,403.1,406.3,415.35,406.3,410.4,412.6,411.68,4516324,185926504155000.0,58390.0,1379264.0,0.3054
2016-11-08,TATASTEEL,EQ,412.6,414.0,415.4,405.5,409.55,408.65,410.49,3253417,133548767450000.0,35702.0,648000.0,0.19920000000000002
2016-11-09,TATASTEEL,EQ,408.65,380.0,403.9,377.0,400.85,399.35,394.56,5912250,233272192010000.0,59458.0,1449050.0,0.2451
2016-11-10,TATASTEEL,EQ,399.35,407.95,439.3,407.95,436.9,437.0,432.21,10898034,471019371720000.0,117768.0,2534505.0,0.23260000000000003
2016-11-11,TATASTEEL,EQ,437.0,432.5,441.5,424.0,425.95,426.5,431.93,8733209,377212084185000.0,80574.0,2291377.0,0.26239999999999997
2016-11-15,TATASTEEL,EQ,426.5,411.5,418.0,391.0,392.5,393.05,400.71,9253517,370801377515000.0,83742.0,3417269.0,0.3693
2016-11-16,TATASTEEL,EQ,393.05,397.0,401.4,380.85,391.0,392.75,390.46,8230718,321375290850000.0,70779.0,2900212.0,0.35240000000000005
2016-11-17,TATASTEEL,EQ,392.75,393.5,398.6,387.0,394.7,392.75,393.33,4361763,171561373595000.0,56983.0,481089.0,0.1103
2016-11-18,TATASTEEL,EQ,392.75,390.05,412.4,381.25,385.0,385.1,386.95,4660147,180323177655000.0,43356.0,452706.0,0.0971
2016-11-21,TATASTEEL,EQ,385.1,385.45,389.6,366.3,373.1,371.45,374.34,6566271,245803067690000.0,56723.0,1302629.0,0.1984
2016-11-22,TATASTEEL,EQ,371.45,376.7,379.7,372.8,378.7,378.05,376.88,4143438,156157258465000.0,52346.0,1316847.0,0.3178
2016-11-23,TATASTEEL,EQ,378.05,381.0,394.8,380.05,390.0,392.7,388.39,5124218,199018974390000.0,62379.0,1090124.0,0.2127
2016-11-24,TATASTEEL,EQ,392.7,387.05,400.7,385.6,397.75,398.15,394.53,7117077,280788146130000.03,56939.0,2716415.0,0.38170000000000004
2016-11-25,TATASTEEL,EQ,398.15,399.0,413.5,397.5,408.0,408.75,408.86,7090491,289902059985000.0,85911.0,1377041.0,0.1942
2016-11-28,TATASTEEL,EQ,408.75,407.9,411.7,402.45,406.2,406.6,407.16,4679209,190516428170000.0,45301.0,1275300.0,0.2725
2016-11-29,TATASTEEL,EQ,406.6,415.0,417.6,407.8,409.0,408.95,411.9,6015315,247771310180000.03,80460.0,1037761.0,0.17250000000000001
2016-11-30,TATASTEEL,EQ,408.95,409.7,416.0,404.3,415.0,415.05,411.81,5378415,221486054785000.0,74097.0,1145005.0,0.2129
2016-12-01,TATASTEEL,EQ,415.05,417.35,418.5,407.75,409.25,409.6,412.48,3073859,126791635859999.98,38694.0,597584.0,0.19440000000000002
2016-12-02,TATASTEEL,EQ,409.6,405.85,411.9,404.4,407.0,406.4,407.56,3623139,147663171720000.0,38723.0,780767.0,0.21550000000000002
2016-12-05,TATASTEEL,EQ,406.4,407.6,414.6,404.55,414.2,413.5,409.32,3500112,143268123470000.0,39699.0,544271.0,0.1555
2016-12-06,TATASTEEL,EQ,413.5,414.0,420.7,412.0,418.1,418.45,416.11,3883470,161595565330000.0,53167.0,765966.0,0.1972
2016-12-07,TATASTEEL,EQ,418.45,419.3,421.4,408.7,413.7,411.9,415.89,4700356,195481046285000.0,51771.0,1219583.0,0.2595
2016-12-08,TATASTEEL,EQ,411.9,417.7,432.75,417.0,432.05,431.3,428.24,9445695,404497895535000.0,114000.0,2707844.0,0.2867
2016-12-09,TATASTEEL,EQ,431.3,432.7,435.35,428.4,430.5,430.55,431.27,4094532,176586565150000.0,46073.0,732176.0,0.1788
2016-12-12,TATASTEEL,EQ,430.55,428.9,430.45,423.15,424.3,424.2,426.51,2491598,106268495610000.0,39479.0,424474.0,0.1704
2016-12-13,TATASTEEL,EQ,424.2,428.95,428.95,417.5,421.55,421.1,420.95,3195158,134498735845000.0,46927.0,420021.0,0.1315
2016-12-14,TATASTEEL,EQ,421.1,422.0,426.2,416.75,418.0,417.75,420.48,3247269,136540028830000.0,54098.0,658240.0,0.2027
2016-12-15,TATASTEEL,EQ,417.75,415.6,427.4,412.85,421.0,419.3,420.5,4454182,187298710730000.0,56350.0,890421.0,0.1999
2016-12-16,TATASTEEL,EQ,419.3,422.8,422.8,412.5,414.5,414.05,415.42,3547889,147388144175000.0,53321.0,1117935.0,0.31510000000000005
2016-12-19,TATASTEEL,EQ,414.05,411.0,416.3,409.1,409.55,410.35,412.98,2347383,96941126075000.0,31294.0,570158.0,0.2429
2016-12-20,TATASTEEL,EQ,410.35,411.8,414.0,401.1,403.6,403.5,405.63,3541080,143635998665000.0,40984.0,970426.0,0.27399999999999997
2016-12-21,TATASTEEL,EQ,403.5,405.0,408.3,401.4,404.5,404.5,405.36,2747302,111364017384999.98,37864.0,494888.0,0.1801
2016-12-22,TATASTEEL,EQ,404.5,404.5,405.85,390.25,393.0,392.2,395.17,4084454,161406265720000.0,51486.0,643666.0,0.1576
2016-12-23,TATASTEEL,EQ,392.2,393.5,395.55,387.05,390.4,390.85,391.34,3992131,156226946825000.0,57406.0,685173.0,0.1716
2016-12-26,TATASTEEL,EQ,390.85,388.5,389.6,378.5,380.0,380.1,382.54,3232118,123642067795000.0,59974.0,806205.0,0.2494
2016-12-27,TATASTEEL,EQ,380.1,382.0,394.7,377.35,392.7,392.4,386.77,3894041,150611178630000.0,75240.0,833723.0,0.2141
2016-12-28,TATASTEEL,EQ,392.4,393.35,393.75,386.5,389.35,388.45,388.97,3940185,153260771830000.0,48877.0,981340.0,0.24910000000000002
2016-12-29,TATASTEEL,EQ,388.45,388.5,393.9,387.25,392.85,392.35,391.36,3422017,133922478480000.0,48168.0,1079343.0,0.3154
2016-12-30,TATASTEEL,EQ,392.35,393.0,395.4,388.1,391.0,391.25,391.64,3055022,119647029555000.0,49209.0,671331.0,0.2197
2017-01-02,TATASTEEL,EQ,391.25,393.45,408.35,388.9,406.2,406.75,400.54,5578129,223428587955000.03,60588.0,978184.0,0.1754
2017-01-03,TATASTEEL,EQ,406.75,407.05,408.9,401.25,402.35,403.3,404.44,3338806,135033381230000.0,33408.0,467641.0,0.1401
2017-01-04,TATASTEEL,EQ,403.3,404.1,409.0,401.4,405.2,405.45,405.42,3344043,135574299209999.98,39997.0,758486.0,0.2268
2017-01-05,TATASTEEL,EQ,405.45,409.1,422.5,407.3,419.05,419.3,416.74,7196279,299897263225000.0,79299.0,2122808.0,0.295
2017-01-06,TATASTEEL,EQ,419.3,420.5,425.4,415.6,420.0,419.55,420.6,4138078,174048415110000.0,53562.0,671238.0,0.16219999999999998
2017-01-09,TATASTEEL,EQ,419.55,423.7,424.2,419.35,421.15,422.0,422.21,3122769,131846261545000.0,40260.0,754692.0,0.24170000000000003
2017-01-10,TATASTEEL,EQ,422.0,422.7,432.5,422.6,431.9,431.9,429.15,5118565,219664251730000.03,68912.0,1271508.0,0.2484
2017-01-11,TATASTEEL,EQ,431.9,435.3,450.95,434.65,448.25,448.25,446.56,11431250,510476690825000.0,118080.0,2904707.0,0.2541
2017-01-12,TATASTEEL,EQ,448.25,449.0,451.15,443.25,447.65,447.55,447.5,5361474,239924948975000.0,72753.0,1085874.0,0.2025
2017-01-13,TATASTEEL,EQ,447.55,450.0,450.4,441.2,446.3,446.35,445.84,4232151,188686748110000.0,47694.0,530051.0,0.1252
2017-01-16,TATASTEEL,EQ,446.35,444.25,459.5,443.25,459.5,458.45,455.88,6675950,304340557510000.0,80835.0,1719670.0,0.2576
2017-01-17,TATASTEEL,EQ,458.45,459.05,459.6,450.9,454.7,454.25,454.44,3342717,151907254805000.0,41386.0,539077.0,0.1613
2017-01-18,TATASTEEL,EQ,454.25,454.75,470.0,454.25,468.95,468.35,466.3,9116932,425125043900000.0,123399.0,3003292.0,0.32939999999999997
2017-01-19,TATASTEEL,EQ,468.35,468.7,468.8,462.35,466.85,467.15,465.87,3445069,160494056020000.0,44134.0,705597.0,0.2048
2017-01-20,TATASTEEL,EQ,467.15,466.0,467.8,452.6,455.5,454.5,459.96,4927321,226634639905000.03,60610.0,1496746.0,0.3038
2017-01-23,TATASTEEL,EQ,454.5,450.9,464.0,450.6,462.0,461.8,460.61,4349975,200364698460000.0,50319.0,757193.0,0.1741
2017-01-24,TATASTEEL,EQ,461.8,462.0,466.5,458.55,464.15,464.25,462.74,3731789,172685180745000.0,45726.0,663782.0,0.1779
2017-01-25,TATASTEEL,EQ,464.25,467.0,476.75,466.1,468.5,469.5,471.59,6307571,297461047315000.0,71151.0,1462397.0,0.2318
2017-01-27,TATASTEEL,EQ,469.5,469.85,473.8,463.35,468.55,469.3,469.44,4977414,233658463819999.97,65351.0,1183325.0,0.2377
2017-01-30,TATASTEEL,EQ,469.3,468.5,468.5,460.15,462.2,462.05,463.46,3322749,153994906330000.0,36688.0,863286.0,0.25980000000000003
2017-01-31,TATASTEEL,EQ,462.05,460.2,471.4,460.1,463.5,463.05,465.44,4543771,211484878640000.0,47212.0,714052.0,0.15710000000000002
2017-02-01,TATASTEEL,EQ,463.05,464.05,475.9,457.15,474.0,474.6,467.97,5572616,260783075935000.0,48320.0,1729879.0,0.3104
2017-02-02,TATASTEEL,EQ,474.6,473.5,480.9,466.25,477.2,476.95,472.73,5988117,283077968135000.0,61800.0,2243138.0,0.37460000000000004
2017-02-03,TATASTEEL,EQ,476.95,476.9,480.0,468.15,472.15,472.8,473.8,5284757,250392441080000.03,66969.0,1849686.0,0.35000000000000003
2017-02-06,TATASTEEL,EQ,472.8,474.4,477.6,469.15,472.55,473.4,473.32,4806869,227517858025000.0,97801.0,1557747.0,0.3241
2017-02-07,TATASTEEL,EQ,473.4,475.1,479.8,470.05,473.5,472.8,474.09,4836631,229298754680000.03,46580.0,1406266.0,0.2908
2017-02-08,TATASTEEL,EQ,472.8,485.0,485.4,467.45,468.0,470.65,476.65,11287445,538013521725000.0,96196.0,2495233.0,0.2211
2017-02-09,TATASTEEL,EQ,470.65,469.65,473.4,456.5,460.3,459.85,462.13,6485765,299725078125000.0,74807.0,1492976.0,0.2302
2017-02-10,TATASTEEL,EQ,459.85,467.0,471.8,460.55,467.05,468.2,466.12,7912091,368796539150000.0,79606.0,2559913.0,0.3235
2017-02-13,TATASTEEL,EQ,468.2,473.15,477.0,470.1,472.35,472.6,473.51,4898780,231960011385000.0,52944.0,1374425.0,0.2806
2017-02-14,TATASTEEL,EQ,472.6,473.9,474.85,466.1,472.95,472.4,470.24,3251700,152907515255000.0,38405.0,909099.0,0.2796
2017-02-15,TATASTEEL,EQ,472.4,472.7,474.75,457.25,461.55,460.1,464.41,4228709,196384250500000.0,47857.0,760329.0,0.17980000000000002
2017-02-16,TATASTEEL,EQ,460.1,464.7,471.5,455.65,471.45,469.95,464.63,4820369,223968554610000.0,54147.0,1295069.0,0.2687
2017-02-17,TATASTEEL,EQ,469.95,472.3,474.85,466.65,468.2,468.2,469.29,3922122,184060779565000.0,40993.0,1239809.0,0.3161
2017-02-20,TATASTEEL,EQ,468.2,468.0,489.0,464.75,486.4,487.05,481.2,8441156,406189368365000.0,90478.0,1999031.0,0.2368
2017-02-21,TATASTEEL,EQ,487.05,488.95,495.9,485.0,490.5,490.95,491.31,8063716,396175959880000.0,75051.0,2189287.0,0.2715
2017-02-22,TATASTEEL,EQ,490.95,490.45,491.45,480.6,484.05,484.05,485.02,5010536,243020631194999.97,60404.0,2017812.0,0.40270000000000006
2017-02-23,TATASTEEL,EQ,484.05,485.1,487.9,478.15,485.0,485.75,484.32,4810464,232978479165000.0,48964.0,1412204.0,0.2936
2017-02-27,TATASTEEL,EQ,485.75,485.2,488.15,479.5,480.45,480.6,482.47,2730887,131756827465000.02,33406.0,806210.0,0.2952
2017-02-28,TATASTEEL,EQ,480.6,481.5,485.75,480.45,483.0,482.7,483.23,3402886,164436683810000.0,41417.0,790403.0,0.2323
2017-03-01,TATASTEEL,EQ,482.7,485.0,502.5,483.4,500.05,500.35,494.62,7716571,381674581870000.0,85102.0,1756042.0,0.22760000000000002
2017-03-02,TATASTEEL,EQ,500.35,502.0,505.6,492.25,494.55,494.65,499.63,5722550,285915533310000.0,63873.0,743090.0,0.12990000000000002
2017-03-03,TATASTEEL,EQ,494.65,494.55,497.75,489.55,494.35,495.1,493.62,3357902,165752096420000.0,59546.0,863810.0,0.2572
2017-03-06,TATASTEEL,EQ,495.1,495.1,501.0,490.25,492.15,492.7,494.57,4153429,205416445600000.0,47232.0,710704.0,0.1711
2017-03-07,TATASTEEL,EQ,492.7,493.5,494.0,480.65,482.4,482.0,484.16,5123193,248044236365000.0,61331.0,2151949.0,0.42
2017-03-08,TATASTEEL,EQ,482.0,484.9,486.4,470.1,471.9,472.45,475.62,5935312,282296066185000.0,72344.0,1975687.0,0.3329
2017-03-09,TATASTEEL,EQ,472.45,471.9,475.35,467.7,468.5,469.45,470.44,4495787,211500692645000.0,51127.0,1302355.0,0.2897
2017-03-10,TATASTEEL,EQ,469.45,468.5,474.4,462.2,467.05,467.75,468.75,4523612,212044376545000.0,56519.0,1143295.0,0.2527
2017-03-14,TATASTEEL,EQ,467.75,479.0,479.0,470.45,472.0,472.55,474.29,5565574,263969237169999.97,74417.0,2634847.0,0.47340000000000004
2017-03-15,TATASTEEL,EQ,472.55,473.95,480.0,470.4,478.0,479.05,475.65,5561866,264548544310000.0,59964.0,2536015.0,0.456
2017-03-16,TATASTEEL,EQ,479.05,484.85,501.0,481.95,500.7,499.65,494.25,10391757,513617459039999.94,125001.0,3600764.0,0.3465
2017-03-17,TATASTEEL,EQ,499.65,503.85,508.75,498.1,501.5,502.2,502.97,6800312,342034182730000.0,82904.0,1793675.0,0.2638
2017-03-20,TATASTEEL,EQ,502.2,502.5,502.7,492.0,496.6,496.65,495.59,3995540,198015129210000.0,56969.0,1493047.0,0.3737
2017-03-21,TATASTEEL,EQ,496.65,496.9,501.3,492.35,497.0,496.4,497.13,4967685,246957897590000.0,120923.0,1658576.0,0.33390000000000003
2017-03-22,TATASTEEL,EQ,496.4,490.0,493.8,486.4,487.1,488.1,490.38,4652350,228144030269999.97,74181.0,1780074.0,0.3826
2017-03-23,TATASTEEL,EQ,488.1,487.5,496.6,487.5,495.9,495.5,492.83,4126938,203389807785000.0,62477.0,1762299.0,0.42700000000000005
2017-03-24,TATASTEEL,EQ,495.5,496.05,499.9,491.1,491.2,493.2,495.98,3082110,152864959890000.0,47327.0,981057.0,0.31829999999999997
2017-03-27,TATASTEEL,EQ,493.2,492.75,492.75,474.65,475.9,476.5,479.18,6189956,296608968290000.0,73328.0,2503692.0,0.4045
2017-03-28,TATASTEEL,EQ,476.5,477.55,482.65,477.0,479.85,480.2,480.47,4396544,211240435490000.0,56964.0,1973290.0,0.44880000000000003
2017-03-29,TATASTEEL,EQ,480.2,482.0,484.9,480.25,484.9,484.4,482.98,3264312,157658922855000.0,49310.0,925888.0,0.2836
2017-03-30,TATASTEEL,EQ,484.4,484.4,486.35,475.8,477.5,477.5,479.79,4642454,222739389765000.0,47993.0,2615269.0,0.5633
2017-03-31,TATASTEEL,EQ,477.5,480.65,485.9,479.05,481.75,482.7,483.36,3215307,155416019210000.0,43213.0,891055.0,0.2771
2017-04-03,TATASTEEL,EQ,482.7,486.0,489.9,482.8,486.0,485.85,487.03,3140253,152939515555000.0,37792.0,879325.0,0.28
2017-04-05,TATASTEEL,EQ,485.85,488.0,498.2,486.65,493.6,493.3,494.24,4919654,243148266960000.0,61772.0,1589610.0,0.32310000000000005
2017-04-06,TATASTEEL,EQ,493.3,493.7,504.4,483.95,503.4,501.65,494.56,5058885,250190824669999.97,63715.0,1354258.0,0.2677
2017-04-07,TATASTEEL,EQ,501.65,500.9,506.35,490.65,492.15,493.2,501.02,5379967,269547104515000.0,63086.0,1332244.0,0.24760000000000001
2017-04-10,TATASTEEL,EQ,493.2,497.0,498.8,490.4,495.3,495.35,495.11,2992630,148167319495000.0,38314.0,530914.0,0.17739999999999997
2017-04-11,TATASTEEL,EQ,495.35,495.5,496.0,486.3,487.9,488.1,489.33,4084688,199874726255000.0,50080.0,1258012.0,0.308
2017-04-12,TATASTEEL,EQ,488.1,490.4,492.55,476.0,477.55,477.4,481.35,5007724,241049248394999.97,48529.0,1563876.0,0.3123
2017-04-13,TATASTEEL,EQ,477.4,474.4,479.2,462.2,462.85,463.55,467.55,5907485,276204011310000.0,71302.0,2144794.0,0.36310000000000003
2017-04-17,TATASTEEL,EQ,463.55,460.1,467.9,459.75,461.95,462.4,463.68,3787898,175636611820000.0,46819.0,591680.0,0.1562
2017-04-18,TATASTEEL,EQ,462.4,467.1,474.0,448.0,448.5,449.9,461.34,7307227,337112898570000.0,79953.0,1397459.0,0.1912
2017-04-19,TATASTEEL,EQ,449.9,448.0,455.5,442.05,452.5,450.75,448.92,9427124,423203258715000.0,123974.0,3550708.0,0.3766
2017-04-20,TATASTEEL,EQ,450.75,450.75,455.8,448.25,455.0,454.4,452.25,4022665,181926134890000.0,50021.0,1049449.0,0.2609
2017-04-21,TATASTEEL,EQ,454.4,460.0,460.7,449.1,450.25,450.85,454.26,4643978,210956255355000.0,55108.0,840695.0,0.18100000000000002
2017-04-24,TATASTEEL,EQ,450.85,452.0,454.6,447.1,451.1,450.7,451.0,4956153,223520734694999.97,51953.0,1624344.0,0.32770000000000005
2017-04-25,TATASTEEL,EQ,450.7,453.4,457.9,451.3,454.7,454.65,454.92,4250166,193348642430000.0,48350.0,1474939.0,0.34700000000000003
2017-04-26,TATASTEEL,EQ,454.65,456.9,463.3,450.8,453.05,453.8,457.98,4674438,214081641070000.0,77758.0,1143340.0,0.2446
2017-04-27,TATASTEEL,EQ,453.8,454.0,454.85,444.0,447.0,445.85,447.82,6189923,277197607165000.0,68618.0,2596365.0,0.41950000000000004
2017-04-28,TATASTEEL,EQ,445.85,448.0,458.7,445.85,448.4,449.25,452.86,6256122,283311862940000.0,85736.0,1514399.0,0.2421
2017-05-02,TATASTEEL,EQ,449.25,451.0,454.0,443.4,444.5,445.05,447.28,4689154,209735821505000.0,47293.0,1178157.0,0.25129999999999997
2017-05-03,TATASTEEL,EQ,445.05,447.3,449.95,437.55,440.6,440.8,441.97,5008822,221375967994999.97,68250.0,1367964.0,0.2731
2017-05-04,TATASTEEL,EQ,440.8,447.0,448.0,436.1,441.9,442.45,441.53,6535720,288569710880000.0,73479.0,1540372.0,0.23570000000000002
2017-05-05,TATASTEEL,EQ,442.45,441.5,441.5,428.0,432.85,433.6,434.9,5701881,247974064380000.03,65426.0,1276745.0,0.22390000000000002
2017-05-08,TATASTEEL,EQ,433.6,434.0,436.4,428.1,431.2,431.9,431.68,5515622,238100483244999.97,89498.0,2607674.0,0.4728
2017-05-09,TATASTEEL,EQ,431.9,432.0,440.0,431.25,433.15,433.5,436.17,4738911,206696408520000.0,59330.0,1457569.0,0.30760000000000004
2017-05-10,TATASTEEL,EQ,433.5,435.25,438.55,433.1,438.0,437.45,436.38,3539929,154475633075000.0,58927.0,1112881.0,0.3144
2017-05-11,TATASTEEL,EQ,437.45,440.7,445.4,439.7,440.0,441.15,442.39,5533078,244779233215000.0,52954.0,1318256.0,0.23829999999999998
2017-05-12,TATASTEEL,EQ,441.15,442.4,443.9,432.6,436.9,436.7,438.5,5796510,254177530680000.03,59134.0,1263251.0,0.21789999999999998
2017-05-15,TATASTEEL,EQ,436.7,438.0,456.9,437.8,456.45,456.05,450.95,9754791,439897156039999.94,96225.0,2153822.0,0.2208
2017-05-16,TATASTEEL,EQ,456.05,463.05,464.0,455.35,456.7,456.55,458.68,10298954,472394381705000.0,96730.0,2828872.0,0.2747
2017-05-17,TATASTEEL,EQ,456.55,470.0,499.0,465.8,493.4,493.9,486.34,49407351,2402878199965000.0,397293.0,8487784.0,0.1718
2017-05-18,TATASTEEL,EQ,493.9,488.15,496.65,483.6,486.0,486.25,491.14,13370374,656672191215000.0,132577.0,3058218.0,0.22870000000000001
2017-05-19,TATASTEEL,EQ,486.25,490.0,496.0,480.25,489.0,489.5,488.95,9075025,443720213170000.0,90404.0,1730893.0,0.1907
2017-05-22,TATASTEEL,EQ,489.5,492.85,496.95,484.35,486.8,486.4,489.96,6222549,304878168050000.0,73854.0,1514492.0,0.2434
2017-05-23,TATASTEEL,EQ,486.4,489.05,496.85,477.6,489.65,490.4,490.0,9779642,479200844250000.0,110852.0,2014593.0,0.20600000000000002
2017-05-24,TATASTEEL,EQ,490.4,492.5,495.0,481.5,482.75,483.35,487.22,7240413,352765912150000.0,111701.0,2529944.0,0.3494
2017-05-25,TATASTEEL,EQ,483.35,485.0,487.05,476.7,485.65,484.7,482.02,6461254,311446177835000.0,70388.0,2116858.0,0.3276
2017-05-26,TATASTEEL,EQ,484.7,486.9,514.85,485.65,511.3,511.75,508.11,16240203,825184515040000.0,196082.0,4878479.0,0.3004
2017-05-29,TATASTEEL,EQ,511.75,512.1,520.65,506.15,507.05,507.7,512.49,6772389,347078958880000.0,84087.0,851858.0,0.1258
2017-05-30,TATASTEEL,EQ,507.7,508.4,514.0,504.25,512.2,511.85,511.08,4082146,208628711785000.0,56976.0,1025671.0,0.25129999999999997
2017-05-31,TATASTEEL,EQ,511.85,510.15,515.0,502.5,505.35,504.7,506.89,4365325,221274968480000.03,84528.0,1446418.0,0.33130000000000004
2017-06-01,TATASTEEL,EQ,504.7,504.7,507.95,494.0,498.0,497.15,498.21,3886388,193622021445000.0,53300.0,765540.0,0.197
2017-06-02,TATASTEEL,EQ,497.15,501.95,503.2,488.05,492.0,491.95,492.76,5681201,279947407019999.97,108833.0,1820278.0,0.3204
2017-06-05,TATASTEEL,EQ,491.95,493.0,499.9,487.0,490.2,491.3,493.62,4742679,234110262885000.0,53789.0,862002.0,0.1818
2017-06-06,TATASTEEL,EQ,491.3,493.9,496.5,488.45,489.5,490.3,492.23,4123554,202972334785000.0,76414.0,904764.0,0.2194
2017-06-07,TATASTEEL,EQ,490.3,491.75,494.35,487.0,490.5,490.85,491.16,3287207,161455314320000.0,50972.0,985974.0,0.2999
2017-06-08,TATASTEEL,EQ,490.85,503.0,511.4,497.6,498.35,499.0,505.57,11928366,603068169095000.0,122814.0,1975857.0,0.1656
2017-06-09,TATASTEEL,EQ,499.0,498.4,508.35,495.85,507.0,507.05,502.02,6332939,317924293775000.0,78529.0,947906.0,0.1497
2017-06-12,TATASTEEL,EQ,507.05,507.7,514.2,505.5,508.1,508.4,509.4,5283279,269128528715000.0,63037.0,1187339.0,0.22469999999999998
2017-06-13,TATASTEEL,EQ,508.4,509.0,512.9,505.5,508.0,508.6,509.49,5965585,303940864295000.0,63041.0,2390474.0,0.4007
2017-06-14,TATASTEEL,EQ,508.6,508.0,509.75,501.15,503.05,502.65,504.56,4696131,236948986905000.03,67162.0,1549460.0,0.3299
2017-06-15,TATASTEEL,EQ,502.65,500.8,506.5,499.25,502.5,502.55,503.11,4078026,205168699545000.0,56188.0,931582.0,0.2284
2017-06-16,TATASTEEL,EQ,502.55,504.0,507.7,501.15,502.8,501.95,503.7,3424915,172511339800000.0,45743.0,1193642.0,0.34850000000000003
2017-06-19,TATASTEEL,EQ,501.95,510.3,520.6,507.5,520.4,519.55,514.32,9593934,493432137389999.94,122546.0,2728354.0,0.28440000000000004
2017-06-20,TATASTEEL,EQ,519.55,524.0,525.65,520.5,521.55,522.35,523.06,5911795,309223549190000.0,80099.0,1704652.0,0.2883
2017-06-21,TATASTEEL,EQ,522.35,521.3,523.65,515.7,517.5,517.65,519.33,4260883,221279378540000.0,60484.0,1070180.0,0.25120000000000003
2017-06-22,TATASTEEL,EQ,517.65,521.0,522.35,512.0,513.6,515.0,517.8,3812931,197432100855000.0,60119.0,1127610.0,0.2957
2017-06-23,TATASTEEL,EQ,515.0,513.9,513.9,502.7,506.7,507.25,507.58,3995573,202807040850000.0,55458.0,638712.0,0.15990000000000001
2017-06-27,TATASTEEL,EQ,507.25,510.0,513.8,503.8,512.2,510.9,509.59,4546092,231663077894999.97,64402.0,1376001.0,0.3027
2017-06-28,TATASTEEL,EQ,510.9,512.0,522.85,509.4,521.95,520.6,519.09,6896090,357967937370000.0,86351.0,1754803.0,0.2545
2017-06-29,TATASTEEL,EQ,520.6,524.9,536.6,522.05,533.65,535.05,531.14,9651954,512651187185000.06,125845.0,3063480.0,0.3174
2017-06-30,TATASTEEL,EQ,535.05,534.45,547.9,530.05,545.4,545.75,540.3,8469286,457597785220000.0,124465.0,1909458.0,0.2255
2017-07-03,TATASTEEL,EQ,545.75,545.5,553.35,542.05,550.75,550.6,549.84,6447865,354529853440000.0,86455.0,2779766.0,0.4311
2017-07-04,TATASTEEL,EQ,550.6,551.1,554.55,544.4,546.15,547.55,548.36,5039815,276364842465000.0,61877.0,1668764.0,0.3311
2017-07-05,TATASTEEL,EQ,547.55,544.4,552.5,544.0,550.3,549.95,549.58,4725845,259722958210000.0,60379.0,1507593.0,0.319
2017-07-06,TATASTEEL,EQ,549.95,550.0,557.5,549.0,554.1,554.65,554.19,6506592,360587272460000.0,82627.0,3317742.0,0.5099
2017-07-07,TATASTEEL,EQ,554.65,553.0,554.9,550.9,552.3,553.35,552.52,4100041,226535623119999.97,76805.0,1729494.0,0.4218
2017-07-10,TATASTEEL,EQ,553.35,558.9,561.6,549.1,558.45,559.35,557.99,1089492,60792529904999.99,13001.0,403815.0,0.37060000000000004
2017-07-11,TATASTEEL,EQ,559.35,560.4,561.95,555.2,556.25,556.85,558.22,4912769,274241183380000.03,100772.0,2466319.0,0.502
2017-07-12,TATASTEEL,EQ,556.85,560.0,561.2,555.0,558.05,559.1,558.5,4061003,226806948155000.03,57089.0,1906852.0,0.4696
2017-07-13,TATASTEEL,EQ,559.1,565.0,566.0,560.2,563.7,563.95,563.45,4252470,239603457155000.03,73835.0,1705574.0,0.4011
2017-07-14,TATASTEEL,EQ,563.95,564.9,564.9,556.75,559.5,558.4,560.05,4677703,261975641594999.97,38318.0,1989018.0,0.4252
2017-07-17,TATASTEEL,EQ,558.4,562.1,563.75,557.1,559.6,559.8,561.06,2460456,138045541120000.0,48259.0,824833.0,0.33520000000000005
2017-07-18,TATASTEEL,EQ,559.8,557.55,569.0,557.0,562.5,563.3,564.22,3442296,194221285980000.0,38915.0,725701.0,0.2108
2017-07-19,TATASTEEL,EQ,563.3,564.0,572.35,563.35,572.0,571.2,568.59,3285956,186834940465000.0,52450.0,892121.0,0.2715
2017-07-20,TATASTEEL,EQ,571.2,562.3,563.75,556.25,557.35,557.2,559.26,3260506,182345677370000.0,44227.0,818007.0,0.2509
2017-07-21,TATASTEEL,EQ,557.2,558.0,558.05,543.65,552.2,553.25,551.62,3295008,181760490665000.0,50096.0,958065.0,0.2908
2017-07-24,TATASTEEL,EQ,553.25,554.4,554.4,547.35,547.7,548.5,550.55,2160449,118943072940000.02,33321.0,600266.0,0.2778
2017-07-25,TATASTEEL,EQ,548.5,548.9,554.05,548.75,552.8,552.95,552.19,2840175,156831415260000.0,59643.0,902941.0,0.3179
2017-07-26,TATASTEEL,EQ,552.95,555.0,567.95,554.1,565.9,565.75,564.64,7087415,400182048210000.0,74531.0,2485351.0,0.3507
2017-07-27,TATASTEEL,EQ,565.75,566.95,568.55,558.1,561.05,561.25,562.93,4019198,226253147265000.0,48962.0,2101525.0,0.5229
2017-07-28,TATASTEEL,EQ,561.25,560.8,560.8,548.45,552.0,551.9,554.18,2411689,133650601515000.02,37165.0,768345.0,0.3186
2017-07-31,TATASTEEL,EQ,551.9,553.25,571.4,553.25,567.6,567.1,566.83,5624650,318824417045000.0,64878.0,1481818.0,0.2635
2017-08-01,TATASTEEL,EQ,567.1,569.7,575.25,568.6,570.95,572.4,571.88,5091142,291150887595000.0,54527.0,2251125.0,0.4422
2017-08-02,TATASTEEL,EQ,572.4,573.0,573.8,565.5,567.8,569.25,569.32,2987644,170093277000000.0,35581.0,1149606.0,0.3848
2017-08-03,TATASTEEL,EQ,569.25,567.0,568.35,557.55,559.75,559.3,561.01,3286455,184373288785000.0,51818.0,1130784.0,0.34409999999999996
2017-08-04,TATASTEEL,EQ,559.3,559.4,580.8,559.3,580.8,575.85,569.88,3363291,191667938915000.0,46458.0,931836.0,0.2771
2017-08-07,TATASTEEL,EQ,575.85,585.0,601.65,584.0,600.8,600.05,595.95,11012930,656316526645000.0,120809.0,2728318.0,0.2477
2017-08-08,TATASTEEL,EQ,600.05,610.25,625.5,606.0,614.0,616.45,619.25,20046119,1241354929540000.0,190863.0,3474325.0,0.17329999999999998
2017-08-09,TATASTEEL,EQ,616.45,616.0,620.4,602.5,605.05,605.05,610.54,5202611,317639054845000.0,63304.0,896039.0,0.1722
2017-08-10,TATASTEEL,EQ,605.05,604.8,614.7,598.05,606.5,604.35,607.69,7684041,466949588235000.06,114962.0,2373552.0,0.3089
2017-08-11,TATASTEEL,EQ,604.35,600.0,605.95,591.25,601.0,596.75,598.96,8579300,513866004664999.94,103765.0,3935098.0,0.4587
2017-08-14,TATASTEEL,EQ,596.75,607.4,625.6,605.0,624.0,623.75,618.3,8555920,529010730125000.0,105143.0,3037950.0,0.35509999999999997
2017-08-16,TATASTEEL,EQ,623.75,625.0,632.65,620.45,632.15,631.2,627.38,7330341,459892509155000.0,79480.0,3130894.0,0.42710000000000004
2017-08-17,TATASTEEL,EQ,631.2,630.1,637.0,624.1,625.0,625.4,630.7,4616610,291169780560000.0,67355.0,1535122.0,0.3325
2017-08-18,TATASTEEL,EQ,625.4,622.45,628.75,620.1,628.4,625.65,624.18,3386205,211359723460000.0,45111.0,940635.0,0.2778
2017-08-21,TATASTEEL,EQ,625.65,632.9,638.65,619.1,621.45,621.55,630.85,4175647,263418630740000.0,55903.0,707948.0,0.16949999999999998
2017-08-22,TATASTEEL,EQ,621.55,629.95,629.95,614.4,621.6,619.6,620.64,3690708,229059672344999.97,74375.0,1069530.0,0.2898
2017-08-23,TATASTEEL,EQ,619.6,624.0,636.45,616.5,635.25,634.6,624.54,3918843,244748139390000.0,51548.0,933132.0,0.23809999999999998
2017-08-24,TATASTEEL,EQ,634.6,636.0,640.55,630.6,638.8,639.0,636.55,4909312,312502452985000.0,81328.0,1504230.0,0.3064
2017-08-28,TATASTEEL,EQ,639.0,640.15,642.9,631.8,634.75,635.85,637.47,3565779,227306398475000.0,81231.0,1256035.0,0.3522
2017-08-29,TATASTEEL,EQ,635.85,635.5,640.45,627.95,629.65,630.2,634.11,3443278,218341691865000.0,50623.0,1015539.0,0.2949
2017-08-30,TATASTEEL,EQ,630.2,635.0,641.4,634.1,637.6,638.65,637.73,3524171,224747733450000.0,63257.0,1234702.0,0.3504
2017-08-31,TATASTEEL,EQ,638.65,636.95,643.0,632.2,638.0,638.05,637.8,6514220,415476533380000.0,62453.0,2772421.0,0.42560000000000003
2017-09-01,TATASTEEL,EQ,638.05,639.95,652.75,639.05,650.9,651.2,647.04,6152375,398082021725000.0,87392.0,2194150.0,0.3566
2017-09-04,TATASTEEL,EQ,651.2,651.0,651.7,641.5,646.75,646.55,646.66,2411324,155931224485000.0,38651.0,485776.0,0.20149999999999998
2017-09-05,TATASTEEL,EQ,646.55,647.65,654.45,647.25,652.05,652.1,652.09,3168850,206638782410000.0,52615.0,1146624.0,0.3618
2017-09-06,TATASTEEL,EQ,652.1,647.1,656.1,645.5,653.7,653.0,650.92,2726474,177471703090000.0,56088.0,894148.0,0.32799999999999996
2017-09-07,TATASTEEL,EQ,653.0,657.0,657.0,650.3,652.85,652.8,653.1,2504395,163562626050000.0,51716.0,893775.0,0.3569
2017-09-08,TATASTEEL,EQ,652.8,654.1,663.7,651.85,652.25,655.4,658.9,4712247,310488898040000.0,69102.0,1061393.0,0.2252
2017-09-11,TATASTEEL,EQ,655.4,657.0,663.85,652.6,663.0,662.6,659.58,3208849,211648963680000.0,59178.0,1092938.0,0.3406
2017-09-12,TATASTEEL,EQ,662.6,675.0,693.0,674.5,680.9,682.9,685.13,10312267,706519269710000.0,145487.0,3618283.0,0.35090000000000005
2017-09-13,TATASTEEL,EQ,682.9,681.75,683.8,675.65,681.25,679.65,679.4,2353272,159881586070000.0,45176.0,703239.0,0.2988
2017-09-14,TATASTEEL,EQ,679.65,679.5,683.65,672.1,677.7,677.7,678.38,1906013,129299308570000.0,32824.0,377203.0,0.1979
2017-09-15,TATASTEEL,EQ,677.7,676.0,681.4,671.55,677.0,678.95,677.31,3241869,219574485255000.03,54110.0,1326930.0,0.4093
2017-09-18,TATASTEEL,EQ,678.95,676.0,683.0,671.1,671.55,672.9,674.9,2293247,154772143650000.0,41187.0,697967.0,0.3044
2017-09-19,TATASTEEL,EQ,672.9,673.7,681.35,673.0,676.65,676.4,675.6,3708821,250568625544999.97,38109.0,1773281.0,0.4781
2017-09-20,TATASTEEL,EQ,676.4,676.2,691.8,674.45,687.45,687.65,684.72,8780970,601253274690000.0,114376.0,2850264.0,0.3246
2017-09-21,TATASTEEL,EQ,687.65,693.8,696.25,681.2,686.35,687.1,689.32,6132440,422719134785000.0,83779.0,1390227.0,0.2267
2017-09-22,TATASTEEL,EQ,687.1,684.0,684.0,651.0,654.4,654.0,666.25,4418928,294409334690000.0,60903.0,1057199.0,0.23920000000000002
2017-09-25,TATASTEEL,EQ,654.0,655.0,655.2,623.1,642.3,639.75,636.87,7063975,449882739120000.0,99650.0,2156444.0,0.3053
2017-09-26,TATASTEEL,EQ,639.75,642.5,657.0,638.85,655.0,654.1,649.72,3948737,256558857150000.0,74693.0,729704.0,0.18480000000000002
2017-09-27,TATASTEEL,EQ,654.1,660.0,660.0,643.05,650.0,649.35,649.16,4959812,321968952575000.0,68684.0,1667545.0,0.3362
2017-09-28,TATASTEEL,EQ,649.35,652.9,656.5,642.65,648.25,649.7,649.55,6579011,427338175550000.0,64693.0,3957155.0,0.6015
2017-09-29,TATASTEEL,EQ,649.7,654.8,657.0,650.05,652.5,652.55,653.67,2838861,185566791315000.0,61515.0,1117907.0,0.39380000000000004
2017-10-03,TATASTEEL,EQ,652.55,656.5,665.9,656.5,660.65,660.8,660.4,2849961,188212055310000.0,31898.0,1043449.0,0.3661
2017-10-04,TATASTEEL,EQ,660.8,660.4,662.55,654.45,659.7,659.0,659.63,2784555,183678694055000.0,29648.0,830485.0,0.2982
2017-10-05,TATASTEEL,EQ,659.0,658.0,665.35,657.45,660.7,661.0,662.3,1552614,102828919625000.0,29504.0,477536.0,0.30760000000000004
2017-10-06,TATASTEEL,EQ,661.0,665.25,693.8,665.05,693.55,691.45,685.06,9464812,648391751260000.0,98910.0,1307903.0,0.13820000000000002
2017-10-09,TATASTEEL,EQ,691.45,693.0,704.4,691.6,696.55,697.25,698.88,5619102,392708738845000.0,84324.0,1311936.0,0.2335
2017-10-10,TATASTEEL,EQ,697.25,700.95,704.15,685.1,691.5,690.8,692.9,4197902,290873877340000.0,65367.0,1003296.0,0.239
2017-10-11,TATASTEEL,EQ,690.8,694.5,698.8,673.3,682.5,682.3,686.83,4191994,287918516995000.0,62075.0,1270193.0,0.303
2017-10-12,TATASTEEL,EQ,682.3,688.0,693.8,681.4,692.6,691.6,687.42,4524341,311013161615000.0,61894.0,1483976.0,0.32799999999999996
2017-10-13,TATASTEEL,EQ,691.6,697.55,717.45,695.0,710.5,710.85,708.02,9628769,681735593000000.0,121183.0,3543083.0,0.368
2017-10-16,TATASTEEL,EQ,710.85,713.2,719.5,711.65,715.05,714.95,715.13,4213048,301287217650000.0,79736.0,1590708.0,0.3776
2017-10-17,TATASTEEL,EQ,714.95,714.95,718.2,708.45,712.3,712.5,712.6,2801245,199617633055000.0,42468.0,814638.0,0.2908
2017-10-18,TATASTEEL,EQ,712.5,715.85,717.8,707.1,709.35,709.6,711.18,3401417,241901946865000.0,49870.0,1336132.0,0.39280000000000004
2017-10-19,TATASTEEL,EQ,709.6,708.85,711.0,702.9,703.0,705.5,707.2,410438,29026185560000.004,7153.0,94095.0,0.2293
2017-10-23,TATASTEEL,EQ,705.5,706.6,714.35,705.7,712.0,712.0,710.33,2719954,193207007865000.0,41545.0,873205.0,0.321
2017-10-24,TATASTEEL,EQ,712.0,716.7,728.3,714.05,718.95,719.3,722.32,4555003,329015359650000.0,71034.0,1257110.0,0.276
2017-10-25,TATASTEEL,EQ,719.3,722.05,726.7,709.5,717.1,717.6,717.37,3164905,227041564425000.0,52544.0,1055696.0,0.3336
2017-10-26,TATASTEEL,EQ,717.6,717.7,732.8,715.8,729.0,729.2,728.06,5666479,412553713860000.0,59612.0,3106213.0,0.5482
2017-10-27,TATASTEEL,EQ,729.2,732.9,734.75,722.6,727.5,726.8,728.11,2777068,202200562145000.0,50120.0,1003816.0,0.3615
2017-10-30,TATASTEEL,EQ,726.8,729.9,735.0,713.15,719.7,718.25,720.91,5046825,363828445660000.0,74293.0,1434644.0,0.2843
2017-10-31,TATASTEEL,EQ,718.25,724.0,729.8,697.2,703.55,703.8,711.77,13545468,964119064120000.1,181879.0,3028786.0,0.2236
2017-11-01,TATASTEEL,EQ,703.8,713.55,717.0,703.6,705.55,707.3,709.94,5458694,387536483480000.0,68475.0,1912210.0,0.3503
2017-11-02,TATASTEEL,EQ,707.3,708.95,708.95,697.5,706.0,706.1,703.16,3183542,223855011955000.03,66906.0,887345.0,0.2787
2017-11-03,TATASTEEL,EQ,706.1,708.0,713.05,703.65,708.55,708.9,709.06,3287588,233109746580000.03,81059.0,1295160.0,0.394
2017-11-06,TATASTEEL,EQ,708.9,704.95,715.95,699.3,704.5,706.8,707.75,3942823,279053888610000.0,71747.0,1443798.0,0.36619999999999997
2017-11-07,TATASTEEL,EQ,706.8,709.9,713.15,686.35,696.6,693.2,697.23,4457296,310776618860000.0,68160.0,1696312.0,0.38060000000000005
2017-11-08,TATASTEEL,EQ,693.2,695.2,700.5,684.05,698.0,693.15,692.5,3590520,248645206735000.0,85805.0,1230941.0,0.3428
2017-11-09,TATASTEEL,EQ,693.15,699.0,705.05,693.5,704.5,703.4,700.38,2542062,178041240550000.0,36564.0,626577.0,0.2465
2017-11-10,TATASTEEL,EQ,703.4,700.6,708.7,695.7,703.5,702.25,702.63,2893175,203282765630000.0,52299.0,848650.0,0.2933
2017-11-13,TATASTEEL,EQ,702.25,703.5,704.45,687.1,690.55,691.05,692.39,3238473,224229924515000.0,50900.0,1246784.0,0.385
2017-11-14,TATASTEEL,EQ,691.05,689.5,695.1,681.7,682.8,685.5,689.63,3691525,254578990155000.03,64948.0,2029328.0,0.5497
2017-11-15,TATASTEEL,EQ,685.5,679.0,681.5,669.25,679.0,677.75,675.16,4298026,290183481380000.0,83599.0,1536313.0,0.35740000000000005
2017-11-16,TATASTEEL,EQ,677.75,682.9,689.5,676.2,688.25,686.35,682.5,2465499,168269745355000.0,46409.0,667126.0,0.2706
2017-11-17,TATASTEEL,EQ,686.35,694.0,709.3,694.0,695.0,701.2,704.88,4032997,284279429930000.0,75965.0,1372422.0,0.3403
2017-11-20,TATASTEEL,EQ,701.2,697.9,707.9,690.15,701.6,702.15,699.32,3289271,230025658210000.0,66689.0,874287.0,0.2658
2017-11-21,TATASTEEL,EQ,702.15,703.9,718.5,702.0,711.25,711.35,713.26,3657310,260861331115000.0,60076.0,746625.0,0.2041
2017-11-22,TATASTEEL,EQ,711.35,713.45,717.0,706.3,711.0,711.05,711.07,2272083,161561542375000.0,36381.0,824314.0,0.3628
2017-11-23,TATASTEEL,EQ,711.05,713.4,716.5,707.15,712.3,712.7,711.61,3683121,262093419615000.0,34851.0,1089848.0,0.2959
2017-11-24,TATASTEEL,EQ,712.7,712.05,712.8,703.25,708.1,708.45,708.02,1925192,136307695540000.02,31290.0,537440.0,0.2792
2017-11-27,TATASTEEL,EQ,708.45,709.0,709.0,699.05,703.95,702.55,702.07,1865394,130963054475000.0,36979.0,545949.0,0.2927
2017-11-28,TATASTEEL,EQ,702.55,701.8,712.9,697.15,703.0,703.85,706.25,2544179,179681480000000.0,44685.0,572493.0,0.225
2017-11-29,TATASTEEL,EQ,703.85,702.2,711.0,702.2,707.3,709.3,707.65,3056846,216317480980000.03,51949.0,1417332.0,0.4637
2017-11-30,TATASTEEL,EQ,709.3,705.0,707.0,690.0,693.0,694.15,700.95,3990140,279690710025000.0,66603.0,2173721.0,0.5448
2017-12-01,TATASTEEL,EQ,694.15,694.9,697.9,677.0,680.95,680.9,685.78,3941877,270324998860000.0,45451.0,1037766.0,0.2633
2017-12-04,TATASTEEL,EQ,680.9,685.1,692.9,680.5,690.2,687.8,687.61,2322372,159688813070000.0,38345.0,696307.0,0.2998
2017-12-05,TATASTEEL,EQ,687.8,685.0,685.55,671.0,675.5,675.7,676.12,3329151,225089969710000.0,50318.0,1358874.0,0.4082
2017-12-06,TATASTEEL,EQ,675.7,667.0,671.45,660.7,668.25,667.6,664.46,4266074,283463239865000.0,101761.0,1896153.0,0.44450000000000006
2017-12-07,TATASTEEL,EQ,667.6,670.0,690.0,670.0,687.5,688.0,682.49,4021709,274476187040000.0,87103.0,1317208.0,0.3275
2017-12-08,TATASTEEL,EQ,688.0,689.1,713.85,685.15,694.05,697.8,702.08,7508259,527141757595000.0,103511.0,1830056.0,0.24370000000000003
2017-12-11,TATASTEEL,EQ,697.8,698.75,706.55,694.65,700.0,699.55,700.54,2207461,154641041315000.0,38791.0,431299.0,0.1954
2017-12-12,TATASTEEL,EQ,699.55,698.8,708.1,686.1,689.0,689.85,698.93,3980084,278178562405000.03,69650.0,1232349.0,0.30960000000000004
2017-12-13,TATASTEEL,EQ,689.85,691.9,693.15,675.85,683.0,680.85,685.22,3661881,250920335280000.03,68034.0,984560.0,0.26890000000000003
2017-12-14,TATASTEEL,EQ,680.85,685.0,688.75,671.1,687.0,685.75,680.54,3143882,213952583340000.0,52584.0,1249330.0,0.39740000000000003
2017-12-15,TATASTEEL,EQ,685.75,696.0,700.85,691.05,696.15,694.7,695.34,3158329,219612807325000.0,93014.0,1306072.0,0.41350000000000003
2017-12-18,TATASTEEL,EQ,694.7,689.1,714.8,674.0,706.0,704.7,703.73,5093828,358469411695000.0,91728.0,1630125.0,0.32
2017-12-19,TATASTEEL,EQ,704.7,709.0,712.0,705.2,709.55,710.2,708.73,2035138,144236871170000.0,41632.0,553957.0,0.2722
2017-12-20,TATASTEEL,EQ,710.2,716.9,716.9,691.95,702.2,702.8,702.25,7388281,518845011110000.06,127546.0,2252732.0,0.3049
2017-12-21,TATASTEEL,EQ,702.8,702.8,717.25,701.0,712.0,714.6,711.39,4801665,341586296775000.0,77795.0,1792606.0,0.37329999999999997
2017-12-22,TATASTEEL,EQ,714.6,716.8,716.8,707.1,710.0,711.2,711.34,3322839,236368034780000.03,86074.0,1152220.0,0.3468
2017-12-26,TATASTEEL,EQ,711.2,714.0,725.0,712.0,720.45,721.65,719.97,6011430,432807901264999.94,88988.0,2850687.0,0.4742
2017-12-27,TATASTEEL,EQ,721.65,721.75,729.6,717.9,722.0,723.45,725.23,3611513,261919326665000.0,46899.0,1158993.0,0.3209
2017-12-28,TATASTEEL,EQ,723.45,725.05,739.5,724.6,734.6,736.25,734.8,11572648,850354078840000.0,88754.0,6710182.0,0.5798
2017-12-29,TATASTEEL,EQ,736.25,738.0,744.85,730.0,731.0,732.4,736.92,2816505,207553775835000.0,46963.0,703649.0,0.24980000000000002
2018-01-01,TATASTEEL,EQ,732.4,732.5,735.4,719.5,721.8,722.2,726.76,1833942,133282727705000.0,28039.0,628997.0,0.34299999999999997
2018-01-02,TATASTEEL,EQ,722.2,724.0,731.25,715.25,730.45,729.3,724.61,2467294,178782285730000.0,39772.0,574294.0,0.2328
2018-01-03,TATASTEEL,EQ,729.3,732.0,737.5,731.25,734.55,734.95,734.62,2634779,193556667430000.0,51896.0,1074977.0,0.408
2018-01-04,TATASTEEL,EQ,734.95,736.5,763.45,732.0,763.45,760.25,751.92,8082986,607772130380000.0,94258.0,2617440.0,0.32380000000000003
2018-01-05,TATASTEEL,EQ,760.25,764.0,776.9,762.5,770.4,770.7,771.0,7136203,550201515639999.94,117831.0,2982677.0,0.418
2018-01-08,TATASTEEL,EQ,770.7,777.75,777.85,765.0,768.25,768.75,770.22,2584335,199050390215000.0,43791.0,597314.0,0.2311
2018-01-09,TATASTEEL,EQ,768.75,770.0,780.85,767.0,770.65,772.3,774.28,3197787,247597943575000.0,51850.0,965965.0,0.30210000000000004
2018-01-10,TATASTEEL,EQ,772.3,771.25,777.0,762.9,773.8,772.85,768.5,2990882,229849613780000.03,67322.0,1092240.0,0.3652
2018-01-11,TATASTEEL,EQ,772.85,772.85,777.9,768.35,769.0,770.95,773.34,1934937,149636132965000.0,54449.0,636527.0,0.329
2018-01-12,TATASTEEL,EQ,770.95,771.2,776.8,760.05,768.1,770.25,770.38,2169940,167168605520000.0,33115.0,425581.0,0.1961
2018-01-15,TATASTEEL,EQ,770.25,772.0,793.0,771.0,779.65,783.5,785.78,4171663,327800110895000.0,60536.0,1084622.0,0.26
2018-01-16,TATASTEEL,EQ,783.5,782.75,782.75,760.1,766.75,765.75,769.37,2791328,214756523300000.0,43454.0,522274.0,0.18710000000000002
2018-01-17,TATASTEEL,EQ,765.75,768.0,777.95,757.0,775.0,774.0,767.66,2988170,229389037030000.03,53759.0,889746.0,0.2978
2018-01-18,TATASTEEL,EQ,774.0,775.0,779.85,746.2,750.35,751.75,757.6,4616814,349771113755000.0,70288.0,1230960.0,0.2666
2018-01-19,TATASTEEL,EQ,751.75,752.5,762.0,742.5,753.0,753.0,752.4,3217972,242119857700000.0,70788.0,545847.0,0.1696
2018-01-22,TATASTEEL,EQ,753.0,752.0,756.4,747.35,753.55,752.2,751.66,3605727,271027141175000.0,54163.0,2008322.0,0.557
2018-01-23,TATASTEEL,EQ,752.2,752.0,787.1,752.0,780.25,779.75,777.27,8036841,624678002900000.0,108348.0,3258712.0,0.40549999999999997
2018-01-24,TATASTEEL,EQ,779.75,780.5,780.6,757.15,762.0,762.1,768.25,4935129,379140322075000.0,135381.0,2481568.0,0.5028
2018-01-25,TATASTEEL,EQ,762.1,765.0,773.1,758.25,768.75,769.15,767.46,8397681,644487434415000.0,78637.0,5726109.0,0.6819
2018-01-29,TATASTEEL,EQ,769.15,771.0,791.8,770.15,783.7,783.15,785.15,6508012,510976329685000.06,108384.0,3207138.0,0.4928
2018-01-30,TATASTEEL,EQ,783.15,780.6,783.9,771.25,781.0,775.85,775.87,6019374,467023241400000.0,85046.0,3573448.0,0.5937
2018-01-31,TATASTEEL,EQ,775.85,735.5,747.9,701.7,706.6,705.05,720.42,12958902,933587822804999.9,176718.0,3691336.0,0.2848
2018-02-01,TATASTEEL,EQ,705.05,708.0,712.75,681.6,695.05,696.75,696.23,7403931,515480469989999.94,106412.0,2556348.0,0.3453
2018-02-02,TATASTEEL,EQ,696.75,692.0,693.0,666.05,668.85,670.45,680.74,6500926,442540964100000.0,82868.0,2426292.0,0.37320000000000003
2018-02-05,TATASTEEL,EQ,670.45,661.0,674.5,650.5,666.0,664.05,662.66,4698722,311365579745000.0,73444.0,1827172.0,0.3889
2018-02-06,TATASTEEL,EQ,664.05,641.0,679.0,632.55,666.2,664.5,655.82,6704557,439700236295000.0,97327.0,2001480.0,0.29850000000000004
2018-02-07,TATASTEEL,EQ,664.5,668.0,682.2,657.0,659.1,661.8,668.19,6789521,453671820789999.94,110553.0,2605293.0,0.3837
2018-02-08,TATASTEEL,EQ,661.8,660.05,677.0,654.0,673.0,671.45,665.4,5845590,388967006455000.0,84817.0,1250275.0,0.2139
2018-02-09,TATASTEEL,EQ,671.45,663.7,690.0,660.15,684.55,685.3,681.94,9140288,623315496880000.0,140463.0,1931577.0,0.2113
2018-02-12,TATASTEEL,EQ,685.3,716.0,716.9,697.4,713.7,713.1,710.44,12036307,855108302910000.0,153682.0,1712694.0,0.1423
2018-02-14,TATASTEEL,EQ,713.1,719.3,720.5,704.55,708.6,708.0,713.33,4885951,348528074840000.0,71409.0,1208003.0,0.2472
2018-02-15,TATASTEEL,EQ,708.0,711.35,719.15,697.25,703.0,700.55,708.85,5131245,363729944660000.0,78568.0,1538113.0,0.2998
2018-02-16,TATASTEEL,EQ,700.55,708.0,709.5,683.6,688.0,689.75,693.91,5012760,347839932455000.0,63048.0,1270333.0,0.2534
2018-02-19,TATASTEEL,EQ,689.75,693.4,693.4,639.0,649.0,648.85,654.52,17658708,1155804841740000.0,175871.0,5760059.0,0.3262
2018-02-20,TATASTEEL,EQ,648.85,654.8,661.5,648.15,651.2,651.3,654.56,10214478,668602334905000.0,126134.0,3463726.0,0.33909999999999996
2018-02-21,TATASTEEL,EQ,651.3,654.9,655.55,633.0,643.5,640.95,640.92,10307539,660635820425000.0,131334.0,4467629.0,0.43340000000000006
2018-02-22,TATASTEEL,EQ,640.95,640.35,647.8,632.85,636.1,637.55,641.1,8950631,573827704710000.0,119172.0,3204004.0,0.358
2018-02-23,TATASTEEL,EQ,637.55,640.85,686.4,639.0,676.0,677.75,669.57,21866214,1464106110270000.0,327120.0,8257876.0,0.37770000000000004
2018-02-26,TATASTEEL,EQ,677.75,680.0,692.65,673.2,681.4,680.2,684.05,9199775,629308577680000.0,131304.0,2820252.0,0.3066
2018-02-27,TATASTEEL,EQ,680.2,681.4,686.9,669.2,671.05,671.75,680.0,6805376,462765093100000.0,104797.0,2385754.0,0.3506
2018-02-28,TATASTEEL,EQ,671.75,663.85,675.0,660.0,672.85,671.6,669.29,7112650,476040440025000.0,115945.0,2930972.0,0.4121
2018-03-01,TATASTEEL,EQ,671.6,671.35,685.0,670.05,673.5,675.05,677.03,7128399,482614882439999.94,97069.0,2939614.0,0.41240000000000004
2018-03-05,TATASTEEL,EQ,675.05,669.25,669.3,651.8,655.7,655.9,658.04,9785466,643926021875000.0,170413.0,4771509.0,0.4876
2018-03-06,TATASTEEL,EQ,655.9,664.85,674.0,656.55,659.5,659.75,666.81,8414960,561114968855000.0,151635.0,2918233.0,0.3468
2018-03-07,TATASTEEL,EQ,659.75,657.0,661.4,644.65,650.0,647.7,651.47,5130577,334239984260000.0,85847.0,1518697.0,0.29600000000000004
2018-03-08,TATASTEEL,EQ,647.7,656.9,660.95,632.7,636.25,635.9,642.15,7126105,457601685305000.0,90313.0,1471440.0,0.2065
2018-03-09,TATASTEEL,EQ,635.9,640.05,646.75,601.5,612.7,606.75,618.77,18096367,1119746006065000.0,188722.0,3453501.0,0.1908
2018-03-12,TATASTEEL,EQ,606.75,614.45,626.4,606.4,623.5,622.9,616.27,12193581,751454156135000.0,142942.0,2850476.0,0.2338
2018-03-13,TATASTEEL,EQ,622.9,623.0,633.2,614.35,627.95,628.85,626.24,10490405,656949885540000.0,111466.0,2633039.0,0.251
2018-03-14,TATASTEEL,EQ,628.85,624.0,630.9,618.6,620.0,620.55,623.71,8655181,539828429245000.0,103031.0,2935783.0,0.3392
2018-03-15,TATASTEEL,EQ,620.55,620.0,622.6,609.6,612.2,611.75,615.08,7510951,461986039430000.0,88447.0,1695674.0,0.2258
2018-03-16,TATASTEEL,EQ,611.75,611.75,613.9,594.4,602.5,600.2,602.51,11739582,707324004010000.0,147071.0,4095247.0,0.34880000000000005
2018-03-19,TATASTEEL,EQ,600.2,600.0,601.9,572.85,574.0,574.95,582.99,12542317,731208824315000.0,146001.0,4316008.0,0.34409999999999996
2018-03-20,TATASTEEL,EQ,574.95,571.0,600.9,568.45,594.35,593.0,591.86,17645035,1044332096470000.1,196471.0,3717435.0,0.2107
2018-03-21,TATASTEEL,EQ,593.0,598.95,601.7,580.5,582.3,582.25,589.32,11939451,703610613300000.0,118336.0,3272799.0,0.2741
2018-03-22,TATASTEEL,EQ,582.25,582.7,587.45,572.0,579.25,580.9,578.92,11486245,664964078350000.0,146377.0,2059535.0,0.1793
2018-03-23,TATASTEEL,EQ,580.9,560.05,568.8,553.5,567.0,566.5,561.97,14133550,794269316545000.0,143444.0,3733732.0,0.26420000000000005
2018-03-26,TATASTEEL,EQ,566.5,568.9,588.35,560.8,586.0,581.55,571.25,10929998,624374540555000.0,124625.0,2578503.0,0.2359
2018-03-27,TATASTEEL,EQ,581.55,590.45,599.0,587.55,590.0,590.0,593.07,10038168,595335062365000.0,113523.0,1699906.0,0.1693
2018-03-28,TATASTEEL,EQ,590.0,581.05,583.0,565.3,570.65,571.05,571.53,18655057,1066197531175000.0,184117.0,9627929.0,0.5161
2018-04-02,TATASTEEL,EQ,571.05,573.1,580.3,568.1,577.65,578.8,575.48,6889345,396470302430000.0,106474.0,1746344.0,0.2535
2018-04-03,TATASTEEL,EQ,578.8,570.2,585.45,568.35,580.0,579.7,577.64,10508317,606998344540000.0,143336.0,1331567.0,0.1267
2018-04-04,TATASTEEL,EQ,579.7,583.1,590.5,557.55,559.1,560.55,577.6,13909893,803437726820000.0,182883.0,4538225.0,0.32630000000000003
2018-04-05,TATASTEEL,EQ,560.55,573.85,583.6,569.5,580.0,580.45,577.85,13262168,766350613630000.0,157981.0,5066786.0,0.38200000000000006
2018-04-06,TATASTEEL,EQ,580.45,574.85,589.9,573.0,586.1,587.2,581.14,8520201,495143046100000.0,97057.0,1766400.0,0.2073
2018-04-09,TATASTEEL,EQ,587.2,589.5,595.75,583.4,585.0,586.15,589.2,9489221,559101146835000.06,121507.0,2060169.0,0.21710000000000002
2018-04-10,TATASTEEL,EQ,586.15,593.0,604.6,592.3,603.4,601.9,598.69,10850710,649626400750000.0,127456.0,2248864.0,0.2073
2018-04-11,TATASTEEL,EQ,601.9,608.0,610.9,600.35,608.0,608.05,606.51,8724716,529166986160000.06,95538.0,2239463.0,0.25670000000000004
2018-04-12,TATASTEEL,EQ,608.05,606.9,608.75,596.7,598.4,598.4,602.77,6628499,399548710385000.0,69116.0,2453208.0,0.3701
2018-04-13,TATASTEEL,EQ,598.4,600.0,604.7,590.4,593.7,594.05,597.22,6716146,401100848850000.0,85295.0,1057806.0,0.1575
2018-04-16,TATASTEEL,EQ,594.05,591.0,596.8,585.15,593.0,591.6,590.51,5145813,303866537560000.0,65902.0,816456.0,0.1587
2018-04-17,TATASTEEL,EQ,591.6,595.0,604.6,591.95,595.2,596.05,598.6,6400378,383126046770000.0,81627.0,719438.0,0.1124
2018-04-18,TATASTEEL,EQ,596.05,600.95,604.9,594.6,604.5,601.6,599.36,4259135,255276018030000.03,64932.0,710504.0,0.1668
2018-04-19,TATASTEEL,EQ,601.6,606.05,624.5,606.05,621.4,621.95,618.07,10817008,668566744330000.0,121762.0,1354322.0,0.1252
2018-04-20,TATASTEEL,EQ,621.95,618.95,618.95,602.6,607.05,606.2,608.19,6346274,385972867605000.0,87184.0,1122657.0,0.17690000000000003
2018-04-23,TATASTEEL,EQ,606.2,608.3,611.0,600.1,605.5,606.6,606.58,4591161,278489817665000.0,64401.0,834594.0,0.1818
2018-04-24,TATASTEEL,EQ,606.6,594.45,601.8,589.4,600.0,597.55,595.13,5953046,354285555825000.0,77010.0,1451928.0,0.2439
2018-04-25,TATASTEEL,EQ,597.55,598.0,598.5,584.3,586.85,586.2,589.66,4122443,243084372515000.0,57781.0,951360.0,0.23079999999999998
2018-04-26,TATASTEEL,EQ,586.2,588.0,591.55,576.7,577.9,578.2,581.39,7463062,433892521235000.06,79412.0,3736186.0,0.5006
2018-04-27,TATASTEEL,EQ,578.2,582.95,594.75,581.25,587.75,589.8,588.47,4717405,277603937105000.03,60844.0,673265.0,0.1427
2018-04-30,TATASTEEL,EQ,589.8,591.65,599.9,586.0,595.1,594.95,594.73,3658754,217596039530000.03,53761.0,703893.0,0.1924
2018-05-02,TATASTEEL,EQ,594.95,597.1,597.4,572.95,574.8,574.5,582.14,4241068,246891575250000.0,80653.0,1344250.0,0.317
2018-05-03,TATASTEEL,EQ,574.5,574.0,587.4,568.1,586.7,585.45,577.77,6778904,391665598445000.0,91788.0,1137693.0,0.1678
2018-05-04,TATASTEEL,EQ,585.45,586.7,589.8,579.25,580.7,580.75,583.66,3881632,226555742180000.03,65217.0,490714.0,0.1264
2018-05-07,TATASTEEL,EQ,580.75,585.95,597.95,581.0,596.25,596.45,591.52,4553509,269350755819999.97,77292.0,921647.0,0.2024
2018-05-08,TATASTEEL,EQ,596.45,600.0,604.2,590.5,593.45,596.35,596.98,4125958,246309478544999.97,55540.0,425942.0,0.1032
2018-05-09,TATASTEEL,EQ,596.35,593.4,608.85,592.55,604.75,603.15,603.69,6238211,376595256190000.0,80649.0,1263459.0,0.2025
2018-05-10,TATASTEEL,EQ,603.15,603.9,606.8,591.15,593.8,594.15,596.48,4001269,238668936380000.03,59065.0,994122.0,0.24850000000000003
2018-05-11,TATASTEEL,EQ,594.15,597.0,610.55,591.2,606.25,607.25,603.34,6155537,371390040110000.0,98974.0,1787622.0,0.2904
2018-05-14,TATASTEEL,EQ,607.25,608.2,614.95,602.3,608.75,610.35,610.48,5173139,315811591900000.0,83184.0,1062005.0,0.2053
2018-05-15,TATASTEEL,EQ,610.35,609.0,636.8,605.5,627.0,625.95,628.2,12818436,805258929925000.0,149683.0,1922341.0,0.15
2018-05-16,TATASTEEL,EQ,625.95,626.0,632.5,616.95,621.9,621.25,623.66,8426301,525516747985000.06,113589.0,1356138.0,0.16090000000000002
2018-05-17,TATASTEEL,EQ,621.25,629.95,630.8,602.15,610.3,610.3,611.88,16037341,981291299100000.0,163026.0,2384970.0,0.1487
2018-05-18,TATASTEEL,EQ,610.3,615.0,616.7,590.35,591.25,591.4,601.17,8216629,493962262905000.0,100178.0,1741129.0,0.2119
2018-05-21,TATASTEEL,EQ,591.4,592.5,600.75,574.75,576.05,577.0,584.16,7162233,418386436540000.0,93394.0,1331482.0,0.1859
2018-05-22,TATASTEEL,EQ,577.0,578.1,583.5,569.5,575.9,576.8,578.16,6096646,352483626265000.0,116522.0,1115409.0,0.18300000000000002
2018-05-23,TATASTEEL,EQ,576.8,576.0,576.0,537.4,541.25,540.05,551.51,17148386,945746208675000.0,286869.0,5599512.0,0.3265
2018-05-24,TATASTEEL,EQ,540.05,543.9,553.9,536.55,552.4,548.2,546.94,8700822,475882229850000.0,103168.0,1102113.0,0.1267
2018-05-25,TATASTEEL,EQ,548.2,554.0,570.8,552.0,567.5,568.25,563.89,8895619,501615979280000.0,120667.0,1608181.0,0.1808
2018-05-28,TATASTEEL,EQ,568.25,571.0,579.45,565.1,576.55,576.65,573.73,5235667,300384063160000.0,66203.0,831387.0,0.15880000000000002
2018-05-29,TATASTEEL,EQ,576.65,574.95,588.0,569.35,575.9,575.35,578.27,6477911,374597963530000.0,101603.0,1247659.0,0.19260000000000002
2018-05-30,TATASTEEL,EQ,575.35,568.05,581.5,567.55,580.0,577.9,576.48,6201888,357529046940000.0,95492.0,1648565.0,0.2658
2018-05-31,TATASTEEL,EQ,577.9,584.0,587.3,572.05,577.2,575.65,577.36,6652510,384091405785000.0,85779.0,1796126.0,0.27
2018-06-01,TATASTEEL,EQ,575.65,570.0,579.6,556.3,561.05,560.65,567.06,9249666,524512784675000.0,106776.0,2788656.0,0.3015
2018-06-04,TATASTEEL,EQ,560.65,564.05,572.5,560.3,565.5,566.15,566.47,8742527,495238373180000.0,96381.0,2935016.0,0.3357
2018-06-05,TATASTEEL,EQ,566.15,566.8,574.9,560.6,573.65,572.1,567.03,4688204,265834583410000.0,69431.0,738939.0,0.1576
2018-06-06,TATASTEEL,EQ,572.1,574.45,581.7,569.2,580.1,579.75,576.54,4445305,256291505100000.0,82133.0,854650.0,0.1923
2018-06-07,TATASTEEL,EQ,579.75,582.1,603.9,581.9,601.9,602.1,595.3,9279353,552400093025000.0,136081.0,1979686.0,0.2133
2018-06-08,TATASTEEL,EQ,602.1,599.0,608.2,592.0,599.0,600.5,600.68,8386078,503737524405000.0,134103.0,1791373.0,0.2136
2018-06-11,TATASTEEL,EQ,600.5,601.05,605.5,586.25,586.95,588.65,595.15,5151101,306568789580000.0,93275.0,1621971.0,0.3149
2018-06-12,TATASTEEL,EQ,588.65,586.95,588.75,577.2,579.6,580.0,582.24,8588935,500081053175000.0,142999.0,1743815.0,0.203
2018-06-13,TATASTEEL,EQ,580.0,579.6,583.8,566.0,567.6,567.6,571.37,9060032,517664507695000.0,136919.0,3068337.0,0.3387
2018-06-14,TATASTEEL,EQ,567.6,567.0,574.8,561.0,570.35,569.55,569.3,7482514,425977643485000.0,94454.0,1560968.0,0.2086
2018-06-15,TATASTEEL,EQ,569.55,571.2,574.8,562.0,564.95,566.0,568.25,6208764,352810342035000.0,94184.0,1118692.0,0.1802
2018-06-18,TATASTEEL,EQ,566.0,563.0,563.45,547.3,558.2,558.5,554.38,10566965,585806704715000.0,122255.0,2397734.0,0.22690000000000002
2018-06-19,TATASTEEL,EQ,558.5,558.0,565.6,549.45,554.0,555.0,557.08,9452190,526560161630000.0,113902.0,1411277.0,0.1493
2018-06-20,TATASTEEL,EQ,555.0,556.25,565.9,553.3,565.5,563.25,559.46,6610703,369844982515000.0,93299.0,1304810.0,0.1974
2018-06-21,TATASTEEL,EQ,563.25,568.95,568.95,556.1,556.85,557.75,563.81,8465198,477277936589999.94,116649.0,1654976.0,0.1955
2018-06-22,TATASTEEL,EQ,557.75,560.4,564.6,556.1,561.0,561.85,560.95,6247845,350470490860000.0,82309.0,1220852.0,0.1954
2018-06-25,TATASTEEL,EQ,561.85,559.8,564.8,556.35,556.8,558.6,560.86,3899261,218694107625000.0,58230.0,631143.0,0.16190000000000002
2018-06-26,TATASTEEL,EQ,558.6,558.35,559.9,538.25,548.35,549.5,548.57,10207582,559958495335000.06,110885.0,3069343.0,0.3007
2018-06-27,TATASTEEL,EQ,549.5,551.7,552.5,539.1,542.0,543.2,544.37,5654150,307793774640000.0,87174.0,1529634.0,0.2705
2018-06-28,TATASTEEL,EQ,543.2,545.0,556.5,544.0,546.55,548.45,549.58,8655978,475718782755000.0,97407.0,1993774.0,0.2303
2018-06-29,TATASTEEL,EQ,548.45,551.95,569.8,551.05,567.0,567.75,563.88,9477384,534412459895000.0,115059.0,2391343.0,0.2523
2018-07-02,TATASTEEL,EQ,567.75,575.95,586.5,556.25,559.1,560.5,569.55,15763048,897785368720000.1,189514.0,2428076.0,0.154
2018-07-03,TATASTEEL,EQ,560.5,561.95,572.4,553.45,567.55,566.0,564.17,11236177,633909904890000.0,117724.0,2135421.0,0.19
2018-07-04,TATASTEEL,EQ,566.0,567.4,573.4,559.55,571.0,571.1,567.82,6862947,389694284975000.0,75617.0,1367860.0,0.1993
2018-07-05,TATASTEEL,EQ,571.1,565.0,565.0,552.0,553.5,553.3,557.42,6013653,335212155140000.0,70236.0,1031947.0,0.1716
2018-07-06,TATASTEEL,EQ,553.3,550.0,564.25,546.35,553.35,553.5,556.96,6614783,368415646315000.0,85865.0,661077.0,0.0999
2018-07-09,TATASTEEL,EQ,553.5,563.7,565.75,554.75,555.3,555.6,559.41,7443751,416413965940000.0,85082.0,1640600.0,0.22039999999999998
2018-07-10,TATASTEEL,EQ,555.6,559.0,571.0,556.9,569.0,568.65,565.64,10004905,565922406660000.0,122078.0,2596957.0,0.2596
2018-07-11,TATASTEEL,EQ,568.65,565.7,565.7,554.15,556.4,555.7,559.28,6111245,341789488750000.0,99094.0,1504664.0,0.2462
2018-07-12,TATASTEEL,EQ,555.7,560.0,567.9,553.15,555.95,555.2,560.16,8443988,472999152345000.0,96886.0,1840134.0,0.21789999999999998
2018-07-13,TATASTEEL,EQ,555.2,559.35,562.0,553.0,558.1,558.6,557.17,5579129,310849702495000.0,79214.0,737545.0,0.1322
2018-07-16,TATASTEEL,EQ,558.6,559.7,559.9,517.05,518.85,519.25,534.4,11159885,596383743035000.0,134728.0,2600607.0,0.233
2018-07-17,TATASTEEL,EQ,519.25,522.0,535.7,513.0,531.25,532.35,526.85,10792706,568612335530000.0,147484.0,2891742.0,0.26789999999999997
2018-07-18,TATASTEEL,EQ,532.35,536.0,536.95,501.0,504.0,504.25,511.95,16451209,842215133920000.0,176769.0,2877550.0,0.1749
2018-07-19,TATASTEEL,EQ,504.25,508.0,513.4,493.0,497.1,498.65,502.73,16808651,845025121570000.0,189733.0,2757953.0,0.1641
2018-07-20,TATASTEEL,EQ,498.65,499.0,505.75,495.0,504.6,503.2,500.68,7261409,363561224450000.0,98214.0,872178.0,0.1201
2018-07-23,TATASTEEL,EQ,503.2,506.0,519.5,498.3,516.7,516.9,508.31,6878134,349623854140000.0,94502.0,1084415.0,0.1577
2018-07-24,TATASTEEL,EQ,516.9,516.0,529.6,516.0,528.95,527.4,524.81,8398369,440755261900000.0,109427.0,2009803.0,0.2393
2018-07-25,TATASTEEL,EQ,527.4,531.0,538.0,529.0,535.1,536.0,533.68,6782638,361974137615000.0,81709.0,1121383.0,0.1653
2018-07-26,TATASTEEL,EQ,536.0,536.95,539.95,531.35,534.6,534.85,535.63,7481191,400717728325000.0,88133.0,2633718.0,0.35200000000000004
2018-07-27,TATASTEEL,EQ,534.85,538.0,553.55,536.3,549.15,550.2,546.55,6462885,353227691130000.0,96289.0,1085413.0,0.1679
2018-07-30,TATASTEEL,EQ,550.2,549.45,558.5,547.35,552.0,553.0,553.32,4787707,264911055800000.0,67754.0,850944.0,0.1777
2018-07-31,TATASTEEL,EQ,553.0,551.95,564.9,543.55,563.05,563.05,553.11,6373966,352549000540000.0,87732.0,1295193.0,0.20320000000000002
2018-08-01,TATASTEEL,EQ,563.05,562.85,567.6,551.3,553.5,555.8,558.87,6067992,339124554410000.0,80872.0,875580.0,0.1443
2018-08-02,TATASTEEL,EQ,555.8,552.7,560.9,540.6,551.45,554.3,552.19,9493099,524201547380000.0,109478.0,1313075.0,0.1383
2018-08-03,TATASTEEL,EQ,554.3,556.4,560.0,550.65,553.55,554.45,555.72,5570690,309576611730000.0,75559.0,860584.0,0.1545
2018-08-06,TATASTEEL,EQ,554.45,559.0,564.9,551.25,552.45,553.25,558.66,5543881,309713303860000.0,86113.0,1489917.0,0.2687
2018-08-07,TATASTEEL,EQ,553.25,557.35,576.7,553.65,575.5,573.15,564.68,9285854,524352633300000.0,122214.0,1798133.0,0.1936
2018-08-08,TATASTEEL,EQ,573.15,578.25,583.75,573.55,577.2,577.5,578.89,9008431,521487636525000.0,116859.0,1530265.0,0.1699
2018-08-09,TATASTEEL,EQ,577.5,580.0,587.7,575.8,586.75,585.95,583.3,5757687,335845797480000.0,77196.0,862036.0,0.1497
2018-08-10,TATASTEEL,EQ,585.95,585.95,586.0,572.7,575.25,576.7,580.01,5725493,332084262595000.0,64059.0,1394202.0,0.24350000000000002
2018-08-13,TATASTEEL,EQ,576.7,574.95,582.15,566.0,569.5,568.8,574.57,7856831,451432652264999.94,92182.0,956096.0,0.1217
2018-08-14,TATASTEEL,EQ,568.8,587.0,587.0,562.55,578.0,578.95,575.11,24030560,1382030881095000.0,270833.0,2706148.0,0.1126
2018-08-16,TATASTEEL,EQ,578.95,570.0,576.7,563.25,567.6,567.55,571.01,7907171,451507148710000.06,94747.0,1879732.0,0.2377
2018-08-17,TATASTEEL,EQ,567.55,571.95,585.2,571.8,580.7,580.15,581.26,8743214,508207943875000.0,142235.0,1818249.0,0.20800000000000002
2018-08-20,TATASTEEL,EQ,580.15,583.0,601.8,582.9,600.2,599.4,594.0,11662318,692742159235000.0,151435.0,2978823.0,0.2554
2018-08-21,TATASTEEL,EQ,599.4,602.25,602.45,580.55,584.0,582.15,588.95,10873707,640407276090000.0,120678.0,2050030.0,0.18850000000000003
2018-08-23,TATASTEEL,EQ,582.15,584.9,584.9,570.15,572.55,571.65,575.04,6676830,383945472835000.0,98660.0,1445371.0,0.2165
2018-08-24,TATASTEEL,EQ,571.65,570.35,579.35,568.25,575.3,575.6,575.27,6060269,348630902275000.0,77874.0,902164.0,0.1489
2018-08-27,TATASTEEL,EQ,575.6,581.9,587.0,579.0,579.35,581.2,583.44,5391946,314588097615000.0,65603.0,995091.0,0.18460000000000001
2018-08-28,TATASTEEL,EQ,581.2,582.5,593.9,578.1,589.65,590.35,587.37,9021297,529879954980000.0,101604.0,2204347.0,0.2443
2018-08-29,TATASTEEL,EQ,590.35,590.3,601.85,585.55,593.35,594.2,595.27,9885532,588457599285000.0,125778.0,2498414.0,0.2527
2018-08-30,TATASTEEL,EQ,594.2,592.3,610.0,591.05,608.3,608.35,605.23,10283657,622399785620000.0,121761.0,1319743.0,0.1283
2018-08-31,TATASTEEL,EQ,608.35,608.2,614.5,599.1,600.4,600.5,605.74,8633354,522958041480000.0,131454.0,1799756.0,0.20850000000000002
2018-09-03,TATASTEEL,EQ,600.5,603.0,609.95,598.0,598.55,600.75,605.11,5479133,331546087655000.0,68186.0,772777.0,0.141
2018-09-04,TATASTEEL,EQ,600.75,600.9,604.5,590.6,591.95,593.05,596.28,6099572,363702248830000.0,95317.0,834312.0,0.1368
2018-09-05,TATASTEEL,EQ,593.05,590.0,597.0,581.2,596.9,594.4,589.87,5791157,341601746970000.0,81814.0,743829.0,0.12840000000000001
2018-09-06,TATASTEEL,EQ,594.4,598.0,607.8,594.5,599.25,600.3,602.28,6689716,402908697790000.0,82356.0,744931.0,0.11140000000000001
2018-09-07,TATASTEEL,EQ,600.3,602.3,622.0,597.05,616.0,619.15,612.41,9445836,578469981435000.0,117345.0,1610656.0,0.1705
2018-09-10,TATASTEEL,EQ,619.15,619.95,625.0,611.25,613.7,613.65,617.13,6284258,387818368780000.0,91324.0,723809.0,0.1152
2018-09-11,TATASTEEL,EQ,613.65,615.35,617.0,588.35,589.45,592.1,604.28,8111172,490138696310000.06,126094.0,2239093.0,0.2761
2018-09-12,TATASTEEL,EQ,592.1,592.5,607.2,583.1,605.2,605.55,594.46,8566384,509235565895000.0,110176.0,1285939.0,0.1501
2018-09-14,TATASTEEL,EQ,605.55,611.6,620.5,610.0,613.95,615.0,616.21,7975559,491460966445000.0,98058.0,1695001.0,0.2125
2018-09-17,TATASTEEL,EQ,615.0,610.0,624.4,605.55,616.25,616.4,616.96,7183891,443215515020000.0,89988.0,853863.0,0.1189
2018-09-18,TATASTEEL,EQ,616.4,618.0,624.55,609.3,614.6,612.75,617.12,7828063,483085018160000.06,84759.0,2021839.0,0.2583
2018-09-19,TATASTEEL,EQ,612.75,618.0,630.8,617.4,621.8,621.2,624.56,10134627,632964571120000.0,132732.0,1563797.0,0.1543
2018-09-21,TATASTEEL,EQ,621.2,630.0,647.6,584.3,622.0,625.15,628.08,22977379,1443163949340000.0,257834.0,8280960.0,0.3604
2018-09-24,TATASTEEL,EQ,625.15,618.9,626.25,595.65,607.45,607.7,611.45,11242914,687448732230000.0,133061.0,2364772.0,0.21030000000000001
2018-09-25,TATASTEEL,EQ,607.7,609.0,609.0,575.0,601.75,601.0,593.66,10985624,652175573620000.0,121806.0,2249759.0,0.2048
2018-09-26,TATASTEEL,EQ,601.0,605.0,614.15,598.0,608.05,608.9,607.63,8647720,525461166730000.0,95354.0,1388721.0,0.1606
2018-09-27,TATASTEEL,EQ,608.9,611.2,620.75,607.4,609.65,611.55,615.03,8239542,506755768705000.0,98741.0,2201998.0,0.2672
2018-09-28,TATASTEEL,EQ,611.55,612.0,612.0,575.0,579.8,581.25,586.23,13027007,763681943585000.0,167179.0,4136970.0,0.31760000000000005
2018-10-01,TATASTEEL,EQ,581.25,580.0,585.8,557.5,582.0,583.2,573.28,6972949,399745228375000.0,97580.0,689340.0,0.0989
2018-10-03,TATASTEEL,EQ,583.2,584.0,594.4,576.2,578.5,579.6,587.62,7217063,424091095520000.0,138820.0,1817325.0,0.2518
2018-10-04,TATASTEEL,EQ,579.6,576.75,587.75,570.0,579.85,582.3,581.35,7629840,443563638089999.94,108885.0,1418611.0,0.1859
2018-10-05,TATASTEEL,EQ,582.3,580.0,586.0,562.3,564.95,568.0,573.64,7868967,451396747789999.94,115316.0,1824662.0,0.23190000000000002
2018-10-08,TATASTEEL,EQ,568.0,567.0,569.95,544.0,564.0,559.8,556.49,9171048,510355539180000.0,122812.0,1123033.0,0.1225
2018-10-09,TATASTEEL,EQ,559.8,560.0,583.9,554.55,571.3,572.5,568.36,7734434,439597479825000.0,102010.0,661757.0,0.08560000000000001
2018-10-10,TATASTEEL,EQ,572.5,573.15,587.8,573.15,579.5,583.65,581.37,7153314,415874177260000.0,91789.0,2211459.0,0.30920000000000003
2018-10-11,TATASTEEL,EQ,583.65,557.0,564.0,549.05,554.5,555.15,555.78,10401643,578099816600000.0,163204.0,2164014.0,0.20800000000000002
2018-10-12,TATASTEEL,EQ,555.15,560.8,578.8,558.1,578.5,576.5,570.5,5733407,327088773715000.0,83588.0,1178256.0,0.20550000000000002
2018-10-15,TATASTEEL,EQ,576.5,578.25,579.45,566.5,569.75,570.0,571.96,4100183,234513782205000.03,72795.0,783197.0,0.19100000000000003
2018-10-16,TATASTEEL,EQ,570.0,571.1,584.0,569.6,570.75,572.8,576.44,5660568,326297529785000.0,68578.0,1553714.0,0.2745
2018-10-17,TATASTEEL,EQ,572.8,578.05,579.5,552.1,555.0,554.65,566.05,5020576,284187959055000.0,71901.0,1072671.0,0.2137
2018-10-19,TATASTEEL,EQ,554.65,553.0,562.6,545.0,557.2,554.95,555.07,7718196,428414830180000.0,103398.0,1918577.0,0.2486
2018-10-22,TATASTEEL,EQ,554.95,559.0,561.2,541.55,545.0,544.75,548.89,5101951,280042955585000.0,77825.0,879231.0,0.1723
2018-10-23,TATASTEEL,EQ,544.75,540.0,550.0,535.15,550.0,545.6,541.92,4634688,251163793035000.0,63112.0,411563.0,0.0888
2018-10-24,TATASTEEL,EQ,545.6,552.0,554.6,541.4,549.0,550.05,547.68,4219617,231101867619999.97,59000.0,640391.0,0.1518
2018-10-25,TATASTEEL,EQ,550.05,544.7,550.6,540.0,548.0,545.75,544.71,4467859,243367715425000.0,52409.0,1032001.0,0.231
2018-10-26,TATASTEEL,EQ,545.75,547.6,561.6,541.1,551.6,551.55,552.73,6099413,337132024720000.0,94931.0,1039119.0,0.1704
2018-10-29,TATASTEEL,EQ,551.55,556.5,575.5,552.3,572.85,573.7,563.38,5738313,323287928960000.0,85437.0,1637981.0,0.2854
2018-10-30,TATASTEEL,EQ,573.7,571.25,572.0,563.1,564.15,564.5,567.34,4015319,227804852600000.0,55234.0,996342.0,0.2481
2018-10-31,TATASTEEL,EQ,564.5,554.95,557.8,529.35,553.0,553.85,544.59,14070333,766250943060000.0,168203.0,3257666.0,0.23149999999999998
2018-11-01,TATASTEEL,EQ,553.85,555.8,563.9,554.0,556.2,556.6,558.4,5469057,305393503885000.0,93560.0,1275483.0,0.23320000000000002
2018-11-02,TATASTEEL,EQ,556.6,561.0,582.4,560.65,574.9,574.05,574.39,7979457,458330468585000.06,129208.0,2123390.0,0.2661
2018-11-05,TATASTEEL,EQ,574.05,574.0,583.6,567.5,576.9,577.45,577.23,4535856,261823529815000.0,79045.0,840355.0,0.18530000000000002
2018-11-06,TATASTEEL,EQ,577.45,579.6,584.4,570.0,576.5,575.75,577.08,3910274,225652905105000.03,64227.0,762159.0,0.1949
2018-11-07,TATASTEEL,EQ,575.75,581.0,582.25,579.0,580.0,580.25,580.21,413871,24013150465000.0,7892.0,93648.0,0.2263
2018-11-09,TATASTEEL,EQ,580.25,579.35,579.35,568.45,572.0,572.2,572.83,4348716,249107168590000.0,82706.0,1223625.0,0.28140000000000004
2018-11-12,TATASTEEL,EQ,572.2,573.55,589.7,572.15,583.25,582.85,581.62,8120996,472330390814999.94,110663.0,1686579.0,0.2077
2018-11-13,TATASTEEL,EQ,582.85,583.0,591.5,579.1,591.3,589.2,586.61,7626487,447374872535000.06,99299.0,1573057.0,0.20629999999999998
2018-11-14,TATASTEEL,EQ,589.2,605.0,610.6,584.3,584.5,589.1,600.62,21649289,1300299378290000.0,259305.0,5101298.0,0.2356
2018-11-15,TATASTEEL,EQ,589.1,590.3,596.9,581.45,587.2,589.35,589.5,6389521,376661566060000.0,85281.0,899736.0,0.1408
2018-11-16,TATASTEEL,EQ,589.35,590.0,591.0,569.55,574.6,574.1,578.47,7456927,431357606900000.0,112947.0,2332464.0,0.3128
2018-11-19,TATASTEEL,EQ,574.1,577.45,583.8,574.0,582.3,582.4,580.75,4889287,283946713575000.0,66145.0,1459561.0,0.29850000000000004
2018-11-20,TATASTEEL,EQ,582.4,577.0,578.0,562.0,563.25,563.3,568.23,7636368,433918179985000.06,114174.0,2539505.0,0.3326
2018-11-21,TATASTEEL,EQ,563.3,562.0,562.0,550.0,551.4,551.4,553.85,11242898,622691090995000.0,141022.0,5698683.0,0.5069
2018-11-22,TATASTEEL,EQ,551.4,552.0,553.6,538.15,539.1,539.65,544.9,8541612,465429922610000.06,108794.0,2174246.0,0.2545
2018-11-26,TATASTEEL,EQ,539.65,544.0,544.0,521.65,530.65,530.7,530.51,10003787,530715821180000.0,128346.0,2124949.0,0.21239999999999998
2018-11-27,TATASTEEL,EQ,530.7,529.7,529.9,512.5,521.6,522.3,521.78,15790907,823931143370000.0,199637.0,2921943.0,0.185
2018-11-28,TATASTEEL,EQ,522.3,522.3,528.9,518.65,525.6,523.95,524.58,11352466,595523658415000.0,131272.0,4334549.0,0.38180000000000003
2018-11-29,TATASTEEL,EQ,523.95,532.0,538.85,529.15,532.0,533.55,534.23,13929332,744149736895000.0,123174.0,4938118.0,0.35450000000000004
2018-11-30,TATASTEEL,EQ,533.55,535.0,536.8,525.5,528.3,529.5,530.52,7854071,416676846970000.0,95969.0,1998299.0,0.2544
2018-12-03,TATASTEEL,EQ,529.5,541.2,552.7,535.75,538.1,538.1,542.85,12092365,656436990480000.0,113717.0,4550472.0,0.3763
2018-12-04,TATASTEEL,EQ,538.1,532.7,540.5,532.15,538.0,538.2,536.67,6153810,330258073500000.0,78154.0,1603762.0,0.2606
2018-12-05,TATASTEEL,EQ,538.2,533.0,533.0,515.0,516.5,517.7,522.85,7078082,370075762035000.0,93238.0,1465186.0,0.207
2018-12-06,TATASTEEL,EQ,517.7,513.25,521.7,501.0,510.7,510.2,511.73,12966714,663551029400000.0,184271.0,2020359.0,0.1558
2018-12-07,TATASTEEL,EQ,510.2,510.7,514.9,503.2,509.0,509.3,507.88,8252927,419151336600000.0,104364.0,1497432.0,0.1814
2018-12-10,TATASTEEL,EQ,509.3,499.4,509.5,497.0,502.45,502.85,504.29,5414705,273056674810000.0,79142.0,1020570.0,0.18850000000000003
2018-12-11,TATASTEEL,EQ,502.85,495.6,503.7,486.15,503.0,500.75,496.44,11242572,558131808760000.06,145030.0,2758835.0,0.2454
2018-12-12,TATASTEEL,EQ,500.75,506.0,522.5,505.5,520.75,520.25,516.49,8141983,420521899865000.0,97242.0,1297913.0,0.1594
2018-12-13,TATASTEEL,EQ,520.25,528.05,528.05,508.0,511.15,512.25,517.67,6810095,352540382160000.0,92231.0,1175771.0,0.1727
2018-12-14,TATASTEEL,EQ,512.25,511.0,517.8,506.5,513.5,513.55,513.17,5155980,264588931419999.97,70055.0,577069.0,0.1119
2018-12-17,TATASTEEL,EQ,513.55,518.0,525.25,516.4,524.0,524.0,521.29,4804854,250470228455000.03,64696.0,913681.0,0.1902
2018-12-18,TATASTEEL,EQ,524.0,523.0,528.4,519.6,527.0,527.0,525.37,5673527,298072701000000.0,80553.0,697939.0,0.12300000000000001
2018-12-19,TATASTEEL,EQ,527.0,527.9,532.45,524.6,527.0,527.4,528.51,4928043,260450863425000.0,83332.0,874345.0,0.17739999999999997
2018-12-20,TATASTEEL,EQ,527.4,520.0,527.0,520.0,523.15,523.35,523.7,3517335,184204489170000.0,55311.0,597863.0,0.17
2018-12-21,TATASTEEL,EQ,523.35,524.15,532.0,518.3,520.2,520.2,524.35,5969670,313019024750000.0,77299.0,1008885.0,0.16899999999999998
2018-12-24,TATASTEEL,EQ,520.2,518.0,520.7,512.0,514.0,513.7,515.55,4329440,223205914780000.03,56693.0,504200.0,0.1165
2018-12-26,TATASTEEL,EQ,513.7,509.0,517.3,504.4,513.45,513.45,509.97,4953741,252626038369999.97,68440.0,552265.0,0.1115
2018-12-27,TATASTEEL,EQ,513.45,518.0,519.8,504.95,506.5,506.5,511.68,5016931,256705175090000.0,62558.0,1752813.0,0.3494
2018-12-28,TATASTEEL,EQ,506.5,508.2,516.45,508.05,512.35,512.85,513.5,6307408,323883236425000.0,64362.0,1867311.0,0.2961
2018-12-31,TATASTEEL,EQ,512.85,520.0,525.0,516.2,521.0,521.05,522.48,7965812,416199584075000.0,83861.0,1587779.0,0.1993
2019-01-01,TATASTEEL,EQ,521.05,524.0,524.5,513.55,515.6,515.75,516.59,4128173,213259148960000.0,41467.0,718976.0,0.17420000000000002
2019-01-02,TATASTEEL,EQ,515.75,506.0,506.8,492.0,492.5,493.65,499.63,11747350,586934835635000.0,148301.0,3527471.0,0.3003
2019-01-03,TATASTEEL,EQ,493.65,493.0,493.15,480.25,480.9,481.25,485.96,13532944,657651680265000.0,165809.0,3565334.0,0.2635
2019-01-04,TATASTEEL,EQ,481.25,481.0,492.85,479.55,492.7,487.65,484.6,10480072,507869305195000.0,128696.0,3118466.0,0.29760000000000003
2019-01-07,TATASTEEL,EQ,487.65,495.4,501.0,483.9,485.65,485.5,492.72,8406787,414218074425000.0,90648.0,2161511.0,0.2571
2019-01-08,TATASTEEL,EQ,485.5,485.65,493.35,483.8,490.8,491.35,489.72,6269706,307040290740000.0,87870.0,1620177.0,0.2584
2019-01-09,TATASTEEL,EQ,491.35,488.95,497.3,475.25,479.2,479.2,481.68,12696660,611572911785000.0,180954.0,2699082.0,0.2126
2019-01-10,TATASTEEL,EQ,479.2,480.0,484.15,477.5,479.6,480.4,480.94,7081000,340551897405000.0,97814.0,1972119.0,0.2785
2019-01-11,TATASTEEL,EQ,480.4,483.95,484.25,472.0,473.3,474.2,479.15,7540824,361315903065000.0,105075.0,2345667.0,0.3111
2019-01-14,TATASTEEL,EQ,474.2,474.2,474.4,466.8,470.55,470.85,470.17,5889917,276927864219999.97,69991.0,1767424.0,0.30010000000000003
2019-01-15,TATASTEEL,EQ,470.85,473.0,476.5,469.0,474.35,475.05,472.85,7603181,359512627325000.0,99231.0,2583725.0,0.3398
2019-01-16,TATASTEEL,EQ,475.05,476.1,479.9,472.7,474.65,474.55,475.96,5280293,251318364744999.97,72370.0,1401232.0,0.26539999999999997
2019-01-17,TATASTEEL,EQ,474.55,476.3,478.25,470.5,471.55,473.15,474.25,4281935,203072575530000.0,64638.0,910522.0,0.2126
2019-01-18,TATASTEEL,EQ,473.15,473.55,477.7,468.0,471.05,470.65,472.71,4914849,232328191285000.0,80750.0,1199141.0,0.244
2019-01-21,TATASTEEL,EQ,470.65,473.0,477.5,470.1,470.8,471.7,473.13,4613690,218289263575000.0,50269.0,724380.0,0.157
2019-01-22,TATASTEEL,EQ,471.7,470.7,470.7,455.0,456.3,456.55,459.47,8957766,411580203560000.0,109487.0,2243126.0,0.2504
2019-01-23,TATASTEEL,EQ,456.55,457.0,467.85,457.0,463.1,464.6,463.68,7259386,336603525525000.0,76802.0,1392180.0,0.1918
2019-01-24,TATASTEEL,EQ,464.6,464.5,464.5,457.2,460.25,460.75,460.34,4790846,220543180625000.0,57522.0,1008392.0,0.21050000000000002
2019-01-25,TATASTEEL,EQ,460.75,462.2,465.8,451.2,453.5,452.9,458.74,4157967,190742857030000.0,56735.0,831615.0,0.2
2019-01-28,TATASTEEL,EQ,452.9,452.9,453.95,443.3,447.0,445.7,446.99,4335147,193777737935000.0,60538.0,817578.0,0.1886
2019-01-29,TATASTEEL,EQ,445.7,444.0,452.15,441.35,444.7,443.8,447.03,5225724,233607174344999.97,74629.0,1545789.0,0.2958
2019-01-30,TATASTEEL,EQ,443.8,446.7,471.4,446.7,468.7,467.45,461.11,10857925,500667090285000.06,141215.0,3304563.0,0.3043
2019-01-31,TATASTEEL,EQ,467.45,472.05,478.9,467.65,477.3,476.7,474.4,9243729,438522730755000.0,105785.0,3042415.0,0.32909999999999995
2019-02-01,TATASTEEL,EQ,476.7,477.0,482.0,470.0,475.0,474.7,475.07,5015994,238293386405000.03,67779.0,1083424.0,0.21600000000000003
2019-02-04,TATASTEEL,EQ,474.7,474.9,478.6,452.0,474.75,476.05,462.06,10972029,506969512620000.0,127330.0,1720797.0,0.1568
2019-02-05,TATASTEEL,EQ,476.05,477.0,477.0,459.45,464.7,464.7,469.63,7281927,341978239970000.0,87463.0,1356399.0,0.1863
2019-02-06,TATASTEEL,EQ,464.7,466.0,486.7,463.8,484.85,485.1,477.98,10999265,525738735125000.0,165202.0,3590380.0,0.3264
2019-02-07,TATASTEEL,EQ,485.1,483.45,491.4,478.1,488.2,489.05,486.31,7857338,382110658800000.0,103008.0,1791138.0,0.228
2019-02-08,TATASTEEL,EQ,489.05,483.0,487.75,465.95,468.7,468.75,477.99,8414514,402202558545000.0,93170.0,1992658.0,0.2368
2019-02-11,TATASTEEL,EQ,468.75,475.0,487.0,460.3,479.75,480.7,475.08,23262314,1105142589810000.0,235446.0,1799162.0,0.07730000000000001
2019-02-12,TATASTEEL,EQ,480.7,478.4,497.2,476.7,486.55,487.4,489.8,18836111,922595310225000.0,201556.0,2898188.0,0.1539
2019-02-13,TATASTEEL,EQ,487.4,490.0,493.35,481.95,483.0,484.0,486.96,8403265,409209088370000.0,100005.0,962123.0,0.11449999999999999
2019-02-14,TATASTEEL,EQ,484.0,482.0,486.35,475.4,482.5,482.55,480.49,6185042,297184733780000.0,70078.0,466600.0,0.07540000000000001
2019-02-15,TATASTEEL,EQ,482.55,483.0,483.4,462.65,467.25,467.5,469.82,7499240,352327151745000.0,106511.0,1777213.0,0.237
2019-02-18,TATASTEEL,EQ,467.5,468.9,477.0,464.4,465.6,465.55,471.17,6253514,294644237325000.0,77788.0,451776.0,0.0722
2019-02-19,TATASTEEL,EQ,465.55,465.4,480.6,465.4,469.95,470.95,472.77,8224545,388833505930000.0,104247.0,1351835.0,0.16440000000000002
2019-02-20,TATASTEEL,EQ,470.95,472.5,493.85,472.5,493.7,491.15,486.2,15487251,752987300665000.0,166170.0,3221272.0,0.20800000000000002
2019-02-21,TATASTEEL,EQ,491.15,492.55,502.9,490.35,497.85,498.85,497.47,11782714,586154472935000.0,142866.0,1757913.0,0.1492
2019-02-22,TATASTEEL,EQ,498.85,497.0,504.0,492.1,502.0,502.3,498.74,10005723,499023808889999.94,104520.0,1239870.0,0.12390000000000001
2019-02-25,TATASTEEL,EQ,502.3,504.0,509.5,498.25,504.0,505.1,503.95,10357604,521972944164999.94,118263.0,2019970.0,0.195
2019-02-26,TATASTEEL,EQ,505.1,498.0,508.6,491.7,504.0,503.6,501.07,9856299,493869166260000.06,116684.0,2288363.0,0.2322
2019-02-27,TATASTEEL,EQ,503.6,507.0,512.3,497.95,506.5,507.1,506.11,9444346,477988438960000.06,115380.0,2327647.0,0.2465
2019-02-28,TATASTEEL,EQ,507.1,506.6,511.0,498.3,499.5,500.45,505.61,7485418,378466842400000.0,106395.0,1779421.0,0.2377
2019-03-01,TATASTEEL,EQ,500.45,503.5,509.7,502.0,507.6,507.6,506.61,6672569,338039288200000.0,76965.0,1879267.0,0.2816
2019-03-05,TATASTEEL,EQ,507.6,508.4,522.9,505.2,520.2,521.75,516.7,9118037,471129593714999.94,145373.0,3236261.0,0.35490000000000005
2019-03-06,TATASTEEL,EQ,521.75,522.9,525.35,515.45,519.3,520.85,520.32,6311227,328384606760000.0,80775.0,1545004.0,0.24480000000000002
2019-03-07,TATASTEEL,EQ,520.85,519.85,523.2,513.55,521.5,521.15,519.23,6153631,319512931035000.0,95637.0,976241.0,0.1586
2019-03-08,TATASTEEL,EQ,521.15,516.8,518.6,506.3,508.2,507.85,512.27,6504847,333224949615000.0,72160.0,1503417.0,0.2311
2019-03-11,TATASTEEL,EQ,507.85,510.0,522.4,509.5,521.0,520.65,517.56,5908275,305789751260000.0,65754.0,1383100.0,0.2341
2019-03-12,TATASTEEL,EQ,520.65,524.4,530.5,521.0,523.0,525.15,525.59,8298275,436145639314999.94,120907.0,2858036.0,0.3444
2019-03-13,TATASTEEL,EQ,525.15,525.0,525.0,512.6,514.1,513.75,515.94,6409153,330676231255000.0,70001.0,1807863.0,0.2821
2019-03-14,TATASTEEL,EQ,513.75,513.95,521.8,513.5,517.15,517.65,517.3,4496642,232611020530000.03,50936.0,387305.0,0.0861
2019-03-15,TATASTEEL,EQ,517.65,518.0,520.95,512.45,514.5,515.45,515.71,4233938,218348613530000.03,49251.0,925195.0,0.21850000000000003
2019-03-18,TATASTEEL,EQ,515.45,519.5,526.75,515.25,526.0,525.2,521.14,6317605,329237324805000.0,99756.0,1784338.0,0.2824
2019-03-19,TATASTEEL,EQ,525.2,527.8,531.9,520.65,526.7,527.5,527.59,6329840,333957227425000.0,94609.0,1949562.0,0.308
2019-03-20,TATASTEEL,EQ,527.5,526.05,526.25,511.05,513.8,513.6,516.34,8702307,449339241100000.0,95909.0,3486328.0,0.4006
2019-03-22,TATASTEEL,EQ,513.6,517.0,524.0,515.6,517.3,518.4,519.72,5233446,271992164310000.0,86359.0,1058626.0,0.2023
2019-03-25,TATASTEEL,EQ,518.4,512.8,517.7,507.05,515.9,515.15,511.83,5036887,257801796740000.0,60059.0,1123624.0,0.2231
2019-03-26,TATASTEEL,EQ,515.15,516.0,520.95,514.15,519.55,519.35,517.48,3329825,172311047230000.0,41880.0,621663.0,0.18670000000000003
2019-03-27,TATASTEEL,EQ,519.35,520.0,523.0,513.05,514.0,515.8,517.31,5239158,271024440380000.03,75257.0,2276507.0,0.43450000000000005
2019-03-28,TATASTEEL,EQ,515.8,514.4,516.45,504.8,505.0,506.3,508.59,8965093,455952916530000.0,81956.0,5946879.0,0.6633
2019-03-29,TATASTEEL,EQ,506.3,510.0,525.0,508.05,520.65,521.0,519.0,11965611,621011123975000.0,124103.0,4941118.0,0.4129
2019-04-01,TATASTEEL,EQ,521.0,530.0,544.0,528.1,534.1,535.15,537.14,13523554,726401451205000.0,155633.0,4691342.0,0.3469
2019-04-02,TATASTEEL,EQ,535.15,538.0,538.0,526.05,532.75,530.65,530.72,5086818,269966411160000.0,63489.0,1058775.0,0.20809999999999998
2019-04-03,TATASTEEL,EQ,530.65,536.9,547.6,533.45,534.5,535.45,541.17,11489680,621787133840000.0,130492.0,2284954.0,0.19890000000000002
2019-04-04,TATASTEEL,EQ,535.45,532.75,537.4,526.5,530.2,530.65,531.34,5259917,279481873160000.0,70618.0,752176.0,0.14300000000000002
2019-04-05,TATASTEEL,EQ,530.65,531.2,551.0,531.2,550.5,549.3,543.09,10037713,545139930314999.94,143614.0,2665915.0,0.2656
2019-04-08,TATASTEEL,EQ,549.3,553.2,557.0,545.8,548.0,549.05,551.18,10600901,584304849495000.0,153043.0,2808878.0,0.265
2019-04-09,TATASTEEL,EQ,549.05,551.0,555.0,540.25,553.6,553.05,547.63,6618936,362473684795000.0,107560.0,1608253.0,0.24300000000000002
2019-04-10,TATASTEEL,EQ,553.05,551.65,559.4,541.7,544.1,544.4,552.42,7889153,435813799305000.0,107377.0,2737719.0,0.34700000000000003
2019-04-11,TATASTEEL,EQ,544.4,541.0,546.4,533.5,537.95,535.7,538.89,6082398,327775608165000.0,65258.0,1528611.0,0.25129999999999997
2019-04-12,TATASTEEL,EQ,535.7,537.0,542.7,532.2,534.0,533.65,535.66,6274016,336074991910000.0,78725.0,1836931.0,0.2928
2019-04-15,TATASTEEL,EQ,533.65,536.9,555.0,536.05,554.0,553.15,548.81,10390317,570230679460000.0,122338.0,2817344.0,0.2712
2019-04-16,TATASTEEL,EQ,553.15,553.55,556.9,549.15,553.25,553.25,553.45,6323654,349983864840000.0,93908.0,1056259.0,0.167
2019-04-18,TATASTEEL,EQ,553.25,553.5,554.5,536.7,542.6,543.1,544.02,6660522,362343338565000.0,93931.0,2010172.0,0.3018
2019-04-22,TATASTEEL,EQ,543.1,540.0,545.75,533.1,534.8,534.2,538.15,3697686,198990342045000.0,49616.0,602993.0,0.1631
2019-04-23,TATASTEEL,EQ,534.2,534.95,538.5,521.5,522.95,523.35,528.68,5119376,270652766115000.0,62141.0,1123510.0,0.2195
2019-04-24,TATASTEEL,EQ,523.35,526.9,527.85,512.7,524.1,525.25,519.91,8376835,435516835345000.0,98572.0,1811968.0,0.2163
2019-04-25,TATASTEEL,EQ,525.25,522.0,529.3,509.0,511.0,510.75,517.04,8359418,432217063575000.0,115112.0,3046835.0,0.36450000000000005
2019-04-26,TATASTEEL,EQ,510.75,520.85,547.75,515.55,547.45,545.25,538.85,38181011,2057365570590000.2,428867.0,7040544.0,0.1844
2019-04-30,TATASTEEL,EQ,545.25,543.05,560.8,535.7,559.45,557.2,548.94,14258161,782686890415000.0,162934.0,2386856.0,0.1674
2019-05-02,TATASTEEL,EQ,557.2,554.1,561.65,549.45,554.35,554.95,555.51,9010030,500513555139999.94,114709.0,1224363.0,0.1359
2019-05-03,TATASTEEL,EQ,554.95,554.0,556.0,546.6,547.7,547.8,549.6,5879636,323142513645000.0,96078.0,986526.0,0.1678
2019-05-06,TATASTEEL,EQ,547.8,534.25,543.5,527.45,536.5,535.95,535.78,9964839,533891226705000.0,124010.0,2247508.0,0.2255
2019-05-07,TATASTEEL,EQ,535.95,544.95,544.95,529.0,530.65,530.6,537.18,6541498,351395630005000.0,73292.0,1146804.0,0.1753
2019-05-08,TATASTEEL,EQ,530.6,531.25,532.4,521.6,523.0,522.65,526.48,6478432,341077150990000.0,78043.0,1500777.0,0.23170000000000002
2019-05-09,TATASTEEL,EQ,522.65,522.55,526.4,516.35,520.0,519.15,521.41,5105597,266213079969999.97,62178.0,669693.0,0.13119999999999998
2019-05-10,TATASTEEL,EQ,519.15,522.0,525.75,479.05,486.95,486.8,492.86,37240921,1835471601120000.0,350583.0,8034762.0,0.2158
2019-05-13,TATASTEEL,EQ,486.8,480.1,488.0,463.4,467.3,472.3,479.33,15956920,764865566890000.0,170957.0,2808226.0,0.17600000000000002
2019-05-14,TATASTEEL,EQ,472.3,466.95,477.6,456.3,470.5,469.55,466.19,21128606,984997564620000.1,187046.0,4669899.0,0.22100000000000003
2019-05-15,TATASTEEL,EQ,469.55,473.05,480.95,460.65,461.1,462.95,472.71,12665057,598685958900000.0,125141.0,1626512.0,0.12840000000000001
2019-05-16,TATASTEEL,EQ,462.95,463.95,471.3,455.15,468.5,469.25,464.02,11254731,522237627605000.0,121763.0,1847777.0,0.1642
2019-05-17,TATASTEEL,EQ,469.25,465.05,471.5,461.0,469.5,469.45,466.33,7088486,330558603780000.0,92432.0,1304974.0,0.1841
2019-05-20,TATASTEEL,EQ,469.45,478.0,494.75,476.65,483.8,483.8,486.54,8457583,411494645240000.0,116375.0,2211199.0,0.2614
2019-05-21,TATASTEEL,EQ,483.8,484.85,484.9,468.75,472.1,472.55,473.75,6337058,300215871300000.0,81428.0,1644742.0,0.2595
2019-05-22,TATASTEEL,EQ,472.55,472.0,480.55,467.4,472.95,473.0,473.55,8364224,396085931880000.0,100356.0,1881426.0,0.2249
2019-05-23,TATASTEEL,EQ,473.0,477.6,486.5,462.05,463.45,464.7,476.04,9340376,444638516505000.0,127244.0,2222503.0,0.2379
2019-05-24,TATASTEEL,EQ,464.7,465.0,486.3,458.4,484.25,484.15,474.52,10882481,516391994675000.0,148080.0,2808176.0,0.258
2019-05-27,TATASTEEL,EQ,484.15,484.5,514.3,483.55,512.25,512.55,505.45,18207705,920312044860000.0,254636.0,3566814.0,0.1959
2019-05-28,TATASTEEL,EQ,512.55,514.1,518.6,505.2,506.2,507.05,511.45,9960613,509435293970000.0,115621.0,2690801.0,0.2701
2019-05-29,TATASTEEL,EQ,507.05,505.7,511.75,491.85,492.55,493.3,500.61,8523687,426708058035000.0,98810.0,1397849.0,0.16399999999999998
2019-05-30,TATASTEEL,EQ,493.3,493.0,496.45,486.0,488.0,487.95,489.77,7204363,352844998625000.0,78231.0,1732957.0,0.24050000000000002
2019-05-31,TATASTEEL,EQ,487.95,490.8,494.75,481.05,487.1,488.3,486.86,10276991,500350216820000.0,116210.0,3328195.0,0.32380000000000003
2019-06-03,TATASTEEL,EQ,488.3,488.95,501.85,485.1,497.5,497.65,495.9,8505392,421781532185000.0,99101.0,1605858.0,0.1888
2019-06-04,TATASTEEL,EQ,497.65,496.0,502.75,491.9,497.65,497.65,497.44,6212566,309035805810000.0,69604.0,1021586.0,0.16440000000000002
2019-06-06,TATASTEEL,EQ,497.65,497.65,502.55,483.0,483.75,484.6,490.6,7222799,354350179230000.0,107926.0,2043093.0,0.2829
2019-06-07,TATASTEEL,EQ,484.6,483.0,489.9,475.8,482.0,482.1,483.16,6811104,329088261275000.0,75921.0,472715.0,0.0694
2019-06-10,TATASTEEL,EQ,482.1,489.0,494.8,483.1,486.75,486.05,488.81,6850917,334881395975000.0,84728.0,1330580.0,0.1942
2019-06-11,TATASTEEL,EQ,486.05,489.9,494.15,487.0,492.75,492.5,490.5,6534548,320517552115000.0,81649.0,1330952.0,0.20370000000000002
2019-06-12,TATASTEEL,EQ,492.5,492.75,508.0,490.05,505.8,505.85,503.26,12755525,641936812650000.0,127910.0,2338183.0,0.1833
2019-06-13,TATASTEEL,EQ,505.85,504.0,505.85,496.55,502.3,502.55,502.25,7224857,362864888670000.0,79543.0,1435146.0,0.1986
2019-06-14,TATASTEEL,EQ,502.55,499.05,508.5,497.05,499.0,501.8,504.53,6605896,333290462800000.0,72113.0,838710.0,0.127
2019-06-17,TATASTEEL,EQ,501.8,500.1,500.85,472.05,472.8,473.1,481.38,11938286,574688639720000.0,129064.0,1882463.0,0.1527
2019-06-18,TATASTEEL,EQ,473.1,473.25,478.5,463.65,474.0,472.3,470.46,10639454,500548121960000.06,127390.0,1128948.0,0.1028
2019-06-19,TATASTEEL,EQ,472.3,482.1,498.4,482.1,497.8,494.1,489.32,18837523,921752964070000.1,223603.0,5073454.0,0.2693
2019-06-20,TATASTEEL,EQ,494.1,494.1,502.8,489.85,501.0,501.0,496.22,7826356,388359355840000.0,100639.0,1019851.0,0.1303
2019-06-21,TATASTEEL,EQ,501.0,500.0,500.9,494.45,497.0,497.65,497.56,6126246,304814865495000.0,72652.0,1312737.0,0.2143
2019-06-24,TATASTEEL,EQ,497.65,497.2,499.8,481.85,485.9,486.25,489.55,7262000,355509174275000.0,91265.0,1270794.0,0.17500000000000002
2019-06-25,TATASTEEL,EQ,486.25,474.0,499.8,473.95,496.1,498.0,489.36,13649119,667933444275000.0,148439.0,1882336.0,0.1379
2019-06-26,TATASTEEL,EQ,498.0,495.0,512.3,490.3,511.35,510.6,501.6,12960084,650078220615000.0,136782.0,3694669.0,0.2851
2019-06-27,TATASTEEL,EQ,510.6,511.5,516.45,506.65,511.5,510.7,512.08,11946714,611771265960000.0,125435.0,3140081.0,0.26280000000000003
2019-06-28,TATASTEEL,EQ,510.7,511.5,515.65,499.1,504.8,504.4,505.26,8760034,442607766095000.0,122835.0,1947385.0,0.2223
2019-07-01,TATASTEEL,EQ,504.4,509.85,514.85,503.15,506.3,506.95,507.58,8544375,433694778235000.06,99067.0,1780844.0,0.2084
2019-07-02,TATASTEEL,EQ,506.95,508.55,510.9,502.1,506.75,508.8,507.07,5724004,290246278060000.0,78097.0,588936.0,0.10289999999999999
2019-07-03,TATASTEEL,EQ,508.8,507.9,514.8,504.6,511.25,510.3,510.18,6946409,354391158770000.0,79095.0,1013803.0,0.1459
2019-07-04,TATASTEEL,EQ,510.3,500.0,502.65,493.75,494.3,495.3,498.53,7263059,362086412270000.0,79142.0,1111954.0,0.1531
2019-07-05,TATASTEEL,EQ,495.3,496.5,498.5,475.3,477.5,478.35,486.82,7616348,370775499595000.0,99345.0,1475151.0,0.1937
2019-07-08,TATASTEEL,EQ,478.35,475.0,479.5,465.2,469.9,468.05,471.75,8082591,381295461400000.0,103246.0,1500439.0,0.1856
2019-07-09,TATASTEEL,EQ,468.05,469.0,472.0,462.55,468.45,468.45,468.1,6858580,321049311535000.0,82507.0,847664.0,0.1236
2019-07-10,TATASTEEL,EQ,468.45,469.5,474.35,448.05,454.15,454.8,458.54,13481344,618175516225000.0,191917.0,3001803.0,0.2227
2019-07-11,TATASTEEL,EQ,454.8,461.3,466.5,453.7,461.25,462.0,460.75,9987038,460153501639999.94,150159.0,1328025.0,0.133
2019-07-12,TATASTEEL,EQ,462.0,464.3,479.45,460.25,472.6,472.9,472.26,13244118,625465478965000.0,158367.0,1761782.0,0.133
2019-07-15,TATASTEEL,EQ,472.9,478.0,478.25,463.35,468.8,468.3,468.09,7806079,365397368145000.0,87607.0,1824359.0,0.23370000000000002
2019-07-16,TATASTEEL,EQ,468.3,465.1,478.6,464.1,475.45,476.7,474.6,6435210,305412536510000.0,89556.0,829741.0,0.12890000000000001
2019-07-17,TATASTEEL,EQ,476.7,476.0,479.8,468.5,475.7,475.7,474.89,5479322,260205794355000.03,76138.0,547803.0,0.1
2019-07-18,TATASTEEL,EQ,475.7,473.0,475.35,463.85,468.0,466.6,468.11,5233173,244971888410000.0,78765.0,926992.0,0.1771
2019-07-19,TATASTEEL,EQ,466.6,470.0,473.0,453.25,459.0,458.05,462.08,7284885,336620222690000.0,90120.0,897402.0,0.1232
2019-07-22,TATASTEEL,EQ,458.05,458.05,467.3,451.2,464.25,465.55,460.64,6954452,320349328375000.0,102413.0,520593.0,0.07490000000000001
2019-07-23,TATASTEEL,EQ,465.55,466.2,467.9,456.75,460.0,459.85,461.24,5529284,255031517944999.97,79225.0,544573.0,0.0985
2019-07-24,TATASTEEL,EQ,459.85,460.95,463.0,443.1,446.1,446.0,448.44,8342001,374085019140000.0,100051.0,2082090.0,0.24960000000000002
2019-07-25,TATASTEEL,EQ,446.0,448.0,451.95,438.3,439.3,440.35,442.81,7528091,333354133770000.0,90165.0,1104773.0,0.1468
2019-07-26,TATASTEEL,EQ,440.35,439.0,448.2,435.65,445.35,445.5,443.61,6585786,292152685695000.0,76647.0,863499.0,0.1311
2019-07-29,TATASTEEL,EQ,445.5,445.55,445.9,431.0,435.45,433.45,436.0,7872723,343247514930000.0,95540.0,952739.0,0.121
2019-07-30,TATASTEEL,EQ,433.45,434.9,441.9,406.2,414.55,415.05,427.68,9462921,404710344355000.0,115375.0,983091.0,0.1039
2019-07-31,TATASTEEL,EQ,415.05,413.0,433.6,409.5,433.0,432.05,423.74,11541800,489071258450000.0,116100.0,2206014.0,0.1911
2019-08-01,TATASTEEL,EQ,432.05,427.5,431.9,414.8,419.7,420.0,422.21,9421985,397803348005000.0,125174.0,1733897.0,0.184
2019-08-02,TATASTEEL,EQ,420.0,413.9,417.15,404.6,407.45,409.1,410.45,13485952,553534583995000.0,163652.0,2105688.0,0.1561
2019-08-05,TATASTEEL,EQ,409.1,403.95,403.95,389.7,399.55,399.25,395.93,11288854,446956181660000.06,144631.0,1950059.0,0.1727
2019-08-06,TATASTEEL,EQ,399.25,393.65,408.0,393.65,399.0,401.6,402.32,10197585,410269182285000.0,128961.0,1831603.0,0.1796
2019-08-07,TATASTEEL,EQ,401.6,395.0,396.5,375.85,378.0,381.9,386.92,13301609,514664980630000.0,171260.0,2464187.0,0.18530000000000002
2019-08-08,TATASTEEL,EQ,381.9,379.0,379.5,360.6,366.5,367.4,367.97,22826394,839932930220000.0,212570.0,3596917.0,0.1576
2019-08-09,TATASTEEL,EQ,367.4,370.5,373.65,360.85,361.45,362.35,367.49,13352761,490703860735000.06,148935.0,1561273.0,0.1169
2019-08-13,TATASTEEL,EQ,362.35,361.7,367.6,345.35,347.8,348.7,355.09,14782051,524889989260000.06,160802.0,2865751.0,0.19390000000000002
2019-08-14,TATASTEEL,EQ,348.7,353.6,370.75,353.4,363.1,364.65,363.9,18738769,681907903845000.0,186427.0,3165119.0,0.16890000000000002
2019-08-16,TATASTEEL,EQ,364.65,360.0,366.9,355.45,361.9,363.05,361.09,11920211,430423774375000.0,116192.0,1469455.0,0.1233
2019-08-19,TATASTEEL,EQ,363.05,365.9,366.95,357.15,359.7,359.55,360.65,9884966,356500647080000.0,109553.0,903102.0,0.09140000000000001
2019-08-20,TATASTEEL,EQ,359.55,359.7,361.85,353.15,358.2,358.25,357.63,9363734,334872560455000.0,95992.0,1158226.0,0.12369999999999999
2019-08-21,TATASTEEL,EQ,358.25,357.0,358.2,341.85,342.0,343.0,347.82,11423378,397323959505000.0,107755.0,2012577.0,0.17620000000000002
2019-08-22,TATASTEEL,EQ,343.0,339.9,346.95,330.4,333.0,333.7,339.05,15459800,524165968060000.06,139733.0,1877198.0,0.12140000000000001
2019-08-23,TATASTEEL,EQ,333.7,333.0,348.95,330.35,343.5,345.25,342.05,11210134,383443706895000.0,111113.0,1283894.0,0.11449999999999999
2019-08-26,TATASTEEL,EQ,345.25,346.4,347.6,322.2,338.0,338.05,332.49,23764999,790174290440000.0,221995.0,2107258.0,0.08869999999999999
2019-08-27,TATASTEEL,EQ,338.05,340.95,354.7,340.15,351.85,350.9,349.53,17375296,607312343775000.0,181088.0,3820125.0,0.21989999999999998
2019-08-28,TATASTEEL,EQ,350.9,350.9,350.9,333.4,335.85,336.95,340.71,12641716,430712651770000.0,124884.0,1663311.0,0.1316
2019-08-29,TATASTEEL,EQ,336.95,334.0,342.65,328.6,337.35,335.55,334.95,13481310,451559966964999.94,131299.0,1103450.0,0.0819
2019-08-30,TATASTEEL,EQ,335.55,342.0,347.5,337.2,346.7,344.9,342.68,17972207,615866836615000.0,178345.0,2095468.0,0.11660000000000001
2019-09-03,TATASTEEL,EQ,344.9,341.0,341.15,329.0,329.3,331.4,334.92,9220653,308821793535000.0,85604.0,1160196.0,0.1258
2019-09-04,TATASTEEL,EQ,331.4,331.4,340.95,327.3,340.95,339.25,334.14,12904710,431193750839999.94,114972.0,951629.0,0.0737
2019-09-05,TATASTEEL,EQ,339.25,346.0,352.0,342.25,344.55,345.15,347.17,14250885,494743138300000.0,131341.0,967257.0,0.0679
2019-09-06,TATASTEEL,EQ,345.15,347.0,357.85,342.85,357.0,355.4,349.96,11555487,404392259725000.0,106765.0,1642320.0,0.1421
2019-09-09,TATASTEEL,EQ,355.4,355.4,360.6,348.15,352.0,353.8,355.08,14329619,508814716950000.0,113963.0,1924779.0,0.1343
2019-09-11,TATASTEEL,EQ,353.8,355.3,368.7,355.2,366.8,367.05,363.84,13650027,496641876510000.06,117996.0,1765356.0,0.1293
2019-09-12,TATASTEEL,EQ,367.05,368.8,379.5,363.0,365.6,365.05,370.92,18846820,699070221285000.0,153994.0,4133537.0,0.2193
2019-09-13,TATASTEEL,EQ,365.05,367.0,369.15,357.75,366.5,367.35,363.25,11622249,422180374795000.0,105655.0,1089378.0,0.09369999999999999
2019-09-16,TATASTEEL,EQ,367.35,362.0,366.4,358.6,361.0,361.1,362.06,8064319,291973322295000.0,82113.0,773566.0,0.0959
2019-09-17,TATASTEEL,EQ,361.1,361.2,366.0,342.05,343.3,344.95,356.15,13198400,470065386835000.06,114351.0,2002686.0,0.1517
2019-09-18,TATASTEEL,EQ,344.95,348.0,361.3,345.35,357.7,358.25,354.67,16253184,576448636145000.0,153093.0,1976785.0,0.1216
2019-09-19,TATASTEEL,EQ,358.25,356.0,356.0,340.05,345.55,344.65,346.18,13656495,472762603700000.0,119159.0,2264335.0,0.16579999999999998
2019-09-20,TATASTEEL,EQ,344.65,347.9,381.0,344.1,370.55,368.55,365.9,26764714,979331700295000.1,222777.0,4751254.0,0.1775
2019-09-23,TATASTEEL,EQ,368.55,377.6,388.85,369.0,377.0,377.35,377.71,16393164,619182748850000.0,163427.0,2595903.0,0.1584
2019-09-24,TATASTEEL,EQ,377.35,378.0,379.3,368.2,370.6,370.8,372.66,9578989,356974170425000.0,85045.0,778752.0,0.08130000000000001
2019-09-25,TATASTEEL,EQ,370.8,367.5,367.95,357.55,361.7,362.05,361.44,9116985,329521027215000.0,107373.0,1280683.0,0.1405
2019-09-26,TATASTEEL,EQ,362.05,365.0,379.35,363.35,377.55,375.75,370.41,14066152,521020574720000.0,135179.0,1967536.0,0.1399
2019-09-27,TATASTEEL,EQ,375.75,373.0,373.5,358.0,358.1,359.65,363.37,10568777,384037966190000.0,127127.0,1745241.0,0.16510000000000002
2019-09-30,TATASTEEL,EQ,359.65,355.0,363.7,345.6,361.9,360.5,352.6,14719696,519023189730000.0,131465.0,2510632.0,0.1706
2019-10-01,TATASTEEL,EQ,360.5,362.0,364.7,344.1,351.0,351.55,353.43,12564189,444055003630000.0,113880.0,1460000.0,0.1162
2019-10-03,TATASTEEL,EQ,351.55,346.5,348.9,338.45,339.55,339.6,343.27,12130956,416416567260000.0,128015.0,1795417.0,0.14800000000000002
2019-10-04,TATASTEEL,EQ,339.6,344.75,344.8,331.1,331.7,333.1,339.29,11445216,388324433065000.0,117923.0,1217682.0,0.10640000000000001
2019-10-07,TATASTEEL,EQ,333.1,334.85,338.25,323.5,325.8,324.8,330.79,12415780,410695379430000.0,133791.0,2117665.0,0.1706
2019-10-09,TATASTEEL,EQ,324.8,323.35,338.0,320.35,338.0,336.45,327.69,14776741,484214041885000.06,141420.0,2237977.0,0.1515
2019-10-10,TATASTEEL,EQ,336.45,332.9,334.55,328.0,329.45,329.95,330.5,11507498,380320191320000.0,97567.0,1304591.0,0.1134
2019-10-11,TATASTEEL,EQ,329.95,335.0,342.45,332.0,338.6,339.0,337.51,17158849,579119867130000.0,134654.0,1197007.0,0.0698
2019-10-14,TATASTEEL,EQ,339.0,345.75,352.75,342.95,344.65,344.85,347.89,16723963,581804064305000.0,145099.0,2999650.0,0.1794
2019-10-15,TATASTEEL,EQ,344.85,345.05,358.35,338.7,349.2,349.2,347.45,17972207,624442761025000.0,136536.0,1557319.0,0.0867
2019-10-16,TATASTEEL,EQ,349.2,353.8,353.8,345.25,346.25,347.4,348.52,12814302,446598876970000.0,117361.0,1654950.0,0.1291
2019-10-17,TATASTEEL,EQ,347.4,346.0,361.35,340.35,359.9,356.1,347.66,16695158,580415930760000.0,143783.0,2641451.0,0.1582
2019-10-18,TATASTEEL,EQ,356.1,355.95,362.8,351.75,357.7,359.6,357.74,16568036,592700900635000.0,127352.0,2529048.0,0.1526
2019-10-22,TATASTEEL,EQ,359.6,357.5,363.8,353.0,353.25,354.5,358.07,11944283,427683441235000.0,109684.0,1184904.0,0.0992
2019-10-23,TATASTEEL,EQ,354.5,352.0,358.75,349.25,355.85,356.2,354.79,9318450,330612240995000.0,88695.0,1243454.0,0.1334
2019-10-24,TATASTEEL,EQ,356.2,356.05,362.0,353.8,359.5,359.9,358.23,10973402,393103369500000.0,96342.0,2056457.0,0.18739999999999998
2019-10-25,TATASTEEL,EQ,359.9,356.3,368.95,356.05,358.2,362.25,364.05,14996692,545959347385000.06,124622.0,3850057.0,0.25670000000000004
2019-10-27,TATASTEEL,EQ,362.25,363.8,365.55,363.1,365.55,365.0,364.8,1082016,39472014825000.0,12377.0,256436.0,0.237
2019-10-29,TATASTEEL,EQ,365.0,365.55,399.7,365.55,388.5,390.2,386.97,25155314,973423261675000.0,195635.0,5482863.0,0.218
2019-10-30,TATASTEEL,EQ,390.2,389.9,393.7,384.3,388.55,388.0,388.25,14371442,557967539410000.06,101240.0,4266207.0,0.2969
2019-10-31,TATASTEEL,EQ,388.0,388.9,390.1,376.2,380.0,380.55,383.69,21756023,834766600875000.0,114081.0,9634747.0,0.4429
